2026-02-20 10:39:42.174 [main] INFO  com.ibrahim.bakkalApp.BakkalAppApplication - Starting BakkalAppApplication using Java 23.0.1 with PID 29468 (C:\Users\8063\IdeaProjects\bakkalApp\bakkalApp\target\classes started by 8063 in C:\Users\8063\IdeaProjects\bakkalApp\bakkalApp)
2026-02-20 10:39:42.185 [main] INFO  com.ibrahim.bakkalApp.BakkalAppApplication - No active profile set, falling back to 1 default profile: "default"
2026-02-20 10:39:43.784 [main] INFO  org.springframework.data.repository.config.RepositoryConfigurationDelegate - Bootstrapping Spring Data JPA repositories in DEFAULT mode.
2026-02-20 10:39:43.947 [main] INFO  org.springframework.data.repository.config.RepositoryConfigurationDelegate - Finished Spring Data repository scanning in 138 ms. Found 5 JPA repository interfaces.
2026-02-20 10:39:45.049 [main] INFO  org.springframework.boot.web.embedded.tomcat.TomcatWebServer - Tomcat initialized with port 8080 (http)
2026-02-20 10:39:45.066 [main] INFO  org.apache.coyote.http11.Http11NioProtocol - Initializing ProtocolHandler ["http-nio-8080"]
2026-02-20 10:39:45.068 [main] INFO  org.apache.catalina.core.StandardService - Starting service [Tomcat]
2026-02-20 10:39:45.069 [main] INFO  org.apache.catalina.core.StandardEngine - Starting Servlet engine: [Apache Tomcat/10.1.34]
2026-02-20 10:39:45.164 [main] INFO  org.apache.catalina.core.ContainerBase.[Tomcat].[localhost].[/] - Initializing Spring embedded WebApplicationContext
2026-02-20 10:39:45.166 [main] INFO  org.springframework.boot.web.servlet.context.ServletWebServerApplicationContext - Root WebApplicationContext: initialization completed in 2911 ms
2026-02-20 10:39:46.403 [main] INFO  org.springframework.orm.jpa.persistenceunit.SpringPersistenceUnitInfo - No LoadTimeWeaver setup: ignoring JPA class transformer
2026-02-20 10:39:46.460 [main] INFO  com.zaxxer.hikari.HikariDataSource - HikariPool-1 - Starting...
2026-02-20 10:39:47.020 [main] INFO  com.zaxxer.hikari.pool.HikariPool - HikariPool-1 - Added connection conn0: url=jdbc:h2:file:./data/testdb user=SA
2026-02-20 10:39:47.024 [main] INFO  com.zaxxer.hikari.HikariDataSource - HikariPool-1 - Start completed.
2026-02-20 10:39:47.066 [main] WARN  org.hibernate.orm.deprecation - HHH90000025: H2Dialect does not need to be specified explicitly using 'hibernate.dialect' (remove the property setting and it will be selected by default)
2026-02-20 10:39:48.831 [main] INFO  org.springframework.orm.jpa.LocalContainerEntityManagerFactoryBean - Initialized JPA EntityManagerFactory for persistence unit 'default'
2026-02-20 10:39:49.915 [main] INFO  org.springframework.security.config.annotation.authentication.configuration.InitializeUserDetailsBeanManagerConfigurer$InitializeUserDetailsManagerConfigurer - Global AuthenticationManager configured with UserDetailsService bean with name customUserDetailsService
2026-02-20 10:39:50.823 [main] INFO  org.springframework.boot.actuate.endpoint.web.EndpointLinksResolver - Exposing 1 endpoint beneath base path '/actuator'
2026-02-20 10:39:51.833 [main] INFO  org.springframework.boot.autoconfigure.h2.H2ConsoleAutoConfiguration - H2 console available at '/h2-console'. Database available at 'jdbc:h2:file:./data/testdb'
2026-02-20 10:39:52.552 [main] INFO  org.apache.coyote.http11.Http11NioProtocol - Starting ProtocolHandler ["http-nio-8080"]
2026-02-20 10:39:52.569 [main] WARN  org.springframework.boot.web.servlet.context.AnnotationConfigServletWebServerApplicationContext - Exception encountered during context initialization - cancelling refresh attempt: org.springframework.context.ApplicationContextException: Failed to start bean 'webServerStartStop'
2026-02-20 10:39:52.575 [main] INFO  org.springframework.orm.jpa.LocalContainerEntityManagerFactoryBean - Closing JPA EntityManagerFactory for persistence unit 'default'
2026-02-20 10:39:52.580 [main] INFO  com.zaxxer.hikari.HikariDataSource - HikariPool-1 - Shutdown initiated...
2026-02-20 10:39:52.675 [main] INFO  com.zaxxer.hikari.HikariDataSource - HikariPool-1 - Shutdown completed.
2026-02-20 10:39:52.695 [main] INFO  org.springframework.boot.autoconfigure.logging.ConditionEvaluationReportLogger - 

Error starting ApplicationContext. To display the condition evaluation report re-run your application with 'debug' enabled.
2026-02-20 10:39:52.720 [main] ERROR org.springframework.boot.diagnostics.LoggingFailureAnalysisReporter - 

***************************
APPLICATION FAILED TO START
***************************

Description:

Web server failed to start. Port 8080 was already in use.

Action:

Identify and stop the process that's listening on port 8080 or configure this application to listen on another port.

2026-02-20 10:41:21.124 [main] INFO  com.ibrahim.bakkalApp.BakkalAppApplication - Starting BakkalAppApplication using Java 23.0.1 with PID 5368 (C:\Users\8063\IdeaProjects\bakkalApp\bakkalApp\target\classes started by 8063 in C:\Users\8063\IdeaProjects\bakkalApp\bakkalApp)
2026-02-20 10:41:21.136 [main] INFO  com.ibrahim.bakkalApp.BakkalAppApplication - No active profile set, falling back to 1 default profile: "default"
2026-02-20 10:41:22.898 [main] INFO  org.springframework.data.repository.config.RepositoryConfigurationDelegate - Bootstrapping Spring Data JPA repositories in DEFAULT mode.
2026-02-20 10:41:23.093 [main] INFO  org.springframework.data.repository.config.RepositoryConfigurationDelegate - Finished Spring Data repository scanning in 172 ms. Found 5 JPA repository interfaces.
2026-02-20 10:41:24.701 [main] INFO  org.springframework.boot.web.embedded.tomcat.TomcatWebServer - Tomcat initialized with port 8080 (http)
2026-02-20 10:41:24.744 [main] INFO  org.apache.coyote.http11.Http11NioProtocol - Initializing ProtocolHandler ["http-nio-8080"]
2026-02-20 10:41:24.750 [main] INFO  org.apache.catalina.core.StandardService - Starting service [Tomcat]
2026-02-20 10:41:24.751 [main] INFO  org.apache.catalina.core.StandardEngine - Starting Servlet engine: [Apache Tomcat/10.1.34]
2026-02-20 10:41:24.911 [main] INFO  org.apache.catalina.core.ContainerBase.[Tomcat].[localhost].[/] - Initializing Spring embedded WebApplicationContext
2026-02-20 10:41:24.914 [main] INFO  org.springframework.boot.web.servlet.context.ServletWebServerApplicationContext - Root WebApplicationContext: initialization completed in 3661 ms
2026-02-20 10:41:26.276 [main] INFO  org.springframework.orm.jpa.persistenceunit.SpringPersistenceUnitInfo - No LoadTimeWeaver setup: ignoring JPA class transformer
2026-02-20 10:41:26.312 [main] INFO  com.zaxxer.hikari.HikariDataSource - HikariPool-1 - Starting...
2026-02-20 10:41:26.663 [main] INFO  com.zaxxer.hikari.pool.HikariPool - HikariPool-1 - Added connection conn0: url=jdbc:h2:file:./data/testdb user=SA
2026-02-20 10:41:26.666 [main] INFO  com.zaxxer.hikari.HikariDataSource - HikariPool-1 - Start completed.
2026-02-20 10:41:26.707 [main] WARN  org.hibernate.orm.deprecation - HHH90000025: H2Dialect does not need to be specified explicitly using 'hibernate.dialect' (remove the property setting and it will be selected by default)
2026-02-20 10:41:28.242 [main] INFO  org.springframework.orm.jpa.LocalContainerEntityManagerFactoryBean - Initialized JPA EntityManagerFactory for persistence unit 'default'
2026-02-20 10:41:29.413 [main] INFO  org.springframework.security.config.annotation.authentication.configuration.InitializeUserDetailsBeanManagerConfigurer$InitializeUserDetailsManagerConfigurer - Global AuthenticationManager configured with UserDetailsService bean with name customUserDetailsService
2026-02-20 10:41:29.990 [main] INFO  org.springframework.boot.actuate.endpoint.web.EndpointLinksResolver - Exposing 1 endpoint beneath base path '/actuator'
2026-02-20 10:41:31.240 [main] INFO  org.springframework.boot.autoconfigure.h2.H2ConsoleAutoConfiguration - H2 console available at '/h2-console'. Database available at 'jdbc:h2:file:./data/testdb'
2026-02-20 10:41:32.018 [main] INFO  org.apache.coyote.http11.Http11NioProtocol - Starting ProtocolHandler ["http-nio-8080"]
2026-02-20 10:41:32.040 [main] WARN  org.springframework.boot.web.servlet.context.AnnotationConfigServletWebServerApplicationContext - Exception encountered during context initialization - cancelling refresh attempt: org.springframework.context.ApplicationContextException: Failed to start bean 'webServerStartStop'
2026-02-20 10:41:32.048 [main] INFO  org.springframework.orm.jpa.LocalContainerEntityManagerFactoryBean - Closing JPA EntityManagerFactory for persistence unit 'default'
2026-02-20 10:41:32.050 [main] INFO  com.zaxxer.hikari.HikariDataSource - HikariPool-1 - Shutdown initiated...
2026-02-20 10:41:32.064 [main] INFO  com.zaxxer.hikari.HikariDataSource - HikariPool-1 - Shutdown completed.
2026-02-20 10:41:32.086 [main] INFO  org.springframework.boot.autoconfigure.logging.ConditionEvaluationReportLogger - 

Error starting ApplicationContext. To display the condition evaluation report re-run your application with 'debug' enabled.
2026-02-20 10:41:32.110 [main] ERROR org.springframework.boot.diagnostics.LoggingFailureAnalysisReporter - 

***************************
APPLICATION FAILED TO START
***************************

Description:

Web server failed to start. Port 8080 was already in use.

Action:

Identify and stop the process that's listening on port 8080 or configure this application to listen on another port.

2026-02-20 10:41:55.313 [main] INFO  com.ibrahim.bakkalApp.BakkalAppApplication - Starting BakkalAppApplication using Java 23.0.1 with PID 7396 (C:\Users\8063\IdeaProjects\bakkalApp\bakkalApp\target\classes started by 8063 in C:\Users\8063\IdeaProjects\bakkalApp\bakkalApp)
2026-02-20 10:41:55.325 [main] INFO  com.ibrahim.bakkalApp.BakkalAppApplication - No active profile set, falling back to 1 default profile: "default"
2026-02-20 10:41:56.845 [main] INFO  org.springframework.data.repository.config.RepositoryConfigurationDelegate - Bootstrapping Spring Data JPA repositories in DEFAULT mode.
2026-02-20 10:41:56.965 [main] INFO  org.springframework.data.repository.config.RepositoryConfigurationDelegate - Finished Spring Data repository scanning in 100 ms. Found 5 JPA repository interfaces.
2026-02-20 10:41:58.171 [main] INFO  org.springframework.boot.web.embedded.tomcat.TomcatWebServer - Tomcat initialized with port 8080 (http)
2026-02-20 10:41:58.196 [main] INFO  org.apache.coyote.http11.Http11NioProtocol - Initializing ProtocolHandler ["http-nio-8080"]
2026-02-20 10:41:58.199 [main] INFO  org.apache.catalina.core.StandardService - Starting service [Tomcat]
2026-02-20 10:41:58.199 [main] INFO  org.apache.catalina.core.StandardEngine - Starting Servlet engine: [Apache Tomcat/10.1.34]
2026-02-20 10:41:58.304 [main] INFO  org.apache.catalina.core.ContainerBase.[Tomcat].[localhost].[/] - Initializing Spring embedded WebApplicationContext
2026-02-20 10:41:58.307 [main] INFO  org.springframework.boot.web.servlet.context.ServletWebServerApplicationContext - Root WebApplicationContext: initialization completed in 2922 ms
2026-02-20 10:41:59.456 [main] INFO  org.springframework.orm.jpa.persistenceunit.SpringPersistenceUnitInfo - No LoadTimeWeaver setup: ignoring JPA class transformer
2026-02-20 10:41:59.489 [main] INFO  com.zaxxer.hikari.HikariDataSource - HikariPool-1 - Starting...
2026-02-20 10:41:59.921 [main] INFO  com.zaxxer.hikari.pool.HikariPool - HikariPool-1 - Added connection conn0: url=jdbc:h2:file:./data/testdb user=SA
2026-02-20 10:41:59.927 [main] INFO  com.zaxxer.hikari.HikariDataSource - HikariPool-1 - Start completed.
2026-02-20 10:41:59.980 [main] WARN  org.hibernate.orm.deprecation - HHH90000025: H2Dialect does not need to be specified explicitly using 'hibernate.dialect' (remove the property setting and it will be selected by default)
2026-02-20 10:42:01.618 [main] INFO  org.springframework.orm.jpa.LocalContainerEntityManagerFactoryBean - Initialized JPA EntityManagerFactory for persistence unit 'default'
2026-02-20 10:42:02.245 [main] INFO  org.springframework.security.config.annotation.authentication.configuration.InitializeUserDetailsBeanManagerConfigurer$InitializeUserDetailsManagerConfigurer - Global AuthenticationManager configured with UserDetailsService bean with name customUserDetailsService
2026-02-20 10:42:02.927 [main] INFO  org.springframework.boot.actuate.endpoint.web.EndpointLinksResolver - Exposing 1 endpoint beneath base path '/actuator'
2026-02-20 10:42:03.466 [main] INFO  org.springframework.boot.autoconfigure.h2.H2ConsoleAutoConfiguration - H2 console available at '/h2-console'. Database available at 'jdbc:h2:file:./data/testdb'
2026-02-20 10:42:03.707 [main] INFO  org.apache.coyote.http11.Http11NioProtocol - Starting ProtocolHandler ["http-nio-8080"]
2026-02-20 10:42:03.714 [main] WARN  org.springframework.boot.web.servlet.context.AnnotationConfigServletWebServerApplicationContext - Exception encountered during context initialization - cancelling refresh attempt: org.springframework.context.ApplicationContextException: Failed to start bean 'webServerStartStop'
2026-02-20 10:42:03.717 [main] INFO  org.springframework.orm.jpa.LocalContainerEntityManagerFactoryBean - Closing JPA EntityManagerFactory for persistence unit 'default'
2026-02-20 10:42:03.718 [main] INFO  com.zaxxer.hikari.HikariDataSource - HikariPool-1 - Shutdown initiated...
2026-02-20 10:42:03.751 [main] INFO  com.zaxxer.hikari.HikariDataSource - HikariPool-1 - Shutdown completed.
2026-02-20 10:42:03.761 [main] INFO  org.springframework.boot.autoconfigure.logging.ConditionEvaluationReportLogger - 

Error starting ApplicationContext. To display the condition evaluation report re-run your application with 'debug' enabled.
2026-02-20 10:42:03.771 [main] ERROR org.springframework.boot.diagnostics.LoggingFailureAnalysisReporter - 

***************************
APPLICATION FAILED TO START
***************************

Description:

Web server failed to start. Port 8080 was already in use.

Action:

Identify and stop the process that's listening on port 8080 or configure this application to listen on another port.

2026-02-20 10:42:43.831 [main] INFO  com.ibrahim.bakkalApp.BakkalAppApplication - Starting BakkalAppApplication using Java 23.0.1 with PID 17032 (C:\Users\8063\IdeaProjects\bakkalApp\bakkalApp\target\classes started by 8063 in C:\Users\8063\IdeaProjects\bakkalApp\bakkalApp)
2026-02-20 10:42:43.863 [main] INFO  com.ibrahim.bakkalApp.BakkalAppApplication - No active profile set, falling back to 1 default profile: "default"
2026-02-20 10:42:45.196 [main] INFO  org.springframework.data.repository.config.RepositoryConfigurationDelegate - Bootstrapping Spring Data JPA repositories in DEFAULT mode.
2026-02-20 10:42:45.266 [main] INFO  org.springframework.data.repository.config.RepositoryConfigurationDelegate - Finished Spring Data repository scanning in 61 ms. Found 5 JPA repository interfaces.
2026-02-20 10:42:46.149 [main] INFO  org.springframework.boot.web.embedded.tomcat.TomcatWebServer - Tomcat initialized with port 8085 (http)
2026-02-20 10:42:46.169 [main] INFO  org.apache.coyote.http11.Http11NioProtocol - Initializing ProtocolHandler ["http-nio-8085"]
2026-02-20 10:42:46.171 [main] INFO  org.apache.catalina.core.StandardService - Starting service [Tomcat]
2026-02-20 10:42:46.172 [main] INFO  org.apache.catalina.core.StandardEngine - Starting Servlet engine: [Apache Tomcat/10.1.34]
2026-02-20 10:42:46.255 [main] INFO  org.apache.catalina.core.ContainerBase.[Tomcat].[localhost].[/] - Initializing Spring embedded WebApplicationContext
2026-02-20 10:42:46.257 [main] INFO  org.springframework.boot.web.servlet.context.ServletWebServerApplicationContext - Root WebApplicationContext: initialization completed in 2311 ms
2026-02-20 10:42:47.059 [main] INFO  org.springframework.orm.jpa.persistenceunit.SpringPersistenceUnitInfo - No LoadTimeWeaver setup: ignoring JPA class transformer
2026-02-20 10:42:47.094 [main] INFO  com.zaxxer.hikari.HikariDataSource - HikariPool-1 - Starting...
2026-02-20 10:42:47.589 [main] INFO  com.zaxxer.hikari.pool.HikariPool - HikariPool-1 - Added connection conn0: url=jdbc:h2:file:./data/testdb user=SA
2026-02-20 10:42:47.595 [main] INFO  com.zaxxer.hikari.HikariDataSource - HikariPool-1 - Start completed.
2026-02-20 10:42:47.665 [main] WARN  org.hibernate.orm.deprecation - HHH90000025: H2Dialect does not need to be specified explicitly using 'hibernate.dialect' (remove the property setting and it will be selected by default)
2026-02-20 10:42:49.171 [main] INFO  org.springframework.orm.jpa.LocalContainerEntityManagerFactoryBean - Initialized JPA EntityManagerFactory for persistence unit 'default'
2026-02-20 10:42:49.914 [main] INFO  org.springframework.security.config.annotation.authentication.configuration.InitializeUserDetailsBeanManagerConfigurer$InitializeUserDetailsManagerConfigurer - Global AuthenticationManager configured with UserDetailsService bean with name customUserDetailsService
2026-02-20 10:42:50.549 [main] INFO  org.springframework.boot.actuate.endpoint.web.EndpointLinksResolver - Exposing 1 endpoint beneath base path '/actuator'
2026-02-20 10:42:51.034 [main] INFO  org.springframework.boot.autoconfigure.h2.H2ConsoleAutoConfiguration - H2 console available at '/h2-console'. Database available at 'jdbc:h2:file:./data/testdb'
2026-02-20 10:42:51.484 [main] INFO  org.apache.coyote.http11.Http11NioProtocol - Starting ProtocolHandler ["http-nio-8085"]
2026-02-20 10:42:51.509 [main] INFO  org.springframework.boot.web.embedded.tomcat.TomcatWebServer - Tomcat started on port 8085 (http) with context path '/'
2026-02-20 10:42:51.526 [main] INFO  com.ibrahim.bakkalApp.BakkalAppApplication - Started BakkalAppApplication in 8.338 seconds (process running for 9.348)
2026-02-20 10:43:20.654 [http-nio-8085-exec-1] INFO  org.apache.catalina.core.ContainerBase.[Tomcat].[localhost].[/] - Initializing Spring DispatcherServlet 'dispatcherServlet'
2026-02-20 10:43:20.655 [http-nio-8085-exec-1] INFO  org.springframework.web.servlet.DispatcherServlet - Initializing Servlet 'dispatcherServlet'
2026-02-20 10:43:20.658 [http-nio-8085-exec-1] INFO  org.springframework.web.servlet.DispatcherServlet - Completed initialization in 2 ms
2026-02-20 10:49:56.862 [SpringApplicationShutdownHook] INFO  org.springframework.boot.web.embedded.tomcat.GracefulShutdown - Commencing graceful shutdown. Waiting for active requests to complete
2026-02-20 10:49:56.911 [tomcat-shutdown] INFO  org.springframework.boot.web.embedded.tomcat.GracefulShutdown - Graceful shutdown complete
2026-02-20 10:49:56.933 [SpringApplicationShutdownHook] INFO  org.springframework.orm.jpa.LocalContainerEntityManagerFactoryBean - Closing JPA EntityManagerFactory for persistence unit 'default'
2026-02-20 10:49:56.936 [SpringApplicationShutdownHook] INFO  com.zaxxer.hikari.HikariDataSource - HikariPool-1 - Shutdown initiated...
2026-02-20 10:49:56.942 [SpringApplicationShutdownHook] INFO  com.zaxxer.hikari.HikariDataSource - HikariPool-1 - Shutdown completed.
2026-02-20 10:50:29.793 [main] INFO  com.ibrahim.bakkalApp.BakkalAppApplication - Starting BakkalAppApplication using Java 23.0.1 with PID 1832 (C:\Users\8063\IdeaProjects\bakkalApp\bakkalApp\target\classes started by 8063 in C:\Users\8063\IdeaProjects\bakkalApp\bakkalApp)
2026-02-20 10:50:29.818 [main] INFO  com.ibrahim.bakkalApp.BakkalAppApplication - No active profile set, falling back to 1 default profile: "default"
2026-02-20 10:50:31.547 [main] INFO  org.springframework.data.repository.config.RepositoryConfigurationDelegate - Bootstrapping Spring Data JPA repositories in DEFAULT mode.
2026-02-20 10:50:31.687 [main] INFO  org.springframework.data.repository.config.RepositoryConfigurationDelegate - Finished Spring Data repository scanning in 120 ms. Found 5 JPA repository interfaces.
2026-02-20 10:50:33.071 [main] INFO  org.springframework.boot.web.embedded.tomcat.TomcatWebServer - Tomcat initialized with port 8085 (http)
2026-02-20 10:50:33.114 [main] INFO  org.apache.coyote.http11.Http11NioProtocol - Initializing ProtocolHandler ["http-nio-8085"]
2026-02-20 10:50:33.118 [main] INFO  org.apache.catalina.core.StandardService - Starting service [Tomcat]
2026-02-20 10:50:33.120 [main] INFO  org.apache.catalina.core.StandardEngine - Starting Servlet engine: [Apache Tomcat/10.1.34]
2026-02-20 10:50:33.222 [main] INFO  org.apache.catalina.core.ContainerBase.[Tomcat].[localhost].[/] - Initializing Spring embedded WebApplicationContext
2026-02-20 10:50:33.225 [main] INFO  org.springframework.boot.web.servlet.context.ServletWebServerApplicationContext - Root WebApplicationContext: initialization completed in 3287 ms
2026-02-20 10:50:34.533 [main] INFO  org.springframework.orm.jpa.persistenceunit.SpringPersistenceUnitInfo - No LoadTimeWeaver setup: ignoring JPA class transformer
2026-02-20 10:50:34.610 [main] INFO  com.zaxxer.hikari.HikariDataSource - HikariPool-1 - Starting...
2026-02-20 10:50:35.091 [main] INFO  com.zaxxer.hikari.pool.HikariPool - HikariPool-1 - Added connection conn0: url=jdbc:h2:file:./data/testdb user=SA
2026-02-20 10:50:35.093 [main] INFO  com.zaxxer.hikari.HikariDataSource - HikariPool-1 - Start completed.
2026-02-20 10:50:35.125 [main] WARN  org.hibernate.orm.deprecation - HHH90000025: H2Dialect does not need to be specified explicitly using 'hibernate.dialect' (remove the property setting and it will be selected by default)
2026-02-20 10:50:36.831 [main] INFO  org.springframework.orm.jpa.LocalContainerEntityManagerFactoryBean - Initialized JPA EntityManagerFactory for persistence unit 'default'
2026-02-20 10:50:37.593 [main] INFO  org.springframework.security.config.annotation.authentication.configuration.InitializeUserDetailsBeanManagerConfigurer$InitializeUserDetailsManagerConfigurer - Global AuthenticationManager configured with UserDetailsService bean with name customUserDetailsService
2026-02-20 10:50:37.798 [main] WARN  org.springframework.boot.web.servlet.context.AnnotationConfigServletWebServerApplicationContext - Exception encountered during context initialization - cancelling refresh attempt: org.springframework.beans.factory.BeanCreationException: Error creating bean with name 'org.springframework.security.config.annotation.web.configuration.WebSecurityConfiguration': Injection of autowired dependencies failed
2026-02-20 10:50:37.799 [main] INFO  org.springframework.orm.jpa.LocalContainerEntityManagerFactoryBean - Closing JPA EntityManagerFactory for persistence unit 'default'
2026-02-20 10:50:37.802 [main] INFO  com.zaxxer.hikari.HikariDataSource - HikariPool-1 - Shutdown initiated...
2026-02-20 10:50:37.811 [main] INFO  com.zaxxer.hikari.HikariDataSource - HikariPool-1 - Shutdown completed.
2026-02-20 10:50:37.815 [main] INFO  org.apache.catalina.core.StandardService - Stopping service [Tomcat]
2026-02-20 10:50:37.848 [main] INFO  org.springframework.boot.autoconfigure.logging.ConditionEvaluationReportLogger - 

Error starting ApplicationContext. To display the condition evaluation report re-run your application with 'debug' enabled.
2026-02-20 10:50:37.867 [main] ERROR org.springframework.boot.SpringApplication - Application run failed
org.springframework.beans.factory.BeanCreationException: Error creating bean with name 'org.springframework.security.config.annotation.web.configuration.WebSecurityConfiguration': Injection of autowired dependencies failed
	at org.springframework.beans.factory.annotation.AutowiredAnnotationBeanPostProcessor.postProcessProperties(AutowiredAnnotationBeanPostProcessor.java:515) ~[spring-beans-6.2.1.jar:6.2.1]
	at org.springframework.beans.factory.support.AbstractAutowireCapableBeanFactory.populateBean(AbstractAutowireCapableBeanFactory.java:1441) ~[spring-beans-6.2.1.jar:6.2.1]
	at org.springframework.beans.factory.support.AbstractAutowireCapableBeanFactory.doCreateBean(AbstractAutowireCapableBeanFactory.java:600) ~[spring-beans-6.2.1.jar:6.2.1]
	at org.springframework.beans.factory.support.AbstractAutowireCapableBeanFactory.createBean(AbstractAutowireCapableBeanFactory.java:523) ~[spring-beans-6.2.1.jar:6.2.1]
	at org.springframework.beans.factory.support.AbstractBeanFactory.lambda$doGetBean$0(AbstractBeanFactory.java:336) ~[spring-beans-6.2.1.jar:6.2.1]
	at org.springframework.beans.factory.support.DefaultSingletonBeanRegistry.getSingleton(DefaultSingletonBeanRegistry.java:289) ~[spring-beans-6.2.1.jar:6.2.1]
	at org.springframework.beans.factory.support.AbstractBeanFactory.doGetBean(AbstractBeanFactory.java:334) ~[spring-beans-6.2.1.jar:6.2.1]
	at org.springframework.beans.factory.support.AbstractBeanFactory.getBean(AbstractBeanFactory.java:199) ~[spring-beans-6.2.1.jar:6.2.1]
	at org.springframework.beans.factory.support.DefaultListableBeanFactory.instantiateSingleton(DefaultListableBeanFactory.java:1122) ~[spring-beans-6.2.1.jar:6.2.1]
	at org.springframework.beans.factory.support.DefaultListableBeanFactory.preInstantiateSingleton(DefaultListableBeanFactory.java:1093) ~[spring-beans-6.2.1.jar:6.2.1]
	at org.springframework.beans.factory.support.DefaultListableBeanFactory.preInstantiateSingletons(DefaultListableBeanFactory.java:1030) ~[spring-beans-6.2.1.jar:6.2.1]
	at org.springframework.context.support.AbstractApplicationContext.finishBeanFactoryInitialization(AbstractApplicationContext.java:987) ~[spring-context-6.2.1.jar:6.2.1]
	at org.springframework.context.support.AbstractApplicationContext.refresh(AbstractApplicationContext.java:627) ~[spring-context-6.2.1.jar:6.2.1]
	at org.springframework.boot.web.servlet.context.ServletWebServerApplicationContext.refresh(ServletWebServerApplicationContext.java:146) ~[spring-boot-3.4.1.jar:3.4.1]
	at org.springframework.boot.SpringApplication.refresh(SpringApplication.java:752) [spring-boot-3.4.1.jar:3.4.1]
	at org.springframework.boot.SpringApplication.refreshContext(SpringApplication.java:439) [spring-boot-3.4.1.jar:3.4.1]
	at org.springframework.boot.SpringApplication.run(SpringApplication.java:318) [spring-boot-3.4.1.jar:3.4.1]
	at org.springframework.boot.SpringApplication.run(SpringApplication.java:1361) [spring-boot-3.4.1.jar:3.4.1]
	at org.springframework.boot.SpringApplication.run(SpringApplication.java:1350) [spring-boot-3.4.1.jar:3.4.1]
	at com.ibrahim.bakkalApp.BakkalAppApplication.main(BakkalAppApplication.java:12) [classes/:?]
Caused by: java.lang.RuntimeException: Could not postProcess org.springframework.security.config.annotation.web.builders.WebSecurity@29fa465a of type class org.springframework.security.config.annotation.web.builders.WebSecurity
	at org.springframework.security.config.annotation.configuration.AutowireBeanFactoryObjectPostProcessor.postProcess(AutowireBeanFactoryObjectPostProcessor.java:71) ~[spring-security-config-6.4.2.jar:6.4.2]
	at org.springframework.security.config.annotation.web.configuration.WebSecurityConfiguration.setFilterChainProxySecurityConfigurer(WebSecurityConfiguration.java:145) ~[spring-security-config-6.4.2.jar:6.4.2]
	at java.base/jdk.internal.reflect.DirectMethodHandleAccessor.invoke(DirectMethodHandleAccessor.java:103) ~[?:?]
	at java.base/java.lang.reflect.Method.invoke(Method.java:580) ~[?:?]
	at org.springframework.beans.factory.annotation.AutowiredAnnotationBeanPostProcessor$AutowiredMethodElement.inject(AutowiredAnnotationBeanPostProcessor.java:854) ~[spring-beans-6.2.1.jar:6.2.1]
	at org.springframework.beans.factory.annotation.InjectionMetadata.inject(InjectionMetadata.java:146) ~[spring-beans-6.2.1.jar:6.2.1]
	at org.springframework.beans.factory.annotation.AutowiredAnnotationBeanPostProcessor.postProcessProperties(AutowiredAnnotationBeanPostProcessor.java:509) ~[spring-beans-6.2.1.jar:6.2.1]
	... 19 more
Caused by: org.springframework.beans.factory.BeanCreationException: Error creating bean with name 'mvcHandlerMappingIntrospectorRequestTransformer': Cannot resolve reference to bean 'mvcHandlerMappingIntrospector' while setting constructor argument
	at org.springframework.beans.factory.support.BeanDefinitionValueResolver.resolveReference(BeanDefinitionValueResolver.java:377) ~[spring-beans-6.2.1.jar:6.2.1]
	at org.springframework.beans.factory.support.BeanDefinitionValueResolver.resolveValueIfNecessary(BeanDefinitionValueResolver.java:135) ~[spring-beans-6.2.1.jar:6.2.1]
	at org.springframework.beans.factory.support.ConstructorResolver.resolveConstructorArguments(ConstructorResolver.java:691) ~[spring-beans-6.2.1.jar:6.2.1]
	at org.springframework.beans.factory.support.ConstructorResolver.autowireConstructor(ConstructorResolver.java:206) ~[spring-beans-6.2.1.jar:6.2.1]
	at org.springframework.beans.factory.support.AbstractAutowireCapableBeanFactory.autowireConstructor(AbstractAutowireCapableBeanFactory.java:1377) ~[spring-beans-6.2.1.jar:6.2.1]
	at org.springframework.beans.factory.support.AbstractAutowireCapableBeanFactory.createBeanInstance(AbstractAutowireCapableBeanFactory.java:1214) ~[spring-beans-6.2.1.jar:6.2.1]
	at org.springframework.beans.factory.support.AbstractAutowireCapableBeanFactory.doCreateBean(AbstractAutowireCapableBeanFactory.java:563) ~[spring-beans-6.2.1.jar:6.2.1]
	at org.springframework.beans.factory.support.AbstractAutowireCapableBeanFactory.createBean(AbstractAutowireCapableBeanFactory.java:523) ~[spring-beans-6.2.1.jar:6.2.1]
	at org.springframework.beans.factory.support.AbstractBeanFactory.lambda$doGetBean$0(AbstractBeanFactory.java:336) ~[spring-beans-6.2.1.jar:6.2.1]
	at org.springframework.beans.factory.support.DefaultSingletonBeanRegistry.getSingleton(DefaultSingletonBeanRegistry.java:289) ~[spring-beans-6.2.1.jar:6.2.1]
	at org.springframework.beans.factory.support.AbstractBeanFactory.doGetBean(AbstractBeanFactory.java:334) ~[spring-beans-6.2.1.jar:6.2.1]
	at org.springframework.beans.factory.support.AbstractBeanFactory.getBean(AbstractBeanFactory.java:224) ~[spring-beans-6.2.1.jar:6.2.1]
	at org.springframework.beans.factory.support.DefaultListableBeanFactory.resolveNamedBean(DefaultListableBeanFactory.java:1489) ~[spring-beans-6.2.1.jar:6.2.1]
	at org.springframework.beans.factory.support.DefaultListableBeanFactory.resolveNamedBean(DefaultListableBeanFactory.java:1450) ~[spring-beans-6.2.1.jar:6.2.1]
	at org.springframework.beans.factory.support.DefaultListableBeanFactory.resolveBean(DefaultListableBeanFactory.java:516) ~[spring-beans-6.2.1.jar:6.2.1]
	at org.springframework.beans.factory.support.DefaultListableBeanFactory$1.getIfUnique(DefaultListableBeanFactory.java:468) ~[spring-beans-6.2.1.jar:6.2.1]
	at org.springframework.security.config.annotation.web.builders.WebSecurity.setApplicationContext(WebSecurity.java:428) ~[spring-security-config-6.4.2.jar:6.4.2]
	at org.springframework.context.support.ApplicationContextAwareProcessor.invokeAwareInterfaces(ApplicationContextAwareProcessor.java:110) ~[spring-context-6.2.1.jar:6.2.1]
	at org.springframework.context.support.ApplicationContextAwareProcessor.postProcessBeforeInitialization(ApplicationContextAwareProcessor.java:85) ~[spring-context-6.2.1.jar:6.2.1]
	at org.springframework.beans.factory.support.AbstractAutowireCapableBeanFactory.applyBeanPostProcessorsBeforeInitialization(AbstractAutowireCapableBeanFactory.java:423) ~[spring-beans-6.2.1.jar:6.2.1]
	at org.springframework.beans.factory.support.AbstractAutowireCapableBeanFactory.initializeBean(AbstractAutowireCapableBeanFactory.java:1800) ~[spring-beans-6.2.1.jar:6.2.1]
	at org.springframework.beans.factory.support.AbstractAutowireCapableBeanFactory.initializeBean(AbstractAutowireCapableBeanFactory.java:413) ~[spring-beans-6.2.1.jar:6.2.1]
	at org.springframework.security.config.annotation.configuration.AutowireBeanFactoryObjectPostProcessor.initializeBeanIfNeeded(AutowireBeanFactoryObjectPostProcessor.java:98) ~[spring-security-config-6.4.2.jar:6.4.2]
	at org.springframework.security.config.annotation.configuration.AutowireBeanFactoryObjectPostProcessor.postProcess(AutowireBeanFactoryObjectPostProcessor.java:67) ~[spring-security-config-6.4.2.jar:6.4.2]
	at org.springframework.security.config.annotation.web.configuration.WebSecurityConfiguration.setFilterChainProxySecurityConfigurer(WebSecurityConfiguration.java:145) ~[spring-security-config-6.4.2.jar:6.4.2]
	at java.base/jdk.internal.reflect.DirectMethodHandleAccessor.invoke(DirectMethodHandleAccessor.java:103) ~[?:?]
	at java.base/java.lang.reflect.Method.invoke(Method.java:580) ~[?:?]
	at org.springframework.beans.factory.annotation.AutowiredAnnotationBeanPostProcessor$AutowiredMethodElement.inject(AutowiredAnnotationBeanPostProcessor.java:854) ~[spring-beans-6.2.1.jar:6.2.1]
	at org.springframework.beans.factory.annotation.InjectionMetadata.inject(InjectionMetadata.java:146) ~[spring-beans-6.2.1.jar:6.2.1]
	at org.springframework.beans.factory.annotation.AutowiredAnnotationBeanPostProcessor.postProcessProperties(AutowiredAnnotationBeanPostProcessor.java:509) ~[spring-beans-6.2.1.jar:6.2.1]
	... 19 more
Caused by: org.springframework.beans.factory.BeanCreationException: Error creating bean with name 'mvcHandlerMappingIntrospector' defined in class path resource [org/springframework/boot/autoconfigure/web/servlet/WebMvcAutoConfiguration$EnableWebMvcConfiguration.class]: Error creating bean with name 'requestMappingHandlerMapping' defined in class path resource [org/springframework/boot/autoconfigure/web/servlet/WebMvcAutoConfiguration$EnableWebMvcConfiguration.class]: Ambiguous mapping. Cannot map 'homeController' method 
com.ibrahim.bakkalApp.controller.HomeController#defaultAfterLogin(Authentication)
to {GET [/default]}: There is already 'defaultController' bean method
com.ibrahim.bakkalApp.controller.DefaultController#defaultAfterLogin(Authentication) mapped.
	at org.springframework.beans.factory.support.AbstractAutowireCapableBeanFactory.initializeBean(AbstractAutowireCapableBeanFactory.java:1808) ~[spring-beans-6.2.1.jar:6.2.1]
	at org.springframework.beans.factory.support.AbstractAutowireCapableBeanFactory.doCreateBean(AbstractAutowireCapableBeanFactory.java:601) ~[spring-beans-6.2.1.jar:6.2.1]
	at org.springframework.beans.factory.support.AbstractAutowireCapableBeanFactory.createBean(AbstractAutowireCapableBeanFactory.java:523) ~[spring-beans-6.2.1.jar:6.2.1]
	at org.springframework.beans.factory.support.AbstractBeanFactory.lambda$doGetBean$0(AbstractBeanFactory.java:336) ~[spring-beans-6.2.1.jar:6.2.1]
	at org.springframework.beans.factory.support.DefaultSingletonBeanRegistry.getSingleton(DefaultSingletonBeanRegistry.java:289) ~[spring-beans-6.2.1.jar:6.2.1]
	at org.springframework.beans.factory.support.AbstractBeanFactory.doGetBean(AbstractBeanFactory.java:334) ~[spring-beans-6.2.1.jar:6.2.1]
	at org.springframework.beans.factory.support.AbstractBeanFactory.getBean(AbstractBeanFactory.java:199) ~[spring-beans-6.2.1.jar:6.2.1]
	at org.springframework.beans.factory.support.BeanDefinitionValueResolver.resolveReference(BeanDefinitionValueResolver.java:365) ~[spring-beans-6.2.1.jar:6.2.1]
	at org.springframework.beans.factory.support.BeanDefinitionValueResolver.resolveValueIfNecessary(BeanDefinitionValueResolver.java:135) ~[spring-beans-6.2.1.jar:6.2.1]
	at org.springframework.beans.factory.support.ConstructorResolver.resolveConstructorArguments(ConstructorResolver.java:691) ~[spring-beans-6.2.1.jar:6.2.1]
	at org.springframework.beans.factory.support.ConstructorResolver.autowireConstructor(ConstructorResolver.java:206) ~[spring-beans-6.2.1.jar:6.2.1]
	at org.springframework.beans.factory.support.AbstractAutowireCapableBeanFactory.autowireConstructor(AbstractAutowireCapableBeanFactory.java:1377) ~[spring-beans-6.2.1.jar:6.2.1]
	at org.springframework.beans.factory.support.AbstractAutowireCapableBeanFactory.createBeanInstance(AbstractAutowireCapableBeanFactory.java:1214) ~[spring-beans-6.2.1.jar:6.2.1]
	at org.springframework.beans.factory.support.AbstractAutowireCapableBeanFactory.doCreateBean(AbstractAutowireCapableBeanFactory.java:563) ~[spring-beans-6.2.1.jar:6.2.1]
	at org.springframework.beans.factory.support.AbstractAutowireCapableBeanFactory.createBean(AbstractAutowireCapableBeanFactory.java:523) ~[spring-beans-6.2.1.jar:6.2.1]
	at org.springframework.beans.factory.support.AbstractBeanFactory.lambda$doGetBean$0(AbstractBeanFactory.java:336) ~[spring-beans-6.2.1.jar:6.2.1]
	at org.springframework.beans.factory.support.DefaultSingletonBeanRegistry.getSingleton(DefaultSingletonBeanRegistry.java:289) ~[spring-beans-6.2.1.jar:6.2.1]
	at org.springframework.beans.factory.support.AbstractBeanFactory.doGetBean(AbstractBeanFactory.java:334) ~[spring-beans-6.2.1.jar:6.2.1]
	at org.springframework.beans.factory.support.AbstractBeanFactory.getBean(AbstractBeanFactory.java:224) ~[spring-beans-6.2.1.jar:6.2.1]
	at org.springframework.beans.factory.support.DefaultListableBeanFactory.resolveNamedBean(DefaultListableBeanFactory.java:1489) ~[spring-beans-6.2.1.jar:6.2.1]
	at org.springframework.beans.factory.support.DefaultListableBeanFactory.resolveNamedBean(DefaultListableBeanFactory.java:1450) ~[spring-beans-6.2.1.jar:6.2.1]
	at org.springframework.beans.factory.support.DefaultListableBeanFactory.resolveBean(DefaultListableBeanFactory.java:516) ~[spring-beans-6.2.1.jar:6.2.1]
	at org.springframework.beans.factory.support.DefaultListableBeanFactory$1.getIfUnique(DefaultListableBeanFactory.java:468) ~[spring-beans-6.2.1.jar:6.2.1]
	at org.springframework.security.config.annotation.web.builders.WebSecurity.setApplicationContext(WebSecurity.java:428) ~[spring-security-config-6.4.2.jar:6.4.2]
	at org.springframework.context.support.ApplicationContextAwareProcessor.invokeAwareInterfaces(ApplicationContextAwareProcessor.java:110) ~[spring-context-6.2.1.jar:6.2.1]
	at org.springframework.context.support.ApplicationContextAwareProcessor.postProcessBeforeInitialization(ApplicationContextAwareProcessor.java:85) ~[spring-context-6.2.1.jar:6.2.1]
	at org.springframework.beans.factory.support.AbstractAutowireCapableBeanFactory.applyBeanPostProcessorsBeforeInitialization(AbstractAutowireCapableBeanFactory.java:423) ~[spring-beans-6.2.1.jar:6.2.1]
	at org.springframework.beans.factory.support.AbstractAutowireCapableBeanFactory.initializeBean(AbstractAutowireCapableBeanFactory.java:1800) ~[spring-beans-6.2.1.jar:6.2.1]
	at org.springframework.beans.factory.support.AbstractAutowireCapableBeanFactory.initializeBean(AbstractAutowireCapableBeanFactory.java:413) ~[spring-beans-6.2.1.jar:6.2.1]
	at org.springframework.security.config.annotation.configuration.AutowireBeanFactoryObjectPostProcessor.initializeBeanIfNeeded(AutowireBeanFactoryObjectPostProcessor.java:98) ~[spring-security-config-6.4.2.jar:6.4.2]
	at org.springframework.security.config.annotation.configuration.AutowireBeanFactoryObjectPostProcessor.postProcess(AutowireBeanFactoryObjectPostProcessor.java:67) ~[spring-security-config-6.4.2.jar:6.4.2]
	at org.springframework.security.config.annotation.web.configuration.WebSecurityConfiguration.setFilterChainProxySecurityConfigurer(WebSecurityConfiguration.java:145) ~[spring-security-config-6.4.2.jar:6.4.2]
	at java.base/jdk.internal.reflect.DirectMethodHandleAccessor.invoke(DirectMethodHandleAccessor.java:103) ~[?:?]
	at java.base/java.lang.reflect.Method.invoke(Method.java:580) ~[?:?]
	at org.springframework.beans.factory.annotation.AutowiredAnnotationBeanPostProcessor$AutowiredMethodElement.inject(AutowiredAnnotationBeanPostProcessor.java:854) ~[spring-beans-6.2.1.jar:6.2.1]
	at org.springframework.beans.factory.annotation.InjectionMetadata.inject(InjectionMetadata.java:146) ~[spring-beans-6.2.1.jar:6.2.1]
	at org.springframework.beans.factory.annotation.AutowiredAnnotationBeanPostProcessor.postProcessProperties(AutowiredAnnotationBeanPostProcessor.java:509) ~[spring-beans-6.2.1.jar:6.2.1]
	... 19 more
Caused by: org.springframework.beans.factory.BeanCreationException: Error creating bean with name 'requestMappingHandlerMapping' defined in class path resource [org/springframework/boot/autoconfigure/web/servlet/WebMvcAutoConfiguration$EnableWebMvcConfiguration.class]: Ambiguous mapping. Cannot map 'homeController' method 
com.ibrahim.bakkalApp.controller.HomeController#defaultAfterLogin(Authentication)
to {GET [/default]}: There is already 'defaultController' bean method
com.ibrahim.bakkalApp.controller.DefaultController#defaultAfterLogin(Authentication) mapped.
	at org.springframework.beans.factory.support.AbstractAutowireCapableBeanFactory.initializeBean(AbstractAutowireCapableBeanFactory.java:1808) ~[spring-beans-6.2.1.jar:6.2.1]
	at org.springframework.beans.factory.support.AbstractAutowireCapableBeanFactory.doCreateBean(AbstractAutowireCapableBeanFactory.java:601) ~[spring-beans-6.2.1.jar:6.2.1]
	at org.springframework.beans.factory.support.AbstractAutowireCapableBeanFactory.createBean(AbstractAutowireCapableBeanFactory.java:523) ~[spring-beans-6.2.1.jar:6.2.1]
	at org.springframework.beans.factory.support.AbstractBeanFactory.lambda$doGetBean$0(AbstractBeanFactory.java:336) ~[spring-beans-6.2.1.jar:6.2.1]
	at org.springframework.beans.factory.support.DefaultSingletonBeanRegistry.getSingleton(DefaultSingletonBeanRegistry.java:289) ~[spring-beans-6.2.1.jar:6.2.1]
	at org.springframework.beans.factory.support.AbstractBeanFactory.doGetBean(AbstractBeanFactory.java:334) ~[spring-beans-6.2.1.jar:6.2.1]
	at org.springframework.beans.factory.support.AbstractBeanFactory.getBean(AbstractBeanFactory.java:199) ~[spring-beans-6.2.1.jar:6.2.1]
	at org.springframework.beans.factory.support.DefaultListableBeanFactory.getBeansOfType(DefaultListableBeanFactory.java:695) ~[spring-beans-6.2.1.jar:6.2.1]
	at org.springframework.context.support.AbstractApplicationContext.getBeansOfType(AbstractApplicationContext.java:1426) ~[spring-context-6.2.1.jar:6.2.1]
	at org.springframework.beans.factory.BeanFactoryUtils.beansOfTypeIncludingAncestors(BeanFactoryUtils.java:368) ~[spring-beans-6.2.1.jar:6.2.1]
	at org.springframework.web.servlet.handler.HandlerMappingIntrospector.initHandlerMappings(HandlerMappingIntrospector.java:135) ~[spring-webmvc-6.2.1.jar:6.2.1]
	at org.springframework.web.servlet.handler.HandlerMappingIntrospector.afterPropertiesSet(HandlerMappingIntrospector.java:123) ~[spring-webmvc-6.2.1.jar:6.2.1]
	at org.springframework.beans.factory.support.AbstractAutowireCapableBeanFactory.invokeInitMethods(AbstractAutowireCapableBeanFactory.java:1855) ~[spring-beans-6.2.1.jar:6.2.1]
	at org.springframework.beans.factory.support.AbstractAutowireCapableBeanFactory.initializeBean(AbstractAutowireCapableBeanFactory.java:1804) ~[spring-beans-6.2.1.jar:6.2.1]
	at org.springframework.beans.factory.support.AbstractAutowireCapableBeanFactory.doCreateBean(AbstractAutowireCapableBeanFactory.java:601) ~[spring-beans-6.2.1.jar:6.2.1]
	at org.springframework.beans.factory.support.AbstractAutowireCapableBeanFactory.createBean(AbstractAutowireCapableBeanFactory.java:523) ~[spring-beans-6.2.1.jar:6.2.1]
	at org.springframework.beans.factory.support.AbstractBeanFactory.lambda$doGetBean$0(AbstractBeanFactory.java:336) ~[spring-beans-6.2.1.jar:6.2.1]
	at org.springframework.beans.factory.support.DefaultSingletonBeanRegistry.getSingleton(DefaultSingletonBeanRegistry.java:289) ~[spring-beans-6.2.1.jar:6.2.1]
	at org.springframework.beans.factory.support.AbstractBeanFactory.doGetBean(AbstractBeanFactory.java:334) ~[spring-beans-6.2.1.jar:6.2.1]
	at org.springframework.beans.factory.support.AbstractBeanFactory.getBean(AbstractBeanFactory.java:199) ~[spring-beans-6.2.1.jar:6.2.1]
	at org.springframework.beans.factory.support.BeanDefinitionValueResolver.resolveReference(BeanDefinitionValueResolver.java:365) ~[spring-beans-6.2.1.jar:6.2.1]
	at org.springframework.beans.factory.support.BeanDefinitionValueResolver.resolveValueIfNecessary(BeanDefinitionValueResolver.java:135) ~[spring-beans-6.2.1.jar:6.2.1]
	at org.springframework.beans.factory.support.ConstructorResolver.resolveConstructorArguments(ConstructorResolver.java:691) ~[spring-beans-6.2.1.jar:6.2.1]
	at org.springframework.beans.factory.support.ConstructorResolver.autowireConstructor(ConstructorResolver.java:206) ~[spring-beans-6.2.1.jar:6.2.1]
	at org.springframework.beans.factory.support.AbstractAutowireCapableBeanFactory.autowireConstructor(AbstractAutowireCapableBeanFactory.java:1377) ~[spring-beans-6.2.1.jar:6.2.1]
	at org.springframework.beans.factory.support.AbstractAutowireCapableBeanFactory.createBeanInstance(AbstractAutowireCapableBeanFactory.java:1214) ~[spring-beans-6.2.1.jar:6.2.1]
	at org.springframework.beans.factory.support.AbstractAutowireCapableBeanFactory.doCreateBean(AbstractAutowireCapableBeanFactory.java:563) ~[spring-beans-6.2.1.jar:6.2.1]
	at org.springframework.beans.factory.support.AbstractAutowireCapableBeanFactory.createBean(AbstractAutowireCapableBeanFactory.java:523) ~[spring-beans-6.2.1.jar:6.2.1]
	at org.springframework.beans.factory.support.AbstractBeanFactory.lambda$doGetBean$0(AbstractBeanFactory.java:336) ~[spring-beans-6.2.1.jar:6.2.1]
	at org.springframework.beans.factory.support.DefaultSingletonBeanRegistry.getSingleton(DefaultSingletonBeanRegistry.java:289) ~[spring-beans-6.2.1.jar:6.2.1]
	at org.springframework.beans.factory.support.AbstractBeanFactory.doGetBean(AbstractBeanFactory.java:334) ~[spring-beans-6.2.1.jar:6.2.1]
	at org.springframework.beans.factory.support.AbstractBeanFactory.getBean(AbstractBeanFactory.java:224) ~[spring-beans-6.2.1.jar:6.2.1]
	at org.springframework.beans.factory.support.DefaultListableBeanFactory.resolveNamedBean(DefaultListableBeanFactory.java:1489) ~[spring-beans-6.2.1.jar:6.2.1]
	at org.springframework.beans.factory.support.DefaultListableBeanFactory.resolveNamedBean(DefaultListableBeanFactory.java:1450) ~[spring-beans-6.2.1.jar:6.2.1]
	at org.springframework.beans.factory.support.DefaultListableBeanFactory.resolveBean(DefaultListableBeanFactory.java:516) ~[spring-beans-6.2.1.jar:6.2.1]
	at org.springframework.beans.factory.support.DefaultListableBeanFactory$1.getIfUnique(DefaultListableBeanFactory.java:468) ~[spring-beans-6.2.1.jar:6.2.1]
	at org.springframework.security.config.annotation.web.builders.WebSecurity.setApplicationContext(WebSecurity.java:428) ~[spring-security-config-6.4.2.jar:6.4.2]
	at org.springframework.context.support.ApplicationContextAwareProcessor.invokeAwareInterfaces(ApplicationContextAwareProcessor.java:110) ~[spring-context-6.2.1.jar:6.2.1]
	at org.springframework.context.support.ApplicationContextAwareProcessor.postProcessBeforeInitialization(ApplicationContextAwareProcessor.java:85) ~[spring-context-6.2.1.jar:6.2.1]
	at org.springframework.beans.factory.support.AbstractAutowireCapableBeanFactory.applyBeanPostProcessorsBeforeInitialization(AbstractAutowireCapableBeanFactory.java:423) ~[spring-beans-6.2.1.jar:6.2.1]
	at org.springframework.beans.factory.support.AbstractAutowireCapableBeanFactory.initializeBean(AbstractAutowireCapableBeanFactory.java:1800) ~[spring-beans-6.2.1.jar:6.2.1]
	at org.springframework.beans.factory.support.AbstractAutowireCapableBeanFactory.initializeBean(AbstractAutowireCapableBeanFactory.java:413) ~[spring-beans-6.2.1.jar:6.2.1]
	at org.springframework.security.config.annotation.configuration.AutowireBeanFactoryObjectPostProcessor.initializeBeanIfNeeded(AutowireBeanFactoryObjectPostProcessor.java:98) ~[spring-security-config-6.4.2.jar:6.4.2]
	at org.springframework.security.config.annotation.configuration.AutowireBeanFactoryObjectPostProcessor.postProcess(AutowireBeanFactoryObjectPostProcessor.java:67) ~[spring-security-config-6.4.2.jar:6.4.2]
	at org.springframework.security.config.annotation.web.configuration.WebSecurityConfiguration.setFilterChainProxySecurityConfigurer(WebSecurityConfiguration.java:145) ~[spring-security-config-6.4.2.jar:6.4.2]
	at java.base/jdk.internal.reflect.DirectMethodHandleAccessor.invoke(DirectMethodHandleAccessor.java:103) ~[?:?]
	at java.base/java.lang.reflect.Method.invoke(Method.java:580) ~[?:?]
	at org.springframework.beans.factory.annotation.AutowiredAnnotationBeanPostProcessor$AutowiredMethodElement.inject(AutowiredAnnotationBeanPostProcessor.java:854) ~[spring-beans-6.2.1.jar:6.2.1]
	at org.springframework.beans.factory.annotation.InjectionMetadata.inject(InjectionMetadata.java:146) ~[spring-beans-6.2.1.jar:6.2.1]
	at org.springframework.beans.factory.annotation.AutowiredAnnotationBeanPostProcessor.postProcessProperties(AutowiredAnnotationBeanPostProcessor.java:509) ~[spring-beans-6.2.1.jar:6.2.1]
	... 19 more
Caused by: java.lang.IllegalStateException: Ambiguous mapping. Cannot map 'homeController' method 
com.ibrahim.bakkalApp.controller.HomeController#defaultAfterLogin(Authentication)
to {GET [/default]}: There is already 'defaultController' bean method
com.ibrahim.bakkalApp.controller.DefaultController#defaultAfterLogin(Authentication) mapped.
	at org.springframework.web.servlet.handler.AbstractHandlerMethodMapping$MappingRegistry.validateMethodMapping(AbstractHandlerMethodMapping.java:675) ~[spring-webmvc-6.2.1.jar:6.2.1]
	at org.springframework.web.servlet.handler.AbstractHandlerMethodMapping$MappingRegistry.register(AbstractHandlerMethodMapping.java:637) ~[spring-webmvc-6.2.1.jar:6.2.1]
	at org.springframework.web.servlet.handler.AbstractHandlerMethodMapping.registerHandlerMethod(AbstractHandlerMethodMapping.java:331) ~[spring-webmvc-6.2.1.jar:6.2.1]
	at org.springframework.web.servlet.mvc.method.annotation.RequestMappingHandlerMapping.registerHandlerMethod(RequestMappingHandlerMapping.java:509) ~[spring-webmvc-6.2.1.jar:6.2.1]
	at org.springframework.web.servlet.mvc.method.annotation.RequestMappingHandlerMapping.registerHandlerMethod(RequestMappingHandlerMapping.java:84) ~[spring-webmvc-6.2.1.jar:6.2.1]
	at org.springframework.web.servlet.handler.AbstractHandlerMethodMapping.lambda$detectHandlerMethods$2(AbstractHandlerMethodMapping.java:298) ~[spring-webmvc-6.2.1.jar:6.2.1]
	at java.base/java.util.LinkedHashMap.forEach(LinkedHashMap.java:987) ~[?:?]
	at org.springframework.web.servlet.handler.AbstractHandlerMethodMapping.detectHandlerMethods(AbstractHandlerMethodMapping.java:296) ~[spring-webmvc-6.2.1.jar:6.2.1]
	at org.springframework.web.servlet.handler.AbstractHandlerMethodMapping.processCandidateBean(AbstractHandlerMethodMapping.java:265) ~[spring-webmvc-6.2.1.jar:6.2.1]
	at org.springframework.web.servlet.handler.AbstractHandlerMethodMapping.initHandlerMethods(AbstractHandlerMethodMapping.java:224) ~[spring-webmvc-6.2.1.jar:6.2.1]
	at org.springframework.web.servlet.handler.AbstractHandlerMethodMapping.afterPropertiesSet(AbstractHandlerMethodMapping.java:212) ~[spring-webmvc-6.2.1.jar:6.2.1]
	at org.springframework.web.servlet.mvc.method.annotation.RequestMappingHandlerMapping.afterPropertiesSet(RequestMappingHandlerMapping.java:239) ~[spring-webmvc-6.2.1.jar:6.2.1]
	at org.springframework.beans.factory.support.AbstractAutowireCapableBeanFactory.invokeInitMethods(AbstractAutowireCapableBeanFactory.java:1855) ~[spring-beans-6.2.1.jar:6.2.1]
	at org.springframework.beans.factory.support.AbstractAutowireCapableBeanFactory.initializeBean(AbstractAutowireCapableBeanFactory.java:1804) ~[spring-beans-6.2.1.jar:6.2.1]
	at org.springframework.beans.factory.support.AbstractAutowireCapableBeanFactory.doCreateBean(AbstractAutowireCapableBeanFactory.java:601) ~[spring-beans-6.2.1.jar:6.2.1]
	at org.springframework.beans.factory.support.AbstractAutowireCapableBeanFactory.createBean(AbstractAutowireCapableBeanFactory.java:523) ~[spring-beans-6.2.1.jar:6.2.1]
	at org.springframework.beans.factory.support.AbstractBeanFactory.lambda$doGetBean$0(AbstractBeanFactory.java:336) ~[spring-beans-6.2.1.jar:6.2.1]
	at org.springframework.beans.factory.support.DefaultSingletonBeanRegistry.getSingleton(DefaultSingletonBeanRegistry.java:289) ~[spring-beans-6.2.1.jar:6.2.1]
	at org.springframework.beans.factory.support.AbstractBeanFactory.doGetBean(AbstractBeanFactory.java:334) ~[spring-beans-6.2.1.jar:6.2.1]
	at org.springframework.beans.factory.support.AbstractBeanFactory.getBean(AbstractBeanFactory.java:199) ~[spring-beans-6.2.1.jar:6.2.1]
	at org.springframework.beans.factory.support.DefaultListableBeanFactory.getBeansOfType(DefaultListableBeanFactory.java:695) ~[spring-beans-6.2.1.jar:6.2.1]
	at org.springframework.context.support.AbstractApplicationContext.getBeansOfType(AbstractApplicationContext.java:1426) ~[spring-context-6.2.1.jar:6.2.1]
	at org.springframework.beans.factory.BeanFactoryUtils.beansOfTypeIncludingAncestors(BeanFactoryUtils.java:368) ~[spring-beans-6.2.1.jar:6.2.1]
	at org.springframework.web.servlet.handler.HandlerMappingIntrospector.initHandlerMappings(HandlerMappingIntrospector.java:135) ~[spring-webmvc-6.2.1.jar:6.2.1]
	at org.springframework.web.servlet.handler.HandlerMappingIntrospector.afterPropertiesSet(HandlerMappingIntrospector.java:123) ~[spring-webmvc-6.2.1.jar:6.2.1]
	at org.springframework.beans.factory.support.AbstractAutowireCapableBeanFactory.invokeInitMethods(AbstractAutowireCapableBeanFactory.java:1855) ~[spring-beans-6.2.1.jar:6.2.1]
	at org.springframework.beans.factory.support.AbstractAutowireCapableBeanFactory.initializeBean(AbstractAutowireCapableBeanFactory.java:1804) ~[spring-beans-6.2.1.jar:6.2.1]
	at org.springframework.beans.factory.support.AbstractAutowireCapableBeanFactory.doCreateBean(AbstractAutowireCapableBeanFactory.java:601) ~[spring-beans-6.2.1.jar:6.2.1]
	at org.springframework.beans.factory.support.AbstractAutowireCapableBeanFactory.createBean(AbstractAutowireCapableBeanFactory.java:523) ~[spring-beans-6.2.1.jar:6.2.1]
	at org.springframework.beans.factory.support.AbstractBeanFactory.lambda$doGetBean$0(AbstractBeanFactory.java:336) ~[spring-beans-6.2.1.jar:6.2.1]
	at org.springframework.beans.factory.support.DefaultSingletonBeanRegistry.getSingleton(DefaultSingletonBeanRegistry.java:289) ~[spring-beans-6.2.1.jar:6.2.1]
	at org.springframework.beans.factory.support.AbstractBeanFactory.doGetBean(AbstractBeanFactory.java:334) ~[spring-beans-6.2.1.jar:6.2.1]
	at org.springframework.beans.factory.support.AbstractBeanFactory.getBean(AbstractBeanFactory.java:199) ~[spring-beans-6.2.1.jar:6.2.1]
	at org.springframework.beans.factory.support.BeanDefinitionValueResolver.resolveReference(BeanDefinitionValueResolver.java:365) ~[spring-beans-6.2.1.jar:6.2.1]
	at org.springframework.beans.factory.support.BeanDefinitionValueResolver.resolveValueIfNecessary(BeanDefinitionValueResolver.java:135) ~[spring-beans-6.2.1.jar:6.2.1]
	at org.springframework.beans.factory.support.ConstructorResolver.resolveConstructorArguments(ConstructorResolver.java:691) ~[spring-beans-6.2.1.jar:6.2.1]
	at org.springframework.beans.factory.support.ConstructorResolver.autowireConstructor(ConstructorResolver.java:206) ~[spring-beans-6.2.1.jar:6.2.1]
	at org.springframework.beans.factory.support.AbstractAutowireCapableBeanFactory.autowireConstructor(AbstractAutowireCapableBeanFactory.java:1377) ~[spring-beans-6.2.1.jar:6.2.1]
	at org.springframework.beans.factory.support.AbstractAutowireCapableBeanFactory.createBeanInstance(AbstractAutowireCapableBeanFactory.java:1214) ~[spring-beans-6.2.1.jar:6.2.1]
	at org.springframework.beans.factory.support.AbstractAutowireCapableBeanFactory.doCreateBean(AbstractAutowireCapableBeanFactory.java:563) ~[spring-beans-6.2.1.jar:6.2.1]
	at org.springframework.beans.factory.support.AbstractAutowireCapableBeanFactory.createBean(AbstractAutowireCapableBeanFactory.java:523) ~[spring-beans-6.2.1.jar:6.2.1]
	at org.springframework.beans.factory.support.AbstractBeanFactory.lambda$doGetBean$0(AbstractBeanFactory.java:336) ~[spring-beans-6.2.1.jar:6.2.1]
	at org.springframework.beans.factory.support.DefaultSingletonBeanRegistry.getSingleton(DefaultSingletonBeanRegistry.java:289) ~[spring-beans-6.2.1.jar:6.2.1]
	at org.springframework.beans.factory.support.AbstractBeanFactory.doGetBean(AbstractBeanFactory.java:334) ~[spring-beans-6.2.1.jar:6.2.1]
	at org.springframework.beans.factory.support.AbstractBeanFactory.getBean(AbstractBeanFactory.java:224) ~[spring-beans-6.2.1.jar:6.2.1]
	at org.springframework.beans.factory.support.DefaultListableBeanFactory.resolveNamedBean(DefaultListableBeanFactory.java:1489) ~[spring-beans-6.2.1.jar:6.2.1]
	at org.springframework.beans.factory.support.DefaultListableBeanFactory.resolveNamedBean(DefaultListableBeanFactory.java:1450) ~[spring-beans-6.2.1.jar:6.2.1]
	at org.springframework.beans.factory.support.DefaultListableBeanFactory.resolveBean(DefaultListableBeanFactory.java:516) ~[spring-beans-6.2.1.jar:6.2.1]
	at org.springframework.beans.factory.support.DefaultListableBeanFactory$1.getIfUnique(DefaultListableBeanFactory.java:468) ~[spring-beans-6.2.1.jar:6.2.1]
	at org.springframework.security.config.annotation.web.builders.WebSecurity.setApplicationContext(WebSecurity.java:428) ~[spring-security-config-6.4.2.jar:6.4.2]
	at org.springframework.context.support.ApplicationContextAwareProcessor.invokeAwareInterfaces(ApplicationContextAwareProcessor.java:110) ~[spring-context-6.2.1.jar:6.2.1]
	at org.springframework.context.support.ApplicationContextAwareProcessor.postProcessBeforeInitialization(ApplicationContextAwareProcessor.java:85) ~[spring-context-6.2.1.jar:6.2.1]
	at org.springframework.beans.factory.support.AbstractAutowireCapableBeanFactory.applyBeanPostProcessorsBeforeInitialization(AbstractAutowireCapableBeanFactory.java:423) ~[spring-beans-6.2.1.jar:6.2.1]
	at org.springframework.beans.factory.support.AbstractAutowireCapableBeanFactory.initializeBean(AbstractAutowireCapableBeanFactory.java:1800) ~[spring-beans-6.2.1.jar:6.2.1]
	at org.springframework.beans.factory.support.AbstractAutowireCapableBeanFactory.initializeBean(AbstractAutowireCapableBeanFactory.java:413) ~[spring-beans-6.2.1.jar:6.2.1]
	at org.springframework.security.config.annotation.configuration.AutowireBeanFactoryObjectPostProcessor.initializeBeanIfNeeded(AutowireBeanFactoryObjectPostProcessor.java:98) ~[spring-security-config-6.4.2.jar:6.4.2]
	at org.springframework.security.config.annotation.configuration.AutowireBeanFactoryObjectPostProcessor.postProcess(AutowireBeanFactoryObjectPostProcessor.java:67) ~[spring-security-config-6.4.2.jar:6.4.2]
	at org.springframework.security.config.annotation.web.configuration.WebSecurityConfiguration.setFilterChainProxySecurityConfigurer(WebSecurityConfiguration.java:145) ~[spring-security-config-6.4.2.jar:6.4.2]
	at java.base/jdk.internal.reflect.DirectMethodHandleAccessor.invoke(DirectMethodHandleAccessor.java:103) ~[?:?]
	at java.base/java.lang.reflect.Method.invoke(Method.java:580) ~[?:?]
	at org.springframework.beans.factory.annotation.AutowiredAnnotationBeanPostProcessor$AutowiredMethodElement.inject(AutowiredAnnotationBeanPostProcessor.java:854) ~[spring-beans-6.2.1.jar:6.2.1]
	at org.springframework.beans.factory.annotation.InjectionMetadata.inject(InjectionMetadata.java:146) ~[spring-beans-6.2.1.jar:6.2.1]
	at org.springframework.beans.factory.annotation.AutowiredAnnotationBeanPostProcessor.postProcessProperties(AutowiredAnnotationBeanPostProcessor.java:509) ~[spring-beans-6.2.1.jar:6.2.1]
	... 19 more
2026-02-20 10:51:07.899 [main] INFO  com.ibrahim.bakkalApp.BakkalAppApplication - Starting BakkalAppApplication using Java 23.0.1 with PID 10604 (C:\Users\8063\IdeaProjects\bakkalApp\bakkalApp\target\classes started by 8063 in C:\Users\8063\IdeaProjects\bakkalApp\bakkalApp)
2026-02-20 10:51:07.909 [main] INFO  com.ibrahim.bakkalApp.BakkalAppApplication - No active profile set, falling back to 1 default profile: "default"
2026-02-20 10:51:09.265 [main] INFO  org.springframework.data.repository.config.RepositoryConfigurationDelegate - Bootstrapping Spring Data JPA repositories in DEFAULT mode.
2026-02-20 10:51:09.393 [main] INFO  org.springframework.data.repository.config.RepositoryConfigurationDelegate - Finished Spring Data repository scanning in 110 ms. Found 5 JPA repository interfaces.
2026-02-20 10:51:10.561 [main] INFO  org.springframework.boot.web.embedded.tomcat.TomcatWebServer - Tomcat initialized with port 8085 (http)
2026-02-20 10:51:10.581 [main] INFO  org.apache.coyote.http11.Http11NioProtocol - Initializing ProtocolHandler ["http-nio-8085"]
2026-02-20 10:51:10.587 [main] INFO  org.apache.catalina.core.StandardService - Starting service [Tomcat]
2026-02-20 10:51:10.587 [main] INFO  org.apache.catalina.core.StandardEngine - Starting Servlet engine: [Apache Tomcat/10.1.34]
2026-02-20 10:51:10.712 [main] INFO  org.apache.catalina.core.ContainerBase.[Tomcat].[localhost].[/] - Initializing Spring embedded WebApplicationContext
2026-02-20 10:51:10.714 [main] INFO  org.springframework.boot.web.servlet.context.ServletWebServerApplicationContext - Root WebApplicationContext: initialization completed in 2755 ms
2026-02-20 10:51:11.834 [main] INFO  org.springframework.orm.jpa.persistenceunit.SpringPersistenceUnitInfo - No LoadTimeWeaver setup: ignoring JPA class transformer
2026-02-20 10:51:11.873 [main] INFO  com.zaxxer.hikari.HikariDataSource - HikariPool-1 - Starting...
2026-02-20 10:51:12.174 [main] INFO  com.zaxxer.hikari.pool.HikariPool - HikariPool-1 - Added connection conn0: url=jdbc:h2:file:./data/testdb user=SA
2026-02-20 10:51:12.175 [main] INFO  com.zaxxer.hikari.HikariDataSource - HikariPool-1 - Start completed.
2026-02-20 10:51:12.200 [main] WARN  org.hibernate.orm.deprecation - HHH90000025: H2Dialect does not need to be specified explicitly using 'hibernate.dialect' (remove the property setting and it will be selected by default)
2026-02-20 10:51:14.078 [main] INFO  org.springframework.orm.jpa.LocalContainerEntityManagerFactoryBean - Initialized JPA EntityManagerFactory for persistence unit 'default'
2026-02-20 10:51:14.783 [main] INFO  org.springframework.security.config.annotation.authentication.configuration.InitializeUserDetailsBeanManagerConfigurer$InitializeUserDetailsManagerConfigurer - Global AuthenticationManager configured with UserDetailsService bean with name customUserDetailsService
2026-02-20 10:51:14.920 [main] WARN  org.springframework.boot.web.servlet.context.AnnotationConfigServletWebServerApplicationContext - Exception encountered during context initialization - cancelling refresh attempt: org.springframework.beans.factory.BeanCreationException: Error creating bean with name 'org.springframework.security.config.annotation.web.configuration.WebSecurityConfiguration': Injection of autowired dependencies failed
2026-02-20 10:51:14.921 [main] INFO  org.springframework.orm.jpa.LocalContainerEntityManagerFactoryBean - Closing JPA EntityManagerFactory for persistence unit 'default'
2026-02-20 10:51:14.924 [main] INFO  com.zaxxer.hikari.HikariDataSource - HikariPool-1 - Shutdown initiated...
2026-02-20 10:51:14.934 [main] INFO  com.zaxxer.hikari.HikariDataSource - HikariPool-1 - Shutdown completed.
2026-02-20 10:51:14.936 [main] INFO  org.apache.catalina.core.StandardService - Stopping service [Tomcat]
2026-02-20 10:51:14.960 [main] INFO  org.springframework.boot.autoconfigure.logging.ConditionEvaluationReportLogger - 

Error starting ApplicationContext. To display the condition evaluation report re-run your application with 'debug' enabled.
2026-02-20 10:51:14.997 [main] ERROR org.springframework.boot.SpringApplication - Application run failed
org.springframework.beans.factory.BeanCreationException: Error creating bean with name 'org.springframework.security.config.annotation.web.configuration.WebSecurityConfiguration': Injection of autowired dependencies failed
	at org.springframework.beans.factory.annotation.AutowiredAnnotationBeanPostProcessor.postProcessProperties(AutowiredAnnotationBeanPostProcessor.java:515) ~[spring-beans-6.2.1.jar:6.2.1]
	at org.springframework.beans.factory.support.AbstractAutowireCapableBeanFactory.populateBean(AbstractAutowireCapableBeanFactory.java:1441) ~[spring-beans-6.2.1.jar:6.2.1]
	at org.springframework.beans.factory.support.AbstractAutowireCapableBeanFactory.doCreateBean(AbstractAutowireCapableBeanFactory.java:600) ~[spring-beans-6.2.1.jar:6.2.1]
	at org.springframework.beans.factory.support.AbstractAutowireCapableBeanFactory.createBean(AbstractAutowireCapableBeanFactory.java:523) ~[spring-beans-6.2.1.jar:6.2.1]
	at org.springframework.beans.factory.support.AbstractBeanFactory.lambda$doGetBean$0(AbstractBeanFactory.java:336) ~[spring-beans-6.2.1.jar:6.2.1]
	at org.springframework.beans.factory.support.DefaultSingletonBeanRegistry.getSingleton(DefaultSingletonBeanRegistry.java:289) ~[spring-beans-6.2.1.jar:6.2.1]
	at org.springframework.beans.factory.support.AbstractBeanFactory.doGetBean(AbstractBeanFactory.java:334) ~[spring-beans-6.2.1.jar:6.2.1]
	at org.springframework.beans.factory.support.AbstractBeanFactory.getBean(AbstractBeanFactory.java:199) ~[spring-beans-6.2.1.jar:6.2.1]
	at org.springframework.beans.factory.support.DefaultListableBeanFactory.instantiateSingleton(DefaultListableBeanFactory.java:1122) ~[spring-beans-6.2.1.jar:6.2.1]
	at org.springframework.beans.factory.support.DefaultListableBeanFactory.preInstantiateSingleton(DefaultListableBeanFactory.java:1093) ~[spring-beans-6.2.1.jar:6.2.1]
	at org.springframework.beans.factory.support.DefaultListableBeanFactory.preInstantiateSingletons(DefaultListableBeanFactory.java:1030) ~[spring-beans-6.2.1.jar:6.2.1]
	at org.springframework.context.support.AbstractApplicationContext.finishBeanFactoryInitialization(AbstractApplicationContext.java:987) ~[spring-context-6.2.1.jar:6.2.1]
	at org.springframework.context.support.AbstractApplicationContext.refresh(AbstractApplicationContext.java:627) ~[spring-context-6.2.1.jar:6.2.1]
	at org.springframework.boot.web.servlet.context.ServletWebServerApplicationContext.refresh(ServletWebServerApplicationContext.java:146) ~[spring-boot-3.4.1.jar:3.4.1]
	at org.springframework.boot.SpringApplication.refresh(SpringApplication.java:752) [spring-boot-3.4.1.jar:3.4.1]
	at org.springframework.boot.SpringApplication.refreshContext(SpringApplication.java:439) [spring-boot-3.4.1.jar:3.4.1]
	at org.springframework.boot.SpringApplication.run(SpringApplication.java:318) [spring-boot-3.4.1.jar:3.4.1]
	at org.springframework.boot.SpringApplication.run(SpringApplication.java:1361) [spring-boot-3.4.1.jar:3.4.1]
	at org.springframework.boot.SpringApplication.run(SpringApplication.java:1350) [spring-boot-3.4.1.jar:3.4.1]
	at com.ibrahim.bakkalApp.BakkalAppApplication.main(BakkalAppApplication.java:12) [classes/:?]
Caused by: java.lang.RuntimeException: Could not postProcess org.springframework.security.config.annotation.web.builders.WebSecurity@29fa465a of type class org.springframework.security.config.annotation.web.builders.WebSecurity
	at org.springframework.security.config.annotation.configuration.AutowireBeanFactoryObjectPostProcessor.postProcess(AutowireBeanFactoryObjectPostProcessor.java:71) ~[spring-security-config-6.4.2.jar:6.4.2]
	at org.springframework.security.config.annotation.web.configuration.WebSecurityConfiguration.setFilterChainProxySecurityConfigurer(WebSecurityConfiguration.java:145) ~[spring-security-config-6.4.2.jar:6.4.2]
	at java.base/jdk.internal.reflect.DirectMethodHandleAccessor.invoke(DirectMethodHandleAccessor.java:103) ~[?:?]
	at java.base/java.lang.reflect.Method.invoke(Method.java:580) ~[?:?]
	at org.springframework.beans.factory.annotation.AutowiredAnnotationBeanPostProcessor$AutowiredMethodElement.inject(AutowiredAnnotationBeanPostProcessor.java:854) ~[spring-beans-6.2.1.jar:6.2.1]
	at org.springframework.beans.factory.annotation.InjectionMetadata.inject(InjectionMetadata.java:146) ~[spring-beans-6.2.1.jar:6.2.1]
	at org.springframework.beans.factory.annotation.AutowiredAnnotationBeanPostProcessor.postProcessProperties(AutowiredAnnotationBeanPostProcessor.java:509) ~[spring-beans-6.2.1.jar:6.2.1]
	... 19 more
Caused by: org.springframework.beans.factory.BeanCreationException: Error creating bean with name 'mvcHandlerMappingIntrospectorRequestTransformer': Cannot resolve reference to bean 'mvcHandlerMappingIntrospector' while setting constructor argument
	at org.springframework.beans.factory.support.BeanDefinitionValueResolver.resolveReference(BeanDefinitionValueResolver.java:377) ~[spring-beans-6.2.1.jar:6.2.1]
	at org.springframework.beans.factory.support.BeanDefinitionValueResolver.resolveValueIfNecessary(BeanDefinitionValueResolver.java:135) ~[spring-beans-6.2.1.jar:6.2.1]
	at org.springframework.beans.factory.support.ConstructorResolver.resolveConstructorArguments(ConstructorResolver.java:691) ~[spring-beans-6.2.1.jar:6.2.1]
	at org.springframework.beans.factory.support.ConstructorResolver.autowireConstructor(ConstructorResolver.java:206) ~[spring-beans-6.2.1.jar:6.2.1]
	at org.springframework.beans.factory.support.AbstractAutowireCapableBeanFactory.autowireConstructor(AbstractAutowireCapableBeanFactory.java:1377) ~[spring-beans-6.2.1.jar:6.2.1]
	at org.springframework.beans.factory.support.AbstractAutowireCapableBeanFactory.createBeanInstance(AbstractAutowireCapableBeanFactory.java:1214) ~[spring-beans-6.2.1.jar:6.2.1]
	at org.springframework.beans.factory.support.AbstractAutowireCapableBeanFactory.doCreateBean(AbstractAutowireCapableBeanFactory.java:563) ~[spring-beans-6.2.1.jar:6.2.1]
	at org.springframework.beans.factory.support.AbstractAutowireCapableBeanFactory.createBean(AbstractAutowireCapableBeanFactory.java:523) ~[spring-beans-6.2.1.jar:6.2.1]
	at org.springframework.beans.factory.support.AbstractBeanFactory.lambda$doGetBean$0(AbstractBeanFactory.java:336) ~[spring-beans-6.2.1.jar:6.2.1]
	at org.springframework.beans.factory.support.DefaultSingletonBeanRegistry.getSingleton(DefaultSingletonBeanRegistry.java:289) ~[spring-beans-6.2.1.jar:6.2.1]
	at org.springframework.beans.factory.support.AbstractBeanFactory.doGetBean(AbstractBeanFactory.java:334) ~[spring-beans-6.2.1.jar:6.2.1]
	at org.springframework.beans.factory.support.AbstractBeanFactory.getBean(AbstractBeanFactory.java:224) ~[spring-beans-6.2.1.jar:6.2.1]
	at org.springframework.beans.factory.support.DefaultListableBeanFactory.resolveNamedBean(DefaultListableBeanFactory.java:1489) ~[spring-beans-6.2.1.jar:6.2.1]
	at org.springframework.beans.factory.support.DefaultListableBeanFactory.resolveNamedBean(DefaultListableBeanFactory.java:1450) ~[spring-beans-6.2.1.jar:6.2.1]
	at org.springframework.beans.factory.support.DefaultListableBeanFactory.resolveBean(DefaultListableBeanFactory.java:516) ~[spring-beans-6.2.1.jar:6.2.1]
	at org.springframework.beans.factory.support.DefaultListableBeanFactory$1.getIfUnique(DefaultListableBeanFactory.java:468) ~[spring-beans-6.2.1.jar:6.2.1]
	at org.springframework.security.config.annotation.web.builders.WebSecurity.setApplicationContext(WebSecurity.java:428) ~[spring-security-config-6.4.2.jar:6.4.2]
	at org.springframework.context.support.ApplicationContextAwareProcessor.invokeAwareInterfaces(ApplicationContextAwareProcessor.java:110) ~[spring-context-6.2.1.jar:6.2.1]
	at org.springframework.context.support.ApplicationContextAwareProcessor.postProcessBeforeInitialization(ApplicationContextAwareProcessor.java:85) ~[spring-context-6.2.1.jar:6.2.1]
	at org.springframework.beans.factory.support.AbstractAutowireCapableBeanFactory.applyBeanPostProcessorsBeforeInitialization(AbstractAutowireCapableBeanFactory.java:423) ~[spring-beans-6.2.1.jar:6.2.1]
	at org.springframework.beans.factory.support.AbstractAutowireCapableBeanFactory.initializeBean(AbstractAutowireCapableBeanFactory.java:1800) ~[spring-beans-6.2.1.jar:6.2.1]
	at org.springframework.beans.factory.support.AbstractAutowireCapableBeanFactory.initializeBean(AbstractAutowireCapableBeanFactory.java:413) ~[spring-beans-6.2.1.jar:6.2.1]
	at org.springframework.security.config.annotation.configuration.AutowireBeanFactoryObjectPostProcessor.initializeBeanIfNeeded(AutowireBeanFactoryObjectPostProcessor.java:98) ~[spring-security-config-6.4.2.jar:6.4.2]
	at org.springframework.security.config.annotation.configuration.AutowireBeanFactoryObjectPostProcessor.postProcess(AutowireBeanFactoryObjectPostProcessor.java:67) ~[spring-security-config-6.4.2.jar:6.4.2]
	at org.springframework.security.config.annotation.web.configuration.WebSecurityConfiguration.setFilterChainProxySecurityConfigurer(WebSecurityConfiguration.java:145) ~[spring-security-config-6.4.2.jar:6.4.2]
	at java.base/jdk.internal.reflect.DirectMethodHandleAccessor.invoke(DirectMethodHandleAccessor.java:103) ~[?:?]
	at java.base/java.lang.reflect.Method.invoke(Method.java:580) ~[?:?]
	at org.springframework.beans.factory.annotation.AutowiredAnnotationBeanPostProcessor$AutowiredMethodElement.inject(AutowiredAnnotationBeanPostProcessor.java:854) ~[spring-beans-6.2.1.jar:6.2.1]
	at org.springframework.beans.factory.annotation.InjectionMetadata.inject(InjectionMetadata.java:146) ~[spring-beans-6.2.1.jar:6.2.1]
	at org.springframework.beans.factory.annotation.AutowiredAnnotationBeanPostProcessor.postProcessProperties(AutowiredAnnotationBeanPostProcessor.java:509) ~[spring-beans-6.2.1.jar:6.2.1]
	... 19 more
Caused by: org.springframework.beans.factory.BeanCreationException: Error creating bean with name 'mvcHandlerMappingIntrospector' defined in class path resource [org/springframework/boot/autoconfigure/web/servlet/WebMvcAutoConfiguration$EnableWebMvcConfiguration.class]: Error creating bean with name 'requestMappingHandlerMapping' defined in class path resource [org/springframework/boot/autoconfigure/web/servlet/WebMvcAutoConfiguration$EnableWebMvcConfiguration.class]: Ambiguous mapping. Cannot map 'homeController' method 
com.ibrahim.bakkalApp.controller.HomeController#defaultAfterLogin(Authentication)
to {GET [/default]}: There is already 'defaultController' bean method
com.ibrahim.bakkalApp.controller.DefaultController#defaultAfterLogin(Authentication) mapped.
	at org.springframework.beans.factory.support.AbstractAutowireCapableBeanFactory.initializeBean(AbstractAutowireCapableBeanFactory.java:1808) ~[spring-beans-6.2.1.jar:6.2.1]
	at org.springframework.beans.factory.support.AbstractAutowireCapableBeanFactory.doCreateBean(AbstractAutowireCapableBeanFactory.java:601) ~[spring-beans-6.2.1.jar:6.2.1]
	at org.springframework.beans.factory.support.AbstractAutowireCapableBeanFactory.createBean(AbstractAutowireCapableBeanFactory.java:523) ~[spring-beans-6.2.1.jar:6.2.1]
	at org.springframework.beans.factory.support.AbstractBeanFactory.lambda$doGetBean$0(AbstractBeanFactory.java:336) ~[spring-beans-6.2.1.jar:6.2.1]
	at org.springframework.beans.factory.support.DefaultSingletonBeanRegistry.getSingleton(DefaultSingletonBeanRegistry.java:289) ~[spring-beans-6.2.1.jar:6.2.1]
	at org.springframework.beans.factory.support.AbstractBeanFactory.doGetBean(AbstractBeanFactory.java:334) ~[spring-beans-6.2.1.jar:6.2.1]
	at org.springframework.beans.factory.support.AbstractBeanFactory.getBean(AbstractBeanFactory.java:199) ~[spring-beans-6.2.1.jar:6.2.1]
	at org.springframework.beans.factory.support.BeanDefinitionValueResolver.resolveReference(BeanDefinitionValueResolver.java:365) ~[spring-beans-6.2.1.jar:6.2.1]
	at org.springframework.beans.factory.support.BeanDefinitionValueResolver.resolveValueIfNecessary(BeanDefinitionValueResolver.java:135) ~[spring-beans-6.2.1.jar:6.2.1]
	at org.springframework.beans.factory.support.ConstructorResolver.resolveConstructorArguments(ConstructorResolver.java:691) ~[spring-beans-6.2.1.jar:6.2.1]
	at org.springframework.beans.factory.support.ConstructorResolver.autowireConstructor(ConstructorResolver.java:206) ~[spring-beans-6.2.1.jar:6.2.1]
	at org.springframework.beans.factory.support.AbstractAutowireCapableBeanFactory.autowireConstructor(AbstractAutowireCapableBeanFactory.java:1377) ~[spring-beans-6.2.1.jar:6.2.1]
	at org.springframework.beans.factory.support.AbstractAutowireCapableBeanFactory.createBeanInstance(AbstractAutowireCapableBeanFactory.java:1214) ~[spring-beans-6.2.1.jar:6.2.1]
	at org.springframework.beans.factory.support.AbstractAutowireCapableBeanFactory.doCreateBean(AbstractAutowireCapableBeanFactory.java:563) ~[spring-beans-6.2.1.jar:6.2.1]
	at org.springframework.beans.factory.support.AbstractAutowireCapableBeanFactory.createBean(AbstractAutowireCapableBeanFactory.java:523) ~[spring-beans-6.2.1.jar:6.2.1]
	at org.springframework.beans.factory.support.AbstractBeanFactory.lambda$doGetBean$0(AbstractBeanFactory.java:336) ~[spring-beans-6.2.1.jar:6.2.1]
	at org.springframework.beans.factory.support.DefaultSingletonBeanRegistry.getSingleton(DefaultSingletonBeanRegistry.java:289) ~[spring-beans-6.2.1.jar:6.2.1]
	at org.springframework.beans.factory.support.AbstractBeanFactory.doGetBean(AbstractBeanFactory.java:334) ~[spring-beans-6.2.1.jar:6.2.1]
	at org.springframework.beans.factory.support.AbstractBeanFactory.getBean(AbstractBeanFactory.java:224) ~[spring-beans-6.2.1.jar:6.2.1]
	at org.springframework.beans.factory.support.DefaultListableBeanFactory.resolveNamedBean(DefaultListableBeanFactory.java:1489) ~[spring-beans-6.2.1.jar:6.2.1]
	at org.springframework.beans.factory.support.DefaultListableBeanFactory.resolveNamedBean(DefaultListableBeanFactory.java:1450) ~[spring-beans-6.2.1.jar:6.2.1]
	at org.springframework.beans.factory.support.DefaultListableBeanFactory.resolveBean(DefaultListableBeanFactory.java:516) ~[spring-beans-6.2.1.jar:6.2.1]
	at org.springframework.beans.factory.support.DefaultListableBeanFactory$1.getIfUnique(DefaultListableBeanFactory.java:468) ~[spring-beans-6.2.1.jar:6.2.1]
	at org.springframework.security.config.annotation.web.builders.WebSecurity.setApplicationContext(WebSecurity.java:428) ~[spring-security-config-6.4.2.jar:6.4.2]
	at org.springframework.context.support.ApplicationContextAwareProcessor.invokeAwareInterfaces(ApplicationContextAwareProcessor.java:110) ~[spring-context-6.2.1.jar:6.2.1]
	at org.springframework.context.support.ApplicationContextAwareProcessor.postProcessBeforeInitialization(ApplicationContextAwareProcessor.java:85) ~[spring-context-6.2.1.jar:6.2.1]
	at org.springframework.beans.factory.support.AbstractAutowireCapableBeanFactory.applyBeanPostProcessorsBeforeInitialization(AbstractAutowireCapableBeanFactory.java:423) ~[spring-beans-6.2.1.jar:6.2.1]
	at org.springframework.beans.factory.support.AbstractAutowireCapableBeanFactory.initializeBean(AbstractAutowireCapableBeanFactory.java:1800) ~[spring-beans-6.2.1.jar:6.2.1]
	at org.springframework.beans.factory.support.AbstractAutowireCapableBeanFactory.initializeBean(AbstractAutowireCapableBeanFactory.java:413) ~[spring-beans-6.2.1.jar:6.2.1]
	at org.springframework.security.config.annotation.configuration.AutowireBeanFactoryObjectPostProcessor.initializeBeanIfNeeded(AutowireBeanFactoryObjectPostProcessor.java:98) ~[spring-security-config-6.4.2.jar:6.4.2]
	at org.springframework.security.config.annotation.configuration.AutowireBeanFactoryObjectPostProcessor.postProcess(AutowireBeanFactoryObjectPostProcessor.java:67) ~[spring-security-config-6.4.2.jar:6.4.2]
	at org.springframework.security.config.annotation.web.configuration.WebSecurityConfiguration.setFilterChainProxySecurityConfigurer(WebSecurityConfiguration.java:145) ~[spring-security-config-6.4.2.jar:6.4.2]
	at java.base/jdk.internal.reflect.DirectMethodHandleAccessor.invoke(DirectMethodHandleAccessor.java:103) ~[?:?]
	at java.base/java.lang.reflect.Method.invoke(Method.java:580) ~[?:?]
	at org.springframework.beans.factory.annotation.AutowiredAnnotationBeanPostProcessor$AutowiredMethodElement.inject(AutowiredAnnotationBeanPostProcessor.java:854) ~[spring-beans-6.2.1.jar:6.2.1]
	at org.springframework.beans.factory.annotation.InjectionMetadata.inject(InjectionMetadata.java:146) ~[spring-beans-6.2.1.jar:6.2.1]
	at org.springframework.beans.factory.annotation.AutowiredAnnotationBeanPostProcessor.postProcessProperties(AutowiredAnnotationBeanPostProcessor.java:509) ~[spring-beans-6.2.1.jar:6.2.1]
	... 19 more
Caused by: org.springframework.beans.factory.BeanCreationException: Error creating bean with name 'requestMappingHandlerMapping' defined in class path resource [org/springframework/boot/autoconfigure/web/servlet/WebMvcAutoConfiguration$EnableWebMvcConfiguration.class]: Ambiguous mapping. Cannot map 'homeController' method 
com.ibrahim.bakkalApp.controller.HomeController#defaultAfterLogin(Authentication)
to {GET [/default]}: There is already 'defaultController' bean method
com.ibrahim.bakkalApp.controller.DefaultController#defaultAfterLogin(Authentication) mapped.
	at org.springframework.beans.factory.support.AbstractAutowireCapableBeanFactory.initializeBean(AbstractAutowireCapableBeanFactory.java:1808) ~[spring-beans-6.2.1.jar:6.2.1]
	at org.springframework.beans.factory.support.AbstractAutowireCapableBeanFactory.doCreateBean(AbstractAutowireCapableBeanFactory.java:601) ~[spring-beans-6.2.1.jar:6.2.1]
	at org.springframework.beans.factory.support.AbstractAutowireCapableBeanFactory.createBean(AbstractAutowireCapableBeanFactory.java:523) ~[spring-beans-6.2.1.jar:6.2.1]
	at org.springframework.beans.factory.support.AbstractBeanFactory.lambda$doGetBean$0(AbstractBeanFactory.java:336) ~[spring-beans-6.2.1.jar:6.2.1]
	at org.springframework.beans.factory.support.DefaultSingletonBeanRegistry.getSingleton(DefaultSingletonBeanRegistry.java:289) ~[spring-beans-6.2.1.jar:6.2.1]
	at org.springframework.beans.factory.support.AbstractBeanFactory.doGetBean(AbstractBeanFactory.java:334) ~[spring-beans-6.2.1.jar:6.2.1]
	at org.springframework.beans.factory.support.AbstractBeanFactory.getBean(AbstractBeanFactory.java:199) ~[spring-beans-6.2.1.jar:6.2.1]
	at org.springframework.beans.factory.support.DefaultListableBeanFactory.getBeansOfType(DefaultListableBeanFactory.java:695) ~[spring-beans-6.2.1.jar:6.2.1]
	at org.springframework.context.support.AbstractApplicationContext.getBeansOfType(AbstractApplicationContext.java:1426) ~[spring-context-6.2.1.jar:6.2.1]
	at org.springframework.beans.factory.BeanFactoryUtils.beansOfTypeIncludingAncestors(BeanFactoryUtils.java:368) ~[spring-beans-6.2.1.jar:6.2.1]
	at org.springframework.web.servlet.handler.HandlerMappingIntrospector.initHandlerMappings(HandlerMappingIntrospector.java:135) ~[spring-webmvc-6.2.1.jar:6.2.1]
	at org.springframework.web.servlet.handler.HandlerMappingIntrospector.afterPropertiesSet(HandlerMappingIntrospector.java:123) ~[spring-webmvc-6.2.1.jar:6.2.1]
	at org.springframework.beans.factory.support.AbstractAutowireCapableBeanFactory.invokeInitMethods(AbstractAutowireCapableBeanFactory.java:1855) ~[spring-beans-6.2.1.jar:6.2.1]
	at org.springframework.beans.factory.support.AbstractAutowireCapableBeanFactory.initializeBean(AbstractAutowireCapableBeanFactory.java:1804) ~[spring-beans-6.2.1.jar:6.2.1]
	at org.springframework.beans.factory.support.AbstractAutowireCapableBeanFactory.doCreateBean(AbstractAutowireCapableBeanFactory.java:601) ~[spring-beans-6.2.1.jar:6.2.1]
	at org.springframework.beans.factory.support.AbstractAutowireCapableBeanFactory.createBean(AbstractAutowireCapableBeanFactory.java:523) ~[spring-beans-6.2.1.jar:6.2.1]
	at org.springframework.beans.factory.support.AbstractBeanFactory.lambda$doGetBean$0(AbstractBeanFactory.java:336) ~[spring-beans-6.2.1.jar:6.2.1]
	at org.springframework.beans.factory.support.DefaultSingletonBeanRegistry.getSingleton(DefaultSingletonBeanRegistry.java:289) ~[spring-beans-6.2.1.jar:6.2.1]
	at org.springframework.beans.factory.support.AbstractBeanFactory.doGetBean(AbstractBeanFactory.java:334) ~[spring-beans-6.2.1.jar:6.2.1]
	at org.springframework.beans.factory.support.AbstractBeanFactory.getBean(AbstractBeanFactory.java:199) ~[spring-beans-6.2.1.jar:6.2.1]
	at org.springframework.beans.factory.support.BeanDefinitionValueResolver.resolveReference(BeanDefinitionValueResolver.java:365) ~[spring-beans-6.2.1.jar:6.2.1]
	at org.springframework.beans.factory.support.BeanDefinitionValueResolver.resolveValueIfNecessary(BeanDefinitionValueResolver.java:135) ~[spring-beans-6.2.1.jar:6.2.1]
	at org.springframework.beans.factory.support.ConstructorResolver.resolveConstructorArguments(ConstructorResolver.java:691) ~[spring-beans-6.2.1.jar:6.2.1]
	at org.springframework.beans.factory.support.ConstructorResolver.autowireConstructor(ConstructorResolver.java:206) ~[spring-beans-6.2.1.jar:6.2.1]
	at org.springframework.beans.factory.support.AbstractAutowireCapableBeanFactory.autowireConstructor(AbstractAutowireCapableBeanFactory.java:1377) ~[spring-beans-6.2.1.jar:6.2.1]
	at org.springframework.beans.factory.support.AbstractAutowireCapableBeanFactory.createBeanInstance(AbstractAutowireCapableBeanFactory.java:1214) ~[spring-beans-6.2.1.jar:6.2.1]
	at org.springframework.beans.factory.support.AbstractAutowireCapableBeanFactory.doCreateBean(AbstractAutowireCapableBeanFactory.java:563) ~[spring-beans-6.2.1.jar:6.2.1]
	at org.springframework.beans.factory.support.AbstractAutowireCapableBeanFactory.createBean(AbstractAutowireCapableBeanFactory.java:523) ~[spring-beans-6.2.1.jar:6.2.1]
	at org.springframework.beans.factory.support.AbstractBeanFactory.lambda$doGetBean$0(AbstractBeanFactory.java:336) ~[spring-beans-6.2.1.jar:6.2.1]
	at org.springframework.beans.factory.support.DefaultSingletonBeanRegistry.getSingleton(DefaultSingletonBeanRegistry.java:289) ~[spring-beans-6.2.1.jar:6.2.1]
	at org.springframework.beans.factory.support.AbstractBeanFactory.doGetBean(AbstractBeanFactory.java:334) ~[spring-beans-6.2.1.jar:6.2.1]
	at org.springframework.beans.factory.support.AbstractBeanFactory.getBean(AbstractBeanFactory.java:224) ~[spring-beans-6.2.1.jar:6.2.1]
	at org.springframework.beans.factory.support.DefaultListableBeanFactory.resolveNamedBean(DefaultListableBeanFactory.java:1489) ~[spring-beans-6.2.1.jar:6.2.1]
	at org.springframework.beans.factory.support.DefaultListableBeanFactory.resolveNamedBean(DefaultListableBeanFactory.java:1450) ~[spring-beans-6.2.1.jar:6.2.1]
	at org.springframework.beans.factory.support.DefaultListableBeanFactory.resolveBean(DefaultListableBeanFactory.java:516) ~[spring-beans-6.2.1.jar:6.2.1]
	at org.springframework.beans.factory.support.DefaultListableBeanFactory$1.getIfUnique(DefaultListableBeanFactory.java:468) ~[spring-beans-6.2.1.jar:6.2.1]
	at org.springframework.security.config.annotation.web.builders.WebSecurity.setApplicationContext(WebSecurity.java:428) ~[spring-security-config-6.4.2.jar:6.4.2]
	at org.springframework.context.support.ApplicationContextAwareProcessor.invokeAwareInterfaces(ApplicationContextAwareProcessor.java:110) ~[spring-context-6.2.1.jar:6.2.1]
	at org.springframework.context.support.ApplicationContextAwareProcessor.postProcessBeforeInitialization(ApplicationContextAwareProcessor.java:85) ~[spring-context-6.2.1.jar:6.2.1]
	at org.springframework.beans.factory.support.AbstractAutowireCapableBeanFactory.applyBeanPostProcessorsBeforeInitialization(AbstractAutowireCapableBeanFactory.java:423) ~[spring-beans-6.2.1.jar:6.2.1]
	at org.springframework.beans.factory.support.AbstractAutowireCapableBeanFactory.initializeBean(AbstractAutowireCapableBeanFactory.java:1800) ~[spring-beans-6.2.1.jar:6.2.1]
	at org.springframework.beans.factory.support.AbstractAutowireCapableBeanFactory.initializeBean(AbstractAutowireCapableBeanFactory.java:413) ~[spring-beans-6.2.1.jar:6.2.1]
	at org.springframework.security.config.annotation.configuration.AutowireBeanFactoryObjectPostProcessor.initializeBeanIfNeeded(AutowireBeanFactoryObjectPostProcessor.java:98) ~[spring-security-config-6.4.2.jar:6.4.2]
	at org.springframework.security.config.annotation.configuration.AutowireBeanFactoryObjectPostProcessor.postProcess(AutowireBeanFactoryObjectPostProcessor.java:67) ~[spring-security-config-6.4.2.jar:6.4.2]
	at org.springframework.security.config.annotation.web.configuration.WebSecurityConfiguration.setFilterChainProxySecurityConfigurer(WebSecurityConfiguration.java:145) ~[spring-security-config-6.4.2.jar:6.4.2]
	at java.base/jdk.internal.reflect.DirectMethodHandleAccessor.invoke(DirectMethodHandleAccessor.java:103) ~[?:?]
	at java.base/java.lang.reflect.Method.invoke(Method.java:580) ~[?:?]
	at org.springframework.beans.factory.annotation.AutowiredAnnotationBeanPostProcessor$AutowiredMethodElement.inject(AutowiredAnnotationBeanPostProcessor.java:854) ~[spring-beans-6.2.1.jar:6.2.1]
	at org.springframework.beans.factory.annotation.InjectionMetadata.inject(InjectionMetadata.java:146) ~[spring-beans-6.2.1.jar:6.2.1]
	at org.springframework.beans.factory.annotation.AutowiredAnnotationBeanPostProcessor.postProcessProperties(AutowiredAnnotationBeanPostProcessor.java:509) ~[spring-beans-6.2.1.jar:6.2.1]
	... 19 more
Caused by: java.lang.IllegalStateException: Ambiguous mapping. Cannot map 'homeController' method 
com.ibrahim.bakkalApp.controller.HomeController#defaultAfterLogin(Authentication)
to {GET [/default]}: There is already 'defaultController' bean method
com.ibrahim.bakkalApp.controller.DefaultController#defaultAfterLogin(Authentication) mapped.
	at org.springframework.web.servlet.handler.AbstractHandlerMethodMapping$MappingRegistry.validateMethodMapping(AbstractHandlerMethodMapping.java:675) ~[spring-webmvc-6.2.1.jar:6.2.1]
	at org.springframework.web.servlet.handler.AbstractHandlerMethodMapping$MappingRegistry.register(AbstractHandlerMethodMapping.java:637) ~[spring-webmvc-6.2.1.jar:6.2.1]
	at org.springframework.web.servlet.handler.AbstractHandlerMethodMapping.registerHandlerMethod(AbstractHandlerMethodMapping.java:331) ~[spring-webmvc-6.2.1.jar:6.2.1]
	at org.springframework.web.servlet.mvc.method.annotation.RequestMappingHandlerMapping.registerHandlerMethod(RequestMappingHandlerMapping.java:509) ~[spring-webmvc-6.2.1.jar:6.2.1]
	at org.springframework.web.servlet.mvc.method.annotation.RequestMappingHandlerMapping.registerHandlerMethod(RequestMappingHandlerMapping.java:84) ~[spring-webmvc-6.2.1.jar:6.2.1]
	at org.springframework.web.servlet.handler.AbstractHandlerMethodMapping.lambda$detectHandlerMethods$2(AbstractHandlerMethodMapping.java:298) ~[spring-webmvc-6.2.1.jar:6.2.1]
	at java.base/java.util.LinkedHashMap.forEach(LinkedHashMap.java:987) ~[?:?]
	at org.springframework.web.servlet.handler.AbstractHandlerMethodMapping.detectHandlerMethods(AbstractHandlerMethodMapping.java:296) ~[spring-webmvc-6.2.1.jar:6.2.1]
	at org.springframework.web.servlet.handler.AbstractHandlerMethodMapping.processCandidateBean(AbstractHandlerMethodMapping.java:265) ~[spring-webmvc-6.2.1.jar:6.2.1]
	at org.springframework.web.servlet.handler.AbstractHandlerMethodMapping.initHandlerMethods(AbstractHandlerMethodMapping.java:224) ~[spring-webmvc-6.2.1.jar:6.2.1]
	at org.springframework.web.servlet.handler.AbstractHandlerMethodMapping.afterPropertiesSet(AbstractHandlerMethodMapping.java:212) ~[spring-webmvc-6.2.1.jar:6.2.1]
	at org.springframework.web.servlet.mvc.method.annotation.RequestMappingHandlerMapping.afterPropertiesSet(RequestMappingHandlerMapping.java:239) ~[spring-webmvc-6.2.1.jar:6.2.1]
	at org.springframework.beans.factory.support.AbstractAutowireCapableBeanFactory.invokeInitMethods(AbstractAutowireCapableBeanFactory.java:1855) ~[spring-beans-6.2.1.jar:6.2.1]
	at org.springframework.beans.factory.support.AbstractAutowireCapableBeanFactory.initializeBean(AbstractAutowireCapableBeanFactory.java:1804) ~[spring-beans-6.2.1.jar:6.2.1]
	at org.springframework.beans.factory.support.AbstractAutowireCapableBeanFactory.doCreateBean(AbstractAutowireCapableBeanFactory.java:601) ~[spring-beans-6.2.1.jar:6.2.1]
	at org.springframework.beans.factory.support.AbstractAutowireCapableBeanFactory.createBean(AbstractAutowireCapableBeanFactory.java:523) ~[spring-beans-6.2.1.jar:6.2.1]
	at org.springframework.beans.factory.support.AbstractBeanFactory.lambda$doGetBean$0(AbstractBeanFactory.java:336) ~[spring-beans-6.2.1.jar:6.2.1]
	at org.springframework.beans.factory.support.DefaultSingletonBeanRegistry.getSingleton(DefaultSingletonBeanRegistry.java:289) ~[spring-beans-6.2.1.jar:6.2.1]
	at org.springframework.beans.factory.support.AbstractBeanFactory.doGetBean(AbstractBeanFactory.java:334) ~[spring-beans-6.2.1.jar:6.2.1]
	at org.springframework.beans.factory.support.AbstractBeanFactory.getBean(AbstractBeanFactory.java:199) ~[spring-beans-6.2.1.jar:6.2.1]
	at org.springframework.beans.factory.support.DefaultListableBeanFactory.getBeansOfType(DefaultListableBeanFactory.java:695) ~[spring-beans-6.2.1.jar:6.2.1]
	at org.springframework.context.support.AbstractApplicationContext.getBeansOfType(AbstractApplicationContext.java:1426) ~[spring-context-6.2.1.jar:6.2.1]
	at org.springframework.beans.factory.BeanFactoryUtils.beansOfTypeIncludingAncestors(BeanFactoryUtils.java:368) ~[spring-beans-6.2.1.jar:6.2.1]
	at org.springframework.web.servlet.handler.HandlerMappingIntrospector.initHandlerMappings(HandlerMappingIntrospector.java:135) ~[spring-webmvc-6.2.1.jar:6.2.1]
	at org.springframework.web.servlet.handler.HandlerMappingIntrospector.afterPropertiesSet(HandlerMappingIntrospector.java:123) ~[spring-webmvc-6.2.1.jar:6.2.1]
	at org.springframework.beans.factory.support.AbstractAutowireCapableBeanFactory.invokeInitMethods(AbstractAutowireCapableBeanFactory.java:1855) ~[spring-beans-6.2.1.jar:6.2.1]
	at org.springframework.beans.factory.support.AbstractAutowireCapableBeanFactory.initializeBean(AbstractAutowireCapableBeanFactory.java:1804) ~[spring-beans-6.2.1.jar:6.2.1]
	at org.springframework.beans.factory.support.AbstractAutowireCapableBeanFactory.doCreateBean(AbstractAutowireCapableBeanFactory.java:601) ~[spring-beans-6.2.1.jar:6.2.1]
	at org.springframework.beans.factory.support.AbstractAutowireCapableBeanFactory.createBean(AbstractAutowireCapableBeanFactory.java:523) ~[spring-beans-6.2.1.jar:6.2.1]
	at org.springframework.beans.factory.support.AbstractBeanFactory.lambda$doGetBean$0(AbstractBeanFactory.java:336) ~[spring-beans-6.2.1.jar:6.2.1]
	at org.springframework.beans.factory.support.DefaultSingletonBeanRegistry.getSingleton(DefaultSingletonBeanRegistry.java:289) ~[spring-beans-6.2.1.jar:6.2.1]
	at org.springframework.beans.factory.support.AbstractBeanFactory.doGetBean(AbstractBeanFactory.java:334) ~[spring-beans-6.2.1.jar:6.2.1]
	at org.springframework.beans.factory.support.AbstractBeanFactory.getBean(AbstractBeanFactory.java:199) ~[spring-beans-6.2.1.jar:6.2.1]
	at org.springframework.beans.factory.support.BeanDefinitionValueResolver.resolveReference(BeanDefinitionValueResolver.java:365) ~[spring-beans-6.2.1.jar:6.2.1]
	at org.springframework.beans.factory.support.BeanDefinitionValueResolver.resolveValueIfNecessary(BeanDefinitionValueResolver.java:135) ~[spring-beans-6.2.1.jar:6.2.1]
	at org.springframework.beans.factory.support.ConstructorResolver.resolveConstructorArguments(ConstructorResolver.java:691) ~[spring-beans-6.2.1.jar:6.2.1]
	at org.springframework.beans.factory.support.ConstructorResolver.autowireConstructor(ConstructorResolver.java:206) ~[spring-beans-6.2.1.jar:6.2.1]
	at org.springframework.beans.factory.support.AbstractAutowireCapableBeanFactory.autowireConstructor(AbstractAutowireCapableBeanFactory.java:1377) ~[spring-beans-6.2.1.jar:6.2.1]
	at org.springframework.beans.factory.support.AbstractAutowireCapableBeanFactory.createBeanInstance(AbstractAutowireCapableBeanFactory.java:1214) ~[spring-beans-6.2.1.jar:6.2.1]
	at org.springframework.beans.factory.support.AbstractAutowireCapableBeanFactory.doCreateBean(AbstractAutowireCapableBeanFactory.java:563) ~[spring-beans-6.2.1.jar:6.2.1]
	at org.springframework.beans.factory.support.AbstractAutowireCapableBeanFactory.createBean(AbstractAutowireCapableBeanFactory.java:523) ~[spring-beans-6.2.1.jar:6.2.1]
	at org.springframework.beans.factory.support.AbstractBeanFactory.lambda$doGetBean$0(AbstractBeanFactory.java:336) ~[spring-beans-6.2.1.jar:6.2.1]
	at org.springframework.beans.factory.support.DefaultSingletonBeanRegistry.getSingleton(DefaultSingletonBeanRegistry.java:289) ~[spring-beans-6.2.1.jar:6.2.1]
	at org.springframework.beans.factory.support.AbstractBeanFactory.doGetBean(AbstractBeanFactory.java:334) ~[spring-beans-6.2.1.jar:6.2.1]
	at org.springframework.beans.factory.support.AbstractBeanFactory.getBean(AbstractBeanFactory.java:224) ~[spring-beans-6.2.1.jar:6.2.1]
	at org.springframework.beans.factory.support.DefaultListableBeanFactory.resolveNamedBean(DefaultListableBeanFactory.java:1489) ~[spring-beans-6.2.1.jar:6.2.1]
	at org.springframework.beans.factory.support.DefaultListableBeanFactory.resolveNamedBean(DefaultListableBeanFactory.java:1450) ~[spring-beans-6.2.1.jar:6.2.1]
	at org.springframework.beans.factory.support.DefaultListableBeanFactory.resolveBean(DefaultListableBeanFactory.java:516) ~[spring-beans-6.2.1.jar:6.2.1]
	at org.springframework.beans.factory.support.DefaultListableBeanFactory$1.getIfUnique(DefaultListableBeanFactory.java:468) ~[spring-beans-6.2.1.jar:6.2.1]
	at org.springframework.security.config.annotation.web.builders.WebSecurity.setApplicationContext(WebSecurity.java:428) ~[spring-security-config-6.4.2.jar:6.4.2]
	at org.springframework.context.support.ApplicationContextAwareProcessor.invokeAwareInterfaces(ApplicationContextAwareProcessor.java:110) ~[spring-context-6.2.1.jar:6.2.1]
	at org.springframework.context.support.ApplicationContextAwareProcessor.postProcessBeforeInitialization(ApplicationContextAwareProcessor.java:85) ~[spring-context-6.2.1.jar:6.2.1]
	at org.springframework.beans.factory.support.AbstractAutowireCapableBeanFactory.applyBeanPostProcessorsBeforeInitialization(AbstractAutowireCapableBeanFactory.java:423) ~[spring-beans-6.2.1.jar:6.2.1]
	at org.springframework.beans.factory.support.AbstractAutowireCapableBeanFactory.initializeBean(AbstractAutowireCapableBeanFactory.java:1800) ~[spring-beans-6.2.1.jar:6.2.1]
	at org.springframework.beans.factory.support.AbstractAutowireCapableBeanFactory.initializeBean(AbstractAutowireCapableBeanFactory.java:413) ~[spring-beans-6.2.1.jar:6.2.1]
	at org.springframework.security.config.annotation.configuration.AutowireBeanFactoryObjectPostProcessor.initializeBeanIfNeeded(AutowireBeanFactoryObjectPostProcessor.java:98) ~[spring-security-config-6.4.2.jar:6.4.2]
	at org.springframework.security.config.annotation.configuration.AutowireBeanFactoryObjectPostProcessor.postProcess(AutowireBeanFactoryObjectPostProcessor.java:67) ~[spring-security-config-6.4.2.jar:6.4.2]
	at org.springframework.security.config.annotation.web.configuration.WebSecurityConfiguration.setFilterChainProxySecurityConfigurer(WebSecurityConfiguration.java:145) ~[spring-security-config-6.4.2.jar:6.4.2]
	at java.base/jdk.internal.reflect.DirectMethodHandleAccessor.invoke(DirectMethodHandleAccessor.java:103) ~[?:?]
	at java.base/java.lang.reflect.Method.invoke(Method.java:580) ~[?:?]
	at org.springframework.beans.factory.annotation.AutowiredAnnotationBeanPostProcessor$AutowiredMethodElement.inject(AutowiredAnnotationBeanPostProcessor.java:854) ~[spring-beans-6.2.1.jar:6.2.1]
	at org.springframework.beans.factory.annotation.InjectionMetadata.inject(InjectionMetadata.java:146) ~[spring-beans-6.2.1.jar:6.2.1]
	at org.springframework.beans.factory.annotation.AutowiredAnnotationBeanPostProcessor.postProcessProperties(AutowiredAnnotationBeanPostProcessor.java:509) ~[spring-beans-6.2.1.jar:6.2.1]
	... 19 more
2026-02-20 10:51:52.654 [main] INFO  com.ibrahim.bakkalApp.BakkalAppApplication - Starting BakkalAppApplication using Java 23.0.1 with PID 22760 (C:\Users\8063\IdeaProjects\bakkalApp\bakkalApp\target\classes started by 8063 in C:\Users\8063\IdeaProjects\bakkalApp\bakkalApp)
2026-02-20 10:51:52.670 [main] INFO  com.ibrahim.bakkalApp.BakkalAppApplication - No active profile set, falling back to 1 default profile: "default"
2026-02-20 10:51:54.198 [main] INFO  org.springframework.data.repository.config.RepositoryConfigurationDelegate - Bootstrapping Spring Data JPA repositories in DEFAULT mode.
2026-02-20 10:51:54.275 [main] INFO  org.springframework.data.repository.config.RepositoryConfigurationDelegate - Finished Spring Data repository scanning in 68 ms. Found 5 JPA repository interfaces.
2026-02-20 10:51:55.305 [main] INFO  org.springframework.boot.web.embedded.tomcat.TomcatWebServer - Tomcat initialized with port 8085 (http)
2026-02-20 10:51:55.320 [main] INFO  org.apache.coyote.http11.Http11NioProtocol - Initializing ProtocolHandler ["http-nio-8085"]
2026-02-20 10:51:55.337 [main] INFO  org.apache.catalina.core.StandardService - Starting service [Tomcat]
2026-02-20 10:51:55.337 [main] INFO  org.apache.catalina.core.StandardEngine - Starting Servlet engine: [Apache Tomcat/10.1.34]
2026-02-20 10:51:55.464 [main] INFO  org.apache.catalina.core.ContainerBase.[Tomcat].[localhost].[/] - Initializing Spring embedded WebApplicationContext
2026-02-20 10:51:55.468 [main] INFO  org.springframework.boot.web.servlet.context.ServletWebServerApplicationContext - Root WebApplicationContext: initialization completed in 2722 ms
2026-02-20 10:51:56.759 [main] INFO  org.springframework.orm.jpa.persistenceunit.SpringPersistenceUnitInfo - No LoadTimeWeaver setup: ignoring JPA class transformer
2026-02-20 10:51:56.815 [main] INFO  com.zaxxer.hikari.HikariDataSource - HikariPool-1 - Starting...
2026-02-20 10:51:57.253 [main] INFO  com.zaxxer.hikari.pool.HikariPool - HikariPool-1 - Added connection conn0: url=jdbc:h2:file:./data/testdb user=SA
2026-02-20 10:51:57.255 [main] INFO  com.zaxxer.hikari.HikariDataSource - HikariPool-1 - Start completed.
2026-02-20 10:51:57.285 [main] WARN  org.hibernate.orm.deprecation - HHH90000025: H2Dialect does not need to be specified explicitly using 'hibernate.dialect' (remove the property setting and it will be selected by default)
2026-02-20 10:51:58.954 [main] INFO  org.springframework.orm.jpa.LocalContainerEntityManagerFactoryBean - Initialized JPA EntityManagerFactory for persistence unit 'default'
2026-02-20 10:51:59.477 [main] INFO  org.springframework.security.config.annotation.authentication.configuration.InitializeUserDetailsBeanManagerConfigurer$InitializeUserDetailsManagerConfigurer - Global AuthenticationManager configured with UserDetailsService bean with name customUserDetailsService
2026-02-20 10:51:59.585 [main] WARN  org.springframework.boot.web.servlet.context.AnnotationConfigServletWebServerApplicationContext - Exception encountered during context initialization - cancelling refresh attempt: org.springframework.beans.factory.BeanCreationException: Error creating bean with name 'org.springframework.security.config.annotation.web.configuration.WebSecurityConfiguration': Injection of autowired dependencies failed
2026-02-20 10:51:59.585 [main] INFO  org.springframework.orm.jpa.LocalContainerEntityManagerFactoryBean - Closing JPA EntityManagerFactory for persistence unit 'default'
2026-02-20 10:51:59.587 [main] INFO  com.zaxxer.hikari.HikariDataSource - HikariPool-1 - Shutdown initiated...
2026-02-20 10:51:59.591 [main] INFO  com.zaxxer.hikari.HikariDataSource - HikariPool-1 - Shutdown completed.
2026-02-20 10:51:59.591 [main] INFO  org.apache.catalina.core.StandardService - Stopping service [Tomcat]
2026-02-20 10:51:59.605 [main] INFO  org.springframework.boot.autoconfigure.logging.ConditionEvaluationReportLogger - 

Error starting ApplicationContext. To display the condition evaluation report re-run your application with 'debug' enabled.
2026-02-20 10:51:59.622 [main] ERROR org.springframework.boot.SpringApplication - Application run failed
org.springframework.beans.factory.BeanCreationException: Error creating bean with name 'org.springframework.security.config.annotation.web.configuration.WebSecurityConfiguration': Injection of autowired dependencies failed
	at org.springframework.beans.factory.annotation.AutowiredAnnotationBeanPostProcessor.postProcessProperties(AutowiredAnnotationBeanPostProcessor.java:515) ~[spring-beans-6.2.1.jar:6.2.1]
	at org.springframework.beans.factory.support.AbstractAutowireCapableBeanFactory.populateBean(AbstractAutowireCapableBeanFactory.java:1441) ~[spring-beans-6.2.1.jar:6.2.1]
	at org.springframework.beans.factory.support.AbstractAutowireCapableBeanFactory.doCreateBean(AbstractAutowireCapableBeanFactory.java:600) ~[spring-beans-6.2.1.jar:6.2.1]
	at org.springframework.beans.factory.support.AbstractAutowireCapableBeanFactory.createBean(AbstractAutowireCapableBeanFactory.java:523) ~[spring-beans-6.2.1.jar:6.2.1]
	at org.springframework.beans.factory.support.AbstractBeanFactory.lambda$doGetBean$0(AbstractBeanFactory.java:336) ~[spring-beans-6.2.1.jar:6.2.1]
	at org.springframework.beans.factory.support.DefaultSingletonBeanRegistry.getSingleton(DefaultSingletonBeanRegistry.java:289) ~[spring-beans-6.2.1.jar:6.2.1]
	at org.springframework.beans.factory.support.AbstractBeanFactory.doGetBean(AbstractBeanFactory.java:334) ~[spring-beans-6.2.1.jar:6.2.1]
	at org.springframework.beans.factory.support.AbstractBeanFactory.getBean(AbstractBeanFactory.java:199) ~[spring-beans-6.2.1.jar:6.2.1]
	at org.springframework.beans.factory.support.DefaultListableBeanFactory.instantiateSingleton(DefaultListableBeanFactory.java:1122) ~[spring-beans-6.2.1.jar:6.2.1]
	at org.springframework.beans.factory.support.DefaultListableBeanFactory.preInstantiateSingleton(DefaultListableBeanFactory.java:1093) ~[spring-beans-6.2.1.jar:6.2.1]
	at org.springframework.beans.factory.support.DefaultListableBeanFactory.preInstantiateSingletons(DefaultListableBeanFactory.java:1030) ~[spring-beans-6.2.1.jar:6.2.1]
	at org.springframework.context.support.AbstractApplicationContext.finishBeanFactoryInitialization(AbstractApplicationContext.java:987) ~[spring-context-6.2.1.jar:6.2.1]
	at org.springframework.context.support.AbstractApplicationContext.refresh(AbstractApplicationContext.java:627) ~[spring-context-6.2.1.jar:6.2.1]
	at org.springframework.boot.web.servlet.context.ServletWebServerApplicationContext.refresh(ServletWebServerApplicationContext.java:146) ~[spring-boot-3.4.1.jar:3.4.1]
	at org.springframework.boot.SpringApplication.refresh(SpringApplication.java:752) [spring-boot-3.4.1.jar:3.4.1]
	at org.springframework.boot.SpringApplication.refreshContext(SpringApplication.java:439) [spring-boot-3.4.1.jar:3.4.1]
	at org.springframework.boot.SpringApplication.run(SpringApplication.java:318) [spring-boot-3.4.1.jar:3.4.1]
	at org.springframework.boot.SpringApplication.run(SpringApplication.java:1361) [spring-boot-3.4.1.jar:3.4.1]
	at org.springframework.boot.SpringApplication.run(SpringApplication.java:1350) [spring-boot-3.4.1.jar:3.4.1]
	at com.ibrahim.bakkalApp.BakkalAppApplication.main(BakkalAppApplication.java:12) [classes/:?]
Caused by: java.lang.RuntimeException: Could not postProcess org.springframework.security.config.annotation.web.builders.WebSecurity@58f27c37 of type class org.springframework.security.config.annotation.web.builders.WebSecurity
	at org.springframework.security.config.annotation.configuration.AutowireBeanFactoryObjectPostProcessor.postProcess(AutowireBeanFactoryObjectPostProcessor.java:71) ~[spring-security-config-6.4.2.jar:6.4.2]
	at org.springframework.security.config.annotation.web.configuration.WebSecurityConfiguration.setFilterChainProxySecurityConfigurer(WebSecurityConfiguration.java:145) ~[spring-security-config-6.4.2.jar:6.4.2]
	at java.base/jdk.internal.reflect.DirectMethodHandleAccessor.invoke(DirectMethodHandleAccessor.java:103) ~[?:?]
	at java.base/java.lang.reflect.Method.invoke(Method.java:580) ~[?:?]
	at org.springframework.beans.factory.annotation.AutowiredAnnotationBeanPostProcessor$AutowiredMethodElement.inject(AutowiredAnnotationBeanPostProcessor.java:854) ~[spring-beans-6.2.1.jar:6.2.1]
	at org.springframework.beans.factory.annotation.InjectionMetadata.inject(InjectionMetadata.java:146) ~[spring-beans-6.2.1.jar:6.2.1]
	at org.springframework.beans.factory.annotation.AutowiredAnnotationBeanPostProcessor.postProcessProperties(AutowiredAnnotationBeanPostProcessor.java:509) ~[spring-beans-6.2.1.jar:6.2.1]
	... 19 more
Caused by: org.springframework.beans.factory.BeanCreationException: Error creating bean with name 'mvcHandlerMappingIntrospectorRequestTransformer': Cannot resolve reference to bean 'mvcHandlerMappingIntrospector' while setting constructor argument
	at org.springframework.beans.factory.support.BeanDefinitionValueResolver.resolveReference(BeanDefinitionValueResolver.java:377) ~[spring-beans-6.2.1.jar:6.2.1]
	at org.springframework.beans.factory.support.BeanDefinitionValueResolver.resolveValueIfNecessary(BeanDefinitionValueResolver.java:135) ~[spring-beans-6.2.1.jar:6.2.1]
	at org.springframework.beans.factory.support.ConstructorResolver.resolveConstructorArguments(ConstructorResolver.java:691) ~[spring-beans-6.2.1.jar:6.2.1]
	at org.springframework.beans.factory.support.ConstructorResolver.autowireConstructor(ConstructorResolver.java:206) ~[spring-beans-6.2.1.jar:6.2.1]
	at org.springframework.beans.factory.support.AbstractAutowireCapableBeanFactory.autowireConstructor(AbstractAutowireCapableBeanFactory.java:1377) ~[spring-beans-6.2.1.jar:6.2.1]
	at org.springframework.beans.factory.support.AbstractAutowireCapableBeanFactory.createBeanInstance(AbstractAutowireCapableBeanFactory.java:1214) ~[spring-beans-6.2.1.jar:6.2.1]
	at org.springframework.beans.factory.support.AbstractAutowireCapableBeanFactory.doCreateBean(AbstractAutowireCapableBeanFactory.java:563) ~[spring-beans-6.2.1.jar:6.2.1]
	at org.springframework.beans.factory.support.AbstractAutowireCapableBeanFactory.createBean(AbstractAutowireCapableBeanFactory.java:523) ~[spring-beans-6.2.1.jar:6.2.1]
	at org.springframework.beans.factory.support.AbstractBeanFactory.lambda$doGetBean$0(AbstractBeanFactory.java:336) ~[spring-beans-6.2.1.jar:6.2.1]
	at org.springframework.beans.factory.support.DefaultSingletonBeanRegistry.getSingleton(DefaultSingletonBeanRegistry.java:289) ~[spring-beans-6.2.1.jar:6.2.1]
	at org.springframework.beans.factory.support.AbstractBeanFactory.doGetBean(AbstractBeanFactory.java:334) ~[spring-beans-6.2.1.jar:6.2.1]
	at org.springframework.beans.factory.support.AbstractBeanFactory.getBean(AbstractBeanFactory.java:224) ~[spring-beans-6.2.1.jar:6.2.1]
	at org.springframework.beans.factory.support.DefaultListableBeanFactory.resolveNamedBean(DefaultListableBeanFactory.java:1489) ~[spring-beans-6.2.1.jar:6.2.1]
	at org.springframework.beans.factory.support.DefaultListableBeanFactory.resolveNamedBean(DefaultListableBeanFactory.java:1450) ~[spring-beans-6.2.1.jar:6.2.1]
	at org.springframework.beans.factory.support.DefaultListableBeanFactory.resolveBean(DefaultListableBeanFactory.java:516) ~[spring-beans-6.2.1.jar:6.2.1]
	at org.springframework.beans.factory.support.DefaultListableBeanFactory$1.getIfUnique(DefaultListableBeanFactory.java:468) ~[spring-beans-6.2.1.jar:6.2.1]
	at org.springframework.security.config.annotation.web.builders.WebSecurity.setApplicationContext(WebSecurity.java:428) ~[spring-security-config-6.4.2.jar:6.4.2]
	at org.springframework.context.support.ApplicationContextAwareProcessor.invokeAwareInterfaces(ApplicationContextAwareProcessor.java:110) ~[spring-context-6.2.1.jar:6.2.1]
	at org.springframework.context.support.ApplicationContextAwareProcessor.postProcessBeforeInitialization(ApplicationContextAwareProcessor.java:85) ~[spring-context-6.2.1.jar:6.2.1]
	at org.springframework.beans.factory.support.AbstractAutowireCapableBeanFactory.applyBeanPostProcessorsBeforeInitialization(AbstractAutowireCapableBeanFactory.java:423) ~[spring-beans-6.2.1.jar:6.2.1]
	at org.springframework.beans.factory.support.AbstractAutowireCapableBeanFactory.initializeBean(AbstractAutowireCapableBeanFactory.java:1800) ~[spring-beans-6.2.1.jar:6.2.1]
	at org.springframework.beans.factory.support.AbstractAutowireCapableBeanFactory.initializeBean(AbstractAutowireCapableBeanFactory.java:413) ~[spring-beans-6.2.1.jar:6.2.1]
	at org.springframework.security.config.annotation.configuration.AutowireBeanFactoryObjectPostProcessor.initializeBeanIfNeeded(AutowireBeanFactoryObjectPostProcessor.java:98) ~[spring-security-config-6.4.2.jar:6.4.2]
	at org.springframework.security.config.annotation.configuration.AutowireBeanFactoryObjectPostProcessor.postProcess(AutowireBeanFactoryObjectPostProcessor.java:67) ~[spring-security-config-6.4.2.jar:6.4.2]
	at org.springframework.security.config.annotation.web.configuration.WebSecurityConfiguration.setFilterChainProxySecurityConfigurer(WebSecurityConfiguration.java:145) ~[spring-security-config-6.4.2.jar:6.4.2]
	at java.base/jdk.internal.reflect.DirectMethodHandleAccessor.invoke(DirectMethodHandleAccessor.java:103) ~[?:?]
	at java.base/java.lang.reflect.Method.invoke(Method.java:580) ~[?:?]
	at org.springframework.beans.factory.annotation.AutowiredAnnotationBeanPostProcessor$AutowiredMethodElement.inject(AutowiredAnnotationBeanPostProcessor.java:854) ~[spring-beans-6.2.1.jar:6.2.1]
	at org.springframework.beans.factory.annotation.InjectionMetadata.inject(InjectionMetadata.java:146) ~[spring-beans-6.2.1.jar:6.2.1]
	at org.springframework.beans.factory.annotation.AutowiredAnnotationBeanPostProcessor.postProcessProperties(AutowiredAnnotationBeanPostProcessor.java:509) ~[spring-beans-6.2.1.jar:6.2.1]
	... 19 more
Caused by: org.springframework.beans.factory.BeanCreationException: Error creating bean with name 'mvcHandlerMappingIntrospector' defined in class path resource [org/springframework/boot/autoconfigure/web/servlet/WebMvcAutoConfiguration$EnableWebMvcConfiguration.class]: Error creating bean with name 'requestMappingHandlerMapping' defined in class path resource [org/springframework/boot/autoconfigure/web/servlet/WebMvcAutoConfiguration$EnableWebMvcConfiguration.class]: Ambiguous mapping. Cannot map 'homeController' method 
com.ibrahim.bakkalApp.controller.HomeController#defaultAfterLogin(Authentication)
to {GET [/default]}: There is already 'defaultController' bean method
com.ibrahim.bakkalApp.controller.DefaultController#defaultAfterLogin(Authentication) mapped.
	at org.springframework.beans.factory.support.AbstractAutowireCapableBeanFactory.initializeBean(AbstractAutowireCapableBeanFactory.java:1808) ~[spring-beans-6.2.1.jar:6.2.1]
	at org.springframework.beans.factory.support.AbstractAutowireCapableBeanFactory.doCreateBean(AbstractAutowireCapableBeanFactory.java:601) ~[spring-beans-6.2.1.jar:6.2.1]
	at org.springframework.beans.factory.support.AbstractAutowireCapableBeanFactory.createBean(AbstractAutowireCapableBeanFactory.java:523) ~[spring-beans-6.2.1.jar:6.2.1]
	at org.springframework.beans.factory.support.AbstractBeanFactory.lambda$doGetBean$0(AbstractBeanFactory.java:336) ~[spring-beans-6.2.1.jar:6.2.1]
	at org.springframework.beans.factory.support.DefaultSingletonBeanRegistry.getSingleton(DefaultSingletonBeanRegistry.java:289) ~[spring-beans-6.2.1.jar:6.2.1]
	at org.springframework.beans.factory.support.AbstractBeanFactory.doGetBean(AbstractBeanFactory.java:334) ~[spring-beans-6.2.1.jar:6.2.1]
	at org.springframework.beans.factory.support.AbstractBeanFactory.getBean(AbstractBeanFactory.java:199) ~[spring-beans-6.2.1.jar:6.2.1]
	at org.springframework.beans.factory.support.BeanDefinitionValueResolver.resolveReference(BeanDefinitionValueResolver.java:365) ~[spring-beans-6.2.1.jar:6.2.1]
	at org.springframework.beans.factory.support.BeanDefinitionValueResolver.resolveValueIfNecessary(BeanDefinitionValueResolver.java:135) ~[spring-beans-6.2.1.jar:6.2.1]
	at org.springframework.beans.factory.support.ConstructorResolver.resolveConstructorArguments(ConstructorResolver.java:691) ~[spring-beans-6.2.1.jar:6.2.1]
	at org.springframework.beans.factory.support.ConstructorResolver.autowireConstructor(ConstructorResolver.java:206) ~[spring-beans-6.2.1.jar:6.2.1]
	at org.springframework.beans.factory.support.AbstractAutowireCapableBeanFactory.autowireConstructor(AbstractAutowireCapableBeanFactory.java:1377) ~[spring-beans-6.2.1.jar:6.2.1]
	at org.springframework.beans.factory.support.AbstractAutowireCapableBeanFactory.createBeanInstance(AbstractAutowireCapableBeanFactory.java:1214) ~[spring-beans-6.2.1.jar:6.2.1]
	at org.springframework.beans.factory.support.AbstractAutowireCapableBeanFactory.doCreateBean(AbstractAutowireCapableBeanFactory.java:563) ~[spring-beans-6.2.1.jar:6.2.1]
	at org.springframework.beans.factory.support.AbstractAutowireCapableBeanFactory.createBean(AbstractAutowireCapableBeanFactory.java:523) ~[spring-beans-6.2.1.jar:6.2.1]
	at org.springframework.beans.factory.support.AbstractBeanFactory.lambda$doGetBean$0(AbstractBeanFactory.java:336) ~[spring-beans-6.2.1.jar:6.2.1]
	at org.springframework.beans.factory.support.DefaultSingletonBeanRegistry.getSingleton(DefaultSingletonBeanRegistry.java:289) ~[spring-beans-6.2.1.jar:6.2.1]
	at org.springframework.beans.factory.support.AbstractBeanFactory.doGetBean(AbstractBeanFactory.java:334) ~[spring-beans-6.2.1.jar:6.2.1]
	at org.springframework.beans.factory.support.AbstractBeanFactory.getBean(AbstractBeanFactory.java:224) ~[spring-beans-6.2.1.jar:6.2.1]
	at org.springframework.beans.factory.support.DefaultListableBeanFactory.resolveNamedBean(DefaultListableBeanFactory.java:1489) ~[spring-beans-6.2.1.jar:6.2.1]
	at org.springframework.beans.factory.support.DefaultListableBeanFactory.resolveNamedBean(DefaultListableBeanFactory.java:1450) ~[spring-beans-6.2.1.jar:6.2.1]
	at org.springframework.beans.factory.support.DefaultListableBeanFactory.resolveBean(DefaultListableBeanFactory.java:516) ~[spring-beans-6.2.1.jar:6.2.1]
	at org.springframework.beans.factory.support.DefaultListableBeanFactory$1.getIfUnique(DefaultListableBeanFactory.java:468) ~[spring-beans-6.2.1.jar:6.2.1]
	at org.springframework.security.config.annotation.web.builders.WebSecurity.setApplicationContext(WebSecurity.java:428) ~[spring-security-config-6.4.2.jar:6.4.2]
	at org.springframework.context.support.ApplicationContextAwareProcessor.invokeAwareInterfaces(ApplicationContextAwareProcessor.java:110) ~[spring-context-6.2.1.jar:6.2.1]
	at org.springframework.context.support.ApplicationContextAwareProcessor.postProcessBeforeInitialization(ApplicationContextAwareProcessor.java:85) ~[spring-context-6.2.1.jar:6.2.1]
	at org.springframework.beans.factory.support.AbstractAutowireCapableBeanFactory.applyBeanPostProcessorsBeforeInitialization(AbstractAutowireCapableBeanFactory.java:423) ~[spring-beans-6.2.1.jar:6.2.1]
	at org.springframework.beans.factory.support.AbstractAutowireCapableBeanFactory.initializeBean(AbstractAutowireCapableBeanFactory.java:1800) ~[spring-beans-6.2.1.jar:6.2.1]
	at org.springframework.beans.factory.support.AbstractAutowireCapableBeanFactory.initializeBean(AbstractAutowireCapableBeanFactory.java:413) ~[spring-beans-6.2.1.jar:6.2.1]
	at org.springframework.security.config.annotation.configuration.AutowireBeanFactoryObjectPostProcessor.initializeBeanIfNeeded(AutowireBeanFactoryObjectPostProcessor.java:98) ~[spring-security-config-6.4.2.jar:6.4.2]
	at org.springframework.security.config.annotation.configuration.AutowireBeanFactoryObjectPostProcessor.postProcess(AutowireBeanFactoryObjectPostProcessor.java:67) ~[spring-security-config-6.4.2.jar:6.4.2]
	at org.springframework.security.config.annotation.web.configuration.WebSecurityConfiguration.setFilterChainProxySecurityConfigurer(WebSecurityConfiguration.java:145) ~[spring-security-config-6.4.2.jar:6.4.2]
	at java.base/jdk.internal.reflect.DirectMethodHandleAccessor.invoke(DirectMethodHandleAccessor.java:103) ~[?:?]
	at java.base/java.lang.reflect.Method.invoke(Method.java:580) ~[?:?]
	at org.springframework.beans.factory.annotation.AutowiredAnnotationBeanPostProcessor$AutowiredMethodElement.inject(AutowiredAnnotationBeanPostProcessor.java:854) ~[spring-beans-6.2.1.jar:6.2.1]
	at org.springframework.beans.factory.annotation.InjectionMetadata.inject(InjectionMetadata.java:146) ~[spring-beans-6.2.1.jar:6.2.1]
	at org.springframework.beans.factory.annotation.AutowiredAnnotationBeanPostProcessor.postProcessProperties(AutowiredAnnotationBeanPostProcessor.java:509) ~[spring-beans-6.2.1.jar:6.2.1]
	... 19 more
Caused by: org.springframework.beans.factory.BeanCreationException: Error creating bean with name 'requestMappingHandlerMapping' defined in class path resource [org/springframework/boot/autoconfigure/web/servlet/WebMvcAutoConfiguration$EnableWebMvcConfiguration.class]: Ambiguous mapping. Cannot map 'homeController' method 
com.ibrahim.bakkalApp.controller.HomeController#defaultAfterLogin(Authentication)
to {GET [/default]}: There is already 'defaultController' bean method
com.ibrahim.bakkalApp.controller.DefaultController#defaultAfterLogin(Authentication) mapped.
	at org.springframework.beans.factory.support.AbstractAutowireCapableBeanFactory.initializeBean(AbstractAutowireCapableBeanFactory.java:1808) ~[spring-beans-6.2.1.jar:6.2.1]
	at org.springframework.beans.factory.support.AbstractAutowireCapableBeanFactory.doCreateBean(AbstractAutowireCapableBeanFactory.java:601) ~[spring-beans-6.2.1.jar:6.2.1]
	at org.springframework.beans.factory.support.AbstractAutowireCapableBeanFactory.createBean(AbstractAutowireCapableBeanFactory.java:523) ~[spring-beans-6.2.1.jar:6.2.1]
	at org.springframework.beans.factory.support.AbstractBeanFactory.lambda$doGetBean$0(AbstractBeanFactory.java:336) ~[spring-beans-6.2.1.jar:6.2.1]
	at org.springframework.beans.factory.support.DefaultSingletonBeanRegistry.getSingleton(DefaultSingletonBeanRegistry.java:289) ~[spring-beans-6.2.1.jar:6.2.1]
	at org.springframework.beans.factory.support.AbstractBeanFactory.doGetBean(AbstractBeanFactory.java:334) ~[spring-beans-6.2.1.jar:6.2.1]
	at org.springframework.beans.factory.support.AbstractBeanFactory.getBean(AbstractBeanFactory.java:199) ~[spring-beans-6.2.1.jar:6.2.1]
	at org.springframework.beans.factory.support.DefaultListableBeanFactory.getBeansOfType(DefaultListableBeanFactory.java:695) ~[spring-beans-6.2.1.jar:6.2.1]
	at org.springframework.context.support.AbstractApplicationContext.getBeansOfType(AbstractApplicationContext.java:1426) ~[spring-context-6.2.1.jar:6.2.1]
	at org.springframework.beans.factory.BeanFactoryUtils.beansOfTypeIncludingAncestors(BeanFactoryUtils.java:368) ~[spring-beans-6.2.1.jar:6.2.1]
	at org.springframework.web.servlet.handler.HandlerMappingIntrospector.initHandlerMappings(HandlerMappingIntrospector.java:135) ~[spring-webmvc-6.2.1.jar:6.2.1]
	at org.springframework.web.servlet.handler.HandlerMappingIntrospector.afterPropertiesSet(HandlerMappingIntrospector.java:123) ~[spring-webmvc-6.2.1.jar:6.2.1]
	at org.springframework.beans.factory.support.AbstractAutowireCapableBeanFactory.invokeInitMethods(AbstractAutowireCapableBeanFactory.java:1855) ~[spring-beans-6.2.1.jar:6.2.1]
	at org.springframework.beans.factory.support.AbstractAutowireCapableBeanFactory.initializeBean(AbstractAutowireCapableBeanFactory.java:1804) ~[spring-beans-6.2.1.jar:6.2.1]
	at org.springframework.beans.factory.support.AbstractAutowireCapableBeanFactory.doCreateBean(AbstractAutowireCapableBeanFactory.java:601) ~[spring-beans-6.2.1.jar:6.2.1]
	at org.springframework.beans.factory.support.AbstractAutowireCapableBeanFactory.createBean(AbstractAutowireCapableBeanFactory.java:523) ~[spring-beans-6.2.1.jar:6.2.1]
	at org.springframework.beans.factory.support.AbstractBeanFactory.lambda$doGetBean$0(AbstractBeanFactory.java:336) ~[spring-beans-6.2.1.jar:6.2.1]
	at org.springframework.beans.factory.support.DefaultSingletonBeanRegistry.getSingleton(DefaultSingletonBeanRegistry.java:289) ~[spring-beans-6.2.1.jar:6.2.1]
	at org.springframework.beans.factory.support.AbstractBeanFactory.doGetBean(AbstractBeanFactory.java:334) ~[spring-beans-6.2.1.jar:6.2.1]
	at org.springframework.beans.factory.support.AbstractBeanFactory.getBean(AbstractBeanFactory.java:199) ~[spring-beans-6.2.1.jar:6.2.1]
	at org.springframework.beans.factory.support.BeanDefinitionValueResolver.resolveReference(BeanDefinitionValueResolver.java:365) ~[spring-beans-6.2.1.jar:6.2.1]
	at org.springframework.beans.factory.support.BeanDefinitionValueResolver.resolveValueIfNecessary(BeanDefinitionValueResolver.java:135) ~[spring-beans-6.2.1.jar:6.2.1]
	at org.springframework.beans.factory.support.ConstructorResolver.resolveConstructorArguments(ConstructorResolver.java:691) ~[spring-beans-6.2.1.jar:6.2.1]
	at org.springframework.beans.factory.support.ConstructorResolver.autowireConstructor(ConstructorResolver.java:206) ~[spring-beans-6.2.1.jar:6.2.1]
	at org.springframework.beans.factory.support.AbstractAutowireCapableBeanFactory.autowireConstructor(AbstractAutowireCapableBeanFactory.java:1377) ~[spring-beans-6.2.1.jar:6.2.1]
	at org.springframework.beans.factory.support.AbstractAutowireCapableBeanFactory.createBeanInstance(AbstractAutowireCapableBeanFactory.java:1214) ~[spring-beans-6.2.1.jar:6.2.1]
	at org.springframework.beans.factory.support.AbstractAutowireCapableBeanFactory.doCreateBean(AbstractAutowireCapableBeanFactory.java:563) ~[spring-beans-6.2.1.jar:6.2.1]
	at org.springframework.beans.factory.support.AbstractAutowireCapableBeanFactory.createBean(AbstractAutowireCapableBeanFactory.java:523) ~[spring-beans-6.2.1.jar:6.2.1]
	at org.springframework.beans.factory.support.AbstractBeanFactory.lambda$doGetBean$0(AbstractBeanFactory.java:336) ~[spring-beans-6.2.1.jar:6.2.1]
	at org.springframework.beans.factory.support.DefaultSingletonBeanRegistry.getSingleton(DefaultSingletonBeanRegistry.java:289) ~[spring-beans-6.2.1.jar:6.2.1]
	at org.springframework.beans.factory.support.AbstractBeanFactory.doGetBean(AbstractBeanFactory.java:334) ~[spring-beans-6.2.1.jar:6.2.1]
	at org.springframework.beans.factory.support.AbstractBeanFactory.getBean(AbstractBeanFactory.java:224) ~[spring-beans-6.2.1.jar:6.2.1]
	at org.springframework.beans.factory.support.DefaultListableBeanFactory.resolveNamedBean(DefaultListableBeanFactory.java:1489) ~[spring-beans-6.2.1.jar:6.2.1]
	at org.springframework.beans.factory.support.DefaultListableBeanFactory.resolveNamedBean(DefaultListableBeanFactory.java:1450) ~[spring-beans-6.2.1.jar:6.2.1]
	at org.springframework.beans.factory.support.DefaultListableBeanFactory.resolveBean(DefaultListableBeanFactory.java:516) ~[spring-beans-6.2.1.jar:6.2.1]
	at org.springframework.beans.factory.support.DefaultListableBeanFactory$1.getIfUnique(DefaultListableBeanFactory.java:468) ~[spring-beans-6.2.1.jar:6.2.1]
	at org.springframework.security.config.annotation.web.builders.WebSecurity.setApplicationContext(WebSecurity.java:428) ~[spring-security-config-6.4.2.jar:6.4.2]
	at org.springframework.context.support.ApplicationContextAwareProcessor.invokeAwareInterfaces(ApplicationContextAwareProcessor.java:110) ~[spring-context-6.2.1.jar:6.2.1]
	at org.springframework.context.support.ApplicationContextAwareProcessor.postProcessBeforeInitialization(ApplicationContextAwareProcessor.java:85) ~[spring-context-6.2.1.jar:6.2.1]
	at org.springframework.beans.factory.support.AbstractAutowireCapableBeanFactory.applyBeanPostProcessorsBeforeInitialization(AbstractAutowireCapableBeanFactory.java:423) ~[spring-beans-6.2.1.jar:6.2.1]
	at org.springframework.beans.factory.support.AbstractAutowireCapableBeanFactory.initializeBean(AbstractAutowireCapableBeanFactory.java:1800) ~[spring-beans-6.2.1.jar:6.2.1]
	at org.springframework.beans.factory.support.AbstractAutowireCapableBeanFactory.initializeBean(AbstractAutowireCapableBeanFactory.java:413) ~[spring-beans-6.2.1.jar:6.2.1]
	at org.springframework.security.config.annotation.configuration.AutowireBeanFactoryObjectPostProcessor.initializeBeanIfNeeded(AutowireBeanFactoryObjectPostProcessor.java:98) ~[spring-security-config-6.4.2.jar:6.4.2]
	at org.springframework.security.config.annotation.configuration.AutowireBeanFactoryObjectPostProcessor.postProcess(AutowireBeanFactoryObjectPostProcessor.java:67) ~[spring-security-config-6.4.2.jar:6.4.2]
	at org.springframework.security.config.annotation.web.configuration.WebSecurityConfiguration.setFilterChainProxySecurityConfigurer(WebSecurityConfiguration.java:145) ~[spring-security-config-6.4.2.jar:6.4.2]
	at java.base/jdk.internal.reflect.DirectMethodHandleAccessor.invoke(DirectMethodHandleAccessor.java:103) ~[?:?]
	at java.base/java.lang.reflect.Method.invoke(Method.java:580) ~[?:?]
	at org.springframework.beans.factory.annotation.AutowiredAnnotationBeanPostProcessor$AutowiredMethodElement.inject(AutowiredAnnotationBeanPostProcessor.java:854) ~[spring-beans-6.2.1.jar:6.2.1]
	at org.springframework.beans.factory.annotation.InjectionMetadata.inject(InjectionMetadata.java:146) ~[spring-beans-6.2.1.jar:6.2.1]
	at org.springframework.beans.factory.annotation.AutowiredAnnotationBeanPostProcessor.postProcessProperties(AutowiredAnnotationBeanPostProcessor.java:509) ~[spring-beans-6.2.1.jar:6.2.1]
	... 19 more
Caused by: java.lang.IllegalStateException: Ambiguous mapping. Cannot map 'homeController' method 
com.ibrahim.bakkalApp.controller.HomeController#defaultAfterLogin(Authentication)
to {GET [/default]}: There is already 'defaultController' bean method
com.ibrahim.bakkalApp.controller.DefaultController#defaultAfterLogin(Authentication) mapped.
	at org.springframework.web.servlet.handler.AbstractHandlerMethodMapping$MappingRegistry.validateMethodMapping(AbstractHandlerMethodMapping.java:675) ~[spring-webmvc-6.2.1.jar:6.2.1]
	at org.springframework.web.servlet.handler.AbstractHandlerMethodMapping$MappingRegistry.register(AbstractHandlerMethodMapping.java:637) ~[spring-webmvc-6.2.1.jar:6.2.1]
	at org.springframework.web.servlet.handler.AbstractHandlerMethodMapping.registerHandlerMethod(AbstractHandlerMethodMapping.java:331) ~[spring-webmvc-6.2.1.jar:6.2.1]
	at org.springframework.web.servlet.mvc.method.annotation.RequestMappingHandlerMapping.registerHandlerMethod(RequestMappingHandlerMapping.java:509) ~[spring-webmvc-6.2.1.jar:6.2.1]
	at org.springframework.web.servlet.mvc.method.annotation.RequestMappingHandlerMapping.registerHandlerMethod(RequestMappingHandlerMapping.java:84) ~[spring-webmvc-6.2.1.jar:6.2.1]
	at org.springframework.web.servlet.handler.AbstractHandlerMethodMapping.lambda$detectHandlerMethods$2(AbstractHandlerMethodMapping.java:298) ~[spring-webmvc-6.2.1.jar:6.2.1]
	at java.base/java.util.LinkedHashMap.forEach(LinkedHashMap.java:987) ~[?:?]
	at org.springframework.web.servlet.handler.AbstractHandlerMethodMapping.detectHandlerMethods(AbstractHandlerMethodMapping.java:296) ~[spring-webmvc-6.2.1.jar:6.2.1]
	at org.springframework.web.servlet.handler.AbstractHandlerMethodMapping.processCandidateBean(AbstractHandlerMethodMapping.java:265) ~[spring-webmvc-6.2.1.jar:6.2.1]
	at org.springframework.web.servlet.handler.AbstractHandlerMethodMapping.initHandlerMethods(AbstractHandlerMethodMapping.java:224) ~[spring-webmvc-6.2.1.jar:6.2.1]
	at org.springframework.web.servlet.handler.AbstractHandlerMethodMapping.afterPropertiesSet(AbstractHandlerMethodMapping.java:212) ~[spring-webmvc-6.2.1.jar:6.2.1]
	at org.springframework.web.servlet.mvc.method.annotation.RequestMappingHandlerMapping.afterPropertiesSet(RequestMappingHandlerMapping.java:239) ~[spring-webmvc-6.2.1.jar:6.2.1]
	at org.springframework.beans.factory.support.AbstractAutowireCapableBeanFactory.invokeInitMethods(AbstractAutowireCapableBeanFactory.java:1855) ~[spring-beans-6.2.1.jar:6.2.1]
	at org.springframework.beans.factory.support.AbstractAutowireCapableBeanFactory.initializeBean(AbstractAutowireCapableBeanFactory.java:1804) ~[spring-beans-6.2.1.jar:6.2.1]
	at org.springframework.beans.factory.support.AbstractAutowireCapableBeanFactory.doCreateBean(AbstractAutowireCapableBeanFactory.java:601) ~[spring-beans-6.2.1.jar:6.2.1]
	at org.springframework.beans.factory.support.AbstractAutowireCapableBeanFactory.createBean(AbstractAutowireCapableBeanFactory.java:523) ~[spring-beans-6.2.1.jar:6.2.1]
	at org.springframework.beans.factory.support.AbstractBeanFactory.lambda$doGetBean$0(AbstractBeanFactory.java:336) ~[spring-beans-6.2.1.jar:6.2.1]
	at org.springframework.beans.factory.support.DefaultSingletonBeanRegistry.getSingleton(DefaultSingletonBeanRegistry.java:289) ~[spring-beans-6.2.1.jar:6.2.1]
	at org.springframework.beans.factory.support.AbstractBeanFactory.doGetBean(AbstractBeanFactory.java:334) ~[spring-beans-6.2.1.jar:6.2.1]
	at org.springframework.beans.factory.support.AbstractBeanFactory.getBean(AbstractBeanFactory.java:199) ~[spring-beans-6.2.1.jar:6.2.1]
	at org.springframework.beans.factory.support.DefaultListableBeanFactory.getBeansOfType(DefaultListableBeanFactory.java:695) ~[spring-beans-6.2.1.jar:6.2.1]
	at org.springframework.context.support.AbstractApplicationContext.getBeansOfType(AbstractApplicationContext.java:1426) ~[spring-context-6.2.1.jar:6.2.1]
	at org.springframework.beans.factory.BeanFactoryUtils.beansOfTypeIncludingAncestors(BeanFactoryUtils.java:368) ~[spring-beans-6.2.1.jar:6.2.1]
	at org.springframework.web.servlet.handler.HandlerMappingIntrospector.initHandlerMappings(HandlerMappingIntrospector.java:135) ~[spring-webmvc-6.2.1.jar:6.2.1]
	at org.springframework.web.servlet.handler.HandlerMappingIntrospector.afterPropertiesSet(HandlerMappingIntrospector.java:123) ~[spring-webmvc-6.2.1.jar:6.2.1]
	at org.springframework.beans.factory.support.AbstractAutowireCapableBeanFactory.invokeInitMethods(AbstractAutowireCapableBeanFactory.java:1855) ~[spring-beans-6.2.1.jar:6.2.1]
	at org.springframework.beans.factory.support.AbstractAutowireCapableBeanFactory.initializeBean(AbstractAutowireCapableBeanFactory.java:1804) ~[spring-beans-6.2.1.jar:6.2.1]
	at org.springframework.beans.factory.support.AbstractAutowireCapableBeanFactory.doCreateBean(AbstractAutowireCapableBeanFactory.java:601) ~[spring-beans-6.2.1.jar:6.2.1]
	at org.springframework.beans.factory.support.AbstractAutowireCapableBeanFactory.createBean(AbstractAutowireCapableBeanFactory.java:523) ~[spring-beans-6.2.1.jar:6.2.1]
	at org.springframework.beans.factory.support.AbstractBeanFactory.lambda$doGetBean$0(AbstractBeanFactory.java:336) ~[spring-beans-6.2.1.jar:6.2.1]
	at org.springframework.beans.factory.support.DefaultSingletonBeanRegistry.getSingleton(DefaultSingletonBeanRegistry.java:289) ~[spring-beans-6.2.1.jar:6.2.1]
	at org.springframework.beans.factory.support.AbstractBeanFactory.doGetBean(AbstractBeanFactory.java:334) ~[spring-beans-6.2.1.jar:6.2.1]
	at org.springframework.beans.factory.support.AbstractBeanFactory.getBean(AbstractBeanFactory.java:199) ~[spring-beans-6.2.1.jar:6.2.1]
	at org.springframework.beans.factory.support.BeanDefinitionValueResolver.resolveReference(BeanDefinitionValueResolver.java:365) ~[spring-beans-6.2.1.jar:6.2.1]
	at org.springframework.beans.factory.support.BeanDefinitionValueResolver.resolveValueIfNecessary(BeanDefinitionValueResolver.java:135) ~[spring-beans-6.2.1.jar:6.2.1]
	at org.springframework.beans.factory.support.ConstructorResolver.resolveConstructorArguments(ConstructorResolver.java:691) ~[spring-beans-6.2.1.jar:6.2.1]
	at org.springframework.beans.factory.support.ConstructorResolver.autowireConstructor(ConstructorResolver.java:206) ~[spring-beans-6.2.1.jar:6.2.1]
	at org.springframework.beans.factory.support.AbstractAutowireCapableBeanFactory.autowireConstructor(AbstractAutowireCapableBeanFactory.java:1377) ~[spring-beans-6.2.1.jar:6.2.1]
	at org.springframework.beans.factory.support.AbstractAutowireCapableBeanFactory.createBeanInstance(AbstractAutowireCapableBeanFactory.java:1214) ~[spring-beans-6.2.1.jar:6.2.1]
	at org.springframework.beans.factory.support.AbstractAutowireCapableBeanFactory.doCreateBean(AbstractAutowireCapableBeanFactory.java:563) ~[spring-beans-6.2.1.jar:6.2.1]
	at org.springframework.beans.factory.support.AbstractAutowireCapableBeanFactory.createBean(AbstractAutowireCapableBeanFactory.java:523) ~[spring-beans-6.2.1.jar:6.2.1]
	at org.springframework.beans.factory.support.AbstractBeanFactory.lambda$doGetBean$0(AbstractBeanFactory.java:336) ~[spring-beans-6.2.1.jar:6.2.1]
	at org.springframework.beans.factory.support.DefaultSingletonBeanRegistry.getSingleton(DefaultSingletonBeanRegistry.java:289) ~[spring-beans-6.2.1.jar:6.2.1]
	at org.springframework.beans.factory.support.AbstractBeanFactory.doGetBean(AbstractBeanFactory.java:334) ~[spring-beans-6.2.1.jar:6.2.1]
	at org.springframework.beans.factory.support.AbstractBeanFactory.getBean(AbstractBeanFactory.java:224) ~[spring-beans-6.2.1.jar:6.2.1]
	at org.springframework.beans.factory.support.DefaultListableBeanFactory.resolveNamedBean(DefaultListableBeanFactory.java:1489) ~[spring-beans-6.2.1.jar:6.2.1]
	at org.springframework.beans.factory.support.DefaultListableBeanFactory.resolveNamedBean(DefaultListableBeanFactory.java:1450) ~[spring-beans-6.2.1.jar:6.2.1]
	at org.springframework.beans.factory.support.DefaultListableBeanFactory.resolveBean(DefaultListableBeanFactory.java:516) ~[spring-beans-6.2.1.jar:6.2.1]
	at org.springframework.beans.factory.support.DefaultListableBeanFactory$1.getIfUnique(DefaultListableBeanFactory.java:468) ~[spring-beans-6.2.1.jar:6.2.1]
	at org.springframework.security.config.annotation.web.builders.WebSecurity.setApplicationContext(WebSecurity.java:428) ~[spring-security-config-6.4.2.jar:6.4.2]
	at org.springframework.context.support.ApplicationContextAwareProcessor.invokeAwareInterfaces(ApplicationContextAwareProcessor.java:110) ~[spring-context-6.2.1.jar:6.2.1]
	at org.springframework.context.support.ApplicationContextAwareProcessor.postProcessBeforeInitialization(ApplicationContextAwareProcessor.java:85) ~[spring-context-6.2.1.jar:6.2.1]
	at org.springframework.beans.factory.support.AbstractAutowireCapableBeanFactory.applyBeanPostProcessorsBeforeInitialization(AbstractAutowireCapableBeanFactory.java:423) ~[spring-beans-6.2.1.jar:6.2.1]
	at org.springframework.beans.factory.support.AbstractAutowireCapableBeanFactory.initializeBean(AbstractAutowireCapableBeanFactory.java:1800) ~[spring-beans-6.2.1.jar:6.2.1]
	at org.springframework.beans.factory.support.AbstractAutowireCapableBeanFactory.initializeBean(AbstractAutowireCapableBeanFactory.java:413) ~[spring-beans-6.2.1.jar:6.2.1]
	at org.springframework.security.config.annotation.configuration.AutowireBeanFactoryObjectPostProcessor.initializeBeanIfNeeded(AutowireBeanFactoryObjectPostProcessor.java:98) ~[spring-security-config-6.4.2.jar:6.4.2]
	at org.springframework.security.config.annotation.configuration.AutowireBeanFactoryObjectPostProcessor.postProcess(AutowireBeanFactoryObjectPostProcessor.java:67) ~[spring-security-config-6.4.2.jar:6.4.2]
	at org.springframework.security.config.annotation.web.configuration.WebSecurityConfiguration.setFilterChainProxySecurityConfigurer(WebSecurityConfiguration.java:145) ~[spring-security-config-6.4.2.jar:6.4.2]
	at java.base/jdk.internal.reflect.DirectMethodHandleAccessor.invoke(DirectMethodHandleAccessor.java:103) ~[?:?]
	at java.base/java.lang.reflect.Method.invoke(Method.java:580) ~[?:?]
	at org.springframework.beans.factory.annotation.AutowiredAnnotationBeanPostProcessor$AutowiredMethodElement.inject(AutowiredAnnotationBeanPostProcessor.java:854) ~[spring-beans-6.2.1.jar:6.2.1]
	at org.springframework.beans.factory.annotation.InjectionMetadata.inject(InjectionMetadata.java:146) ~[spring-beans-6.2.1.jar:6.2.1]
	at org.springframework.beans.factory.annotation.AutowiredAnnotationBeanPostProcessor.postProcessProperties(AutowiredAnnotationBeanPostProcessor.java:509) ~[spring-beans-6.2.1.jar:6.2.1]
	... 19 more
2026-02-20 10:53:07.669 [main] INFO  com.ibrahim.bakkalApp.BakkalAppApplication - Starting BakkalAppApplication using Java 23.0.1 with PID 14576 (C:\Users\8063\IdeaProjects\bakkalApp\bakkalApp\target\classes started by 8063 in C:\Users\8063\IdeaProjects\bakkalApp\bakkalApp)
2026-02-20 10:53:07.697 [main] INFO  com.ibrahim.bakkalApp.BakkalAppApplication - No active profile set, falling back to 1 default profile: "default"
2026-02-20 10:53:09.174 [main] INFO  org.springframework.data.repository.config.RepositoryConfigurationDelegate - Bootstrapping Spring Data JPA repositories in DEFAULT mode.
2026-02-20 10:53:09.245 [main] INFO  org.springframework.data.repository.config.RepositoryConfigurationDelegate - Finished Spring Data repository scanning in 61 ms. Found 5 JPA repository interfaces.
2026-02-20 10:53:10.827 [main] INFO  org.springframework.boot.web.embedded.tomcat.TomcatWebServer - Tomcat initialized with port 8085 (http)
2026-02-20 10:53:10.852 [main] INFO  org.apache.coyote.http11.Http11NioProtocol - Initializing ProtocolHandler ["http-nio-8085"]
2026-02-20 10:53:10.866 [main] INFO  org.apache.catalina.core.StandardService - Starting service [Tomcat]
2026-02-20 10:53:10.866 [main] INFO  org.apache.catalina.core.StandardEngine - Starting Servlet engine: [Apache Tomcat/10.1.34]
2026-02-20 10:53:11.022 [main] INFO  org.apache.catalina.core.ContainerBase.[Tomcat].[localhost].[/] - Initializing Spring embedded WebApplicationContext
2026-02-20 10:53:11.025 [main] INFO  org.springframework.boot.web.servlet.context.ServletWebServerApplicationContext - Root WebApplicationContext: initialization completed in 3188 ms
2026-02-20 10:53:12.315 [main] INFO  org.springframework.orm.jpa.persistenceunit.SpringPersistenceUnitInfo - No LoadTimeWeaver setup: ignoring JPA class transformer
2026-02-20 10:53:12.401 [main] INFO  com.zaxxer.hikari.HikariDataSource - HikariPool-1 - Starting...
2026-02-20 10:53:12.958 [main] INFO  com.zaxxer.hikari.pool.HikariPool - HikariPool-1 - Added connection conn0: url=jdbc:h2:file:./data/testdb user=SA
2026-02-20 10:53:12.964 [main] INFO  com.zaxxer.hikari.HikariDataSource - HikariPool-1 - Start completed.
2026-02-20 10:53:13.032 [main] WARN  org.hibernate.orm.deprecation - HHH90000025: H2Dialect does not need to be specified explicitly using 'hibernate.dialect' (remove the property setting and it will be selected by default)
2026-02-20 10:53:14.710 [main] INFO  org.springframework.orm.jpa.LocalContainerEntityManagerFactoryBean - Initialized JPA EntityManagerFactory for persistence unit 'default'
2026-02-20 10:53:15.489 [main] INFO  org.springframework.security.config.annotation.authentication.configuration.InitializeUserDetailsBeanManagerConfigurer$InitializeUserDetailsManagerConfigurer - Global AuthenticationManager configured with UserDetailsService bean with name customUserDetailsService
2026-02-20 10:53:16.277 [main] INFO  org.springframework.boot.actuate.endpoint.web.EndpointLinksResolver - Exposing 1 endpoint beneath base path '/actuator'
2026-02-20 10:53:17.022 [main] INFO  org.springframework.boot.autoconfigure.h2.H2ConsoleAutoConfiguration - H2 console available at '/h2-console'. Database available at 'jdbc:h2:file:./data/testdb'
2026-02-20 10:53:17.658 [main] INFO  org.apache.coyote.http11.Http11NioProtocol - Starting ProtocolHandler ["http-nio-8085"]
2026-02-20 10:53:17.705 [main] INFO  org.springframework.boot.web.embedded.tomcat.TomcatWebServer - Tomcat started on port 8085 (http) with context path '/'
2026-02-20 10:53:17.730 [main] INFO  com.ibrahim.bakkalApp.BakkalAppApplication - Started BakkalAppApplication in 10.929 seconds (process running for 12.329)
2026-02-20 10:54:29.816 [http-nio-8085-exec-1] INFO  org.apache.catalina.core.ContainerBase.[Tomcat].[localhost].[/] - Initializing Spring DispatcherServlet 'dispatcherServlet'
2026-02-20 10:54:29.817 [http-nio-8085-exec-1] INFO  org.springframework.web.servlet.DispatcherServlet - Initializing Servlet 'dispatcherServlet'
2026-02-20 10:54:29.821 [http-nio-8085-exec-1] INFO  org.springframework.web.servlet.DispatcherServlet - Completed initialization in 4 ms
2026-02-20 11:01:24.498 [main] INFO  com.ibrahim.bakkalApp.BakkalAppApplication - Starting BakkalAppApplication using Java 23.0.1 with PID 33980 (C:\Users\8063\IdeaProjects\bakkalApp\bakkalApp\target\classes started by 8063 in C:\Users\8063\IdeaProjects\bakkalApp\bakkalApp)
2026-02-20 11:01:24.510 [main] INFO  com.ibrahim.bakkalApp.BakkalAppApplication - No active profile set, falling back to 1 default profile: "default"
2026-02-20 11:01:26.048 [main] INFO  org.springframework.data.repository.config.RepositoryConfigurationDelegate - Bootstrapping Spring Data JPA repositories in DEFAULT mode.
2026-02-20 11:01:26.128 [main] INFO  org.springframework.data.repository.config.RepositoryConfigurationDelegate - Finished Spring Data repository scanning in 69 ms. Found 5 JPA repository interfaces.
2026-02-20 11:01:27.497 [main] INFO  org.springframework.boot.web.embedded.tomcat.TomcatWebServer - Tomcat initialized with port 8085 (http)
2026-02-20 11:01:27.513 [main] INFO  org.apache.coyote.http11.Http11NioProtocol - Initializing ProtocolHandler ["http-nio-8085"]
2026-02-20 11:01:27.515 [main] INFO  org.apache.catalina.core.StandardService - Starting service [Tomcat]
2026-02-20 11:01:27.516 [main] INFO  org.apache.catalina.core.StandardEngine - Starting Servlet engine: [Apache Tomcat/10.1.34]
2026-02-20 11:01:27.643 [main] INFO  org.apache.catalina.core.ContainerBase.[Tomcat].[localhost].[/] - Initializing Spring embedded WebApplicationContext
2026-02-20 11:01:27.648 [main] INFO  org.springframework.boot.web.servlet.context.ServletWebServerApplicationContext - Root WebApplicationContext: initialization completed in 3066 ms
2026-02-20 11:01:28.714 [main] INFO  org.springframework.orm.jpa.persistenceunit.SpringPersistenceUnitInfo - No LoadTimeWeaver setup: ignoring JPA class transformer
2026-02-20 11:01:28.755 [main] INFO  com.zaxxer.hikari.HikariDataSource - HikariPool-1 - Starting...
2026-02-20 11:01:29.020 [main] INFO  com.zaxxer.hikari.pool.HikariPool - HikariPool-1 - Added connection conn0: url=jdbc:h2:file:./data/testdb user=SA
2026-02-20 11:01:29.023 [main] INFO  com.zaxxer.hikari.HikariDataSource - HikariPool-1 - Start completed.
2026-02-20 11:01:29.054 [main] WARN  org.hibernate.orm.deprecation - HHH90000025: H2Dialect does not need to be specified explicitly using 'hibernate.dialect' (remove the property setting and it will be selected by default)
2026-02-20 11:01:30.471 [main] INFO  org.springframework.orm.jpa.LocalContainerEntityManagerFactoryBean - Initialized JPA EntityManagerFactory for persistence unit 'default'
2026-02-20 11:01:31.355 [main] INFO  org.springframework.security.config.annotation.authentication.configuration.InitializeUserDetailsBeanManagerConfigurer$InitializeUserDetailsManagerConfigurer - Global AuthenticationManager configured with UserDetailsService bean with name customUserDetailsService
2026-02-20 11:01:31.514 [main] WARN  org.springframework.boot.web.servlet.context.AnnotationConfigServletWebServerApplicationContext - Exception encountered during context initialization - cancelling refresh attempt: org.springframework.beans.factory.BeanCreationException: Error creating bean with name 'org.springframework.security.config.annotation.web.configuration.WebSecurityConfiguration': Injection of autowired dependencies failed
2026-02-20 11:01:31.516 [main] INFO  org.springframework.orm.jpa.LocalContainerEntityManagerFactoryBean - Closing JPA EntityManagerFactory for persistence unit 'default'
2026-02-20 11:01:31.519 [main] INFO  com.zaxxer.hikari.HikariDataSource - HikariPool-1 - Shutdown initiated...
2026-02-20 11:01:31.527 [main] INFO  com.zaxxer.hikari.HikariDataSource - HikariPool-1 - Shutdown completed.
2026-02-20 11:01:31.531 [main] INFO  org.apache.catalina.core.StandardService - Stopping service [Tomcat]
2026-02-20 11:01:31.551 [main] INFO  org.springframework.boot.autoconfigure.logging.ConditionEvaluationReportLogger - 

Error starting ApplicationContext. To display the condition evaluation report re-run your application with 'debug' enabled.
2026-02-20 11:01:31.577 [main] ERROR org.springframework.boot.SpringApplication - Application run failed
org.springframework.beans.factory.BeanCreationException: Error creating bean with name 'org.springframework.security.config.annotation.web.configuration.WebSecurityConfiguration': Injection of autowired dependencies failed
	at org.springframework.beans.factory.annotation.AutowiredAnnotationBeanPostProcessor.postProcessProperties(AutowiredAnnotationBeanPostProcessor.java:515) ~[spring-beans-6.2.1.jar:6.2.1]
	at org.springframework.beans.factory.support.AbstractAutowireCapableBeanFactory.populateBean(AbstractAutowireCapableBeanFactory.java:1441) ~[spring-beans-6.2.1.jar:6.2.1]
	at org.springframework.beans.factory.support.AbstractAutowireCapableBeanFactory.doCreateBean(AbstractAutowireCapableBeanFactory.java:600) ~[spring-beans-6.2.1.jar:6.2.1]
	at org.springframework.beans.factory.support.AbstractAutowireCapableBeanFactory.createBean(AbstractAutowireCapableBeanFactory.java:523) ~[spring-beans-6.2.1.jar:6.2.1]
	at org.springframework.beans.factory.support.AbstractBeanFactory.lambda$doGetBean$0(AbstractBeanFactory.java:336) ~[spring-beans-6.2.1.jar:6.2.1]
	at org.springframework.beans.factory.support.DefaultSingletonBeanRegistry.getSingleton(DefaultSingletonBeanRegistry.java:289) ~[spring-beans-6.2.1.jar:6.2.1]
	at org.springframework.beans.factory.support.AbstractBeanFactory.doGetBean(AbstractBeanFactory.java:334) ~[spring-beans-6.2.1.jar:6.2.1]
	at org.springframework.beans.factory.support.AbstractBeanFactory.getBean(AbstractBeanFactory.java:199) ~[spring-beans-6.2.1.jar:6.2.1]
	at org.springframework.beans.factory.support.DefaultListableBeanFactory.instantiateSingleton(DefaultListableBeanFactory.java:1122) ~[spring-beans-6.2.1.jar:6.2.1]
	at org.springframework.beans.factory.support.DefaultListableBeanFactory.preInstantiateSingleton(DefaultListableBeanFactory.java:1093) ~[spring-beans-6.2.1.jar:6.2.1]
	at org.springframework.beans.factory.support.DefaultListableBeanFactory.preInstantiateSingletons(DefaultListableBeanFactory.java:1030) ~[spring-beans-6.2.1.jar:6.2.1]
	at org.springframework.context.support.AbstractApplicationContext.finishBeanFactoryInitialization(AbstractApplicationContext.java:987) ~[spring-context-6.2.1.jar:6.2.1]
	at org.springframework.context.support.AbstractApplicationContext.refresh(AbstractApplicationContext.java:627) ~[spring-context-6.2.1.jar:6.2.1]
	at org.springframework.boot.web.servlet.context.ServletWebServerApplicationContext.refresh(ServletWebServerApplicationContext.java:146) ~[spring-boot-3.4.1.jar:3.4.1]
	at org.springframework.boot.SpringApplication.refresh(SpringApplication.java:752) [spring-boot-3.4.1.jar:3.4.1]
	at org.springframework.boot.SpringApplication.refreshContext(SpringApplication.java:439) [spring-boot-3.4.1.jar:3.4.1]
	at org.springframework.boot.SpringApplication.run(SpringApplication.java:318) [spring-boot-3.4.1.jar:3.4.1]
	at org.springframework.boot.SpringApplication.run(SpringApplication.java:1361) [spring-boot-3.4.1.jar:3.4.1]
	at org.springframework.boot.SpringApplication.run(SpringApplication.java:1350) [spring-boot-3.4.1.jar:3.4.1]
	at com.ibrahim.bakkalApp.BakkalAppApplication.main(BakkalAppApplication.java:10) [classes/:?]
Caused by: java.lang.RuntimeException: Could not postProcess org.springframework.security.config.annotation.web.builders.WebSecurity@f61f06e of type class org.springframework.security.config.annotation.web.builders.WebSecurity
	at org.springframework.security.config.annotation.configuration.AutowireBeanFactoryObjectPostProcessor.postProcess(AutowireBeanFactoryObjectPostProcessor.java:71) ~[spring-security-config-6.4.2.jar:6.4.2]
	at org.springframework.security.config.annotation.web.configuration.WebSecurityConfiguration.setFilterChainProxySecurityConfigurer(WebSecurityConfiguration.java:145) ~[spring-security-config-6.4.2.jar:6.4.2]
	at java.base/jdk.internal.reflect.DirectMethodHandleAccessor.invoke(DirectMethodHandleAccessor.java:103) ~[?:?]
	at java.base/java.lang.reflect.Method.invoke(Method.java:580) ~[?:?]
	at org.springframework.beans.factory.annotation.AutowiredAnnotationBeanPostProcessor$AutowiredMethodElement.inject(AutowiredAnnotationBeanPostProcessor.java:854) ~[spring-beans-6.2.1.jar:6.2.1]
	at org.springframework.beans.factory.annotation.InjectionMetadata.inject(InjectionMetadata.java:146) ~[spring-beans-6.2.1.jar:6.2.1]
	at org.springframework.beans.factory.annotation.AutowiredAnnotationBeanPostProcessor.postProcessProperties(AutowiredAnnotationBeanPostProcessor.java:509) ~[spring-beans-6.2.1.jar:6.2.1]
	... 19 more
Caused by: org.springframework.beans.factory.BeanCreationException: Error creating bean with name 'mvcHandlerMappingIntrospectorRequestTransformer': Cannot resolve reference to bean 'mvcHandlerMappingIntrospector' while setting constructor argument
	at org.springframework.beans.factory.support.BeanDefinitionValueResolver.resolveReference(BeanDefinitionValueResolver.java:377) ~[spring-beans-6.2.1.jar:6.2.1]
	at org.springframework.beans.factory.support.BeanDefinitionValueResolver.resolveValueIfNecessary(BeanDefinitionValueResolver.java:135) ~[spring-beans-6.2.1.jar:6.2.1]
	at org.springframework.beans.factory.support.ConstructorResolver.resolveConstructorArguments(ConstructorResolver.java:691) ~[spring-beans-6.2.1.jar:6.2.1]
	at org.springframework.beans.factory.support.ConstructorResolver.autowireConstructor(ConstructorResolver.java:206) ~[spring-beans-6.2.1.jar:6.2.1]
	at org.springframework.beans.factory.support.AbstractAutowireCapableBeanFactory.autowireConstructor(AbstractAutowireCapableBeanFactory.java:1377) ~[spring-beans-6.2.1.jar:6.2.1]
	at org.springframework.beans.factory.support.AbstractAutowireCapableBeanFactory.createBeanInstance(AbstractAutowireCapableBeanFactory.java:1214) ~[spring-beans-6.2.1.jar:6.2.1]
	at org.springframework.beans.factory.support.AbstractAutowireCapableBeanFactory.doCreateBean(AbstractAutowireCapableBeanFactory.java:563) ~[spring-beans-6.2.1.jar:6.2.1]
	at org.springframework.beans.factory.support.AbstractAutowireCapableBeanFactory.createBean(AbstractAutowireCapableBeanFactory.java:523) ~[spring-beans-6.2.1.jar:6.2.1]
	at org.springframework.beans.factory.support.AbstractBeanFactory.lambda$doGetBean$0(AbstractBeanFactory.java:336) ~[spring-beans-6.2.1.jar:6.2.1]
	at org.springframework.beans.factory.support.DefaultSingletonBeanRegistry.getSingleton(DefaultSingletonBeanRegistry.java:289) ~[spring-beans-6.2.1.jar:6.2.1]
	at org.springframework.beans.factory.support.AbstractBeanFactory.doGetBean(AbstractBeanFactory.java:334) ~[spring-beans-6.2.1.jar:6.2.1]
	at org.springframework.beans.factory.support.AbstractBeanFactory.getBean(AbstractBeanFactory.java:224) ~[spring-beans-6.2.1.jar:6.2.1]
	at org.springframework.beans.factory.support.DefaultListableBeanFactory.resolveNamedBean(DefaultListableBeanFactory.java:1489) ~[spring-beans-6.2.1.jar:6.2.1]
	at org.springframework.beans.factory.support.DefaultListableBeanFactory.resolveNamedBean(DefaultListableBeanFactory.java:1450) ~[spring-beans-6.2.1.jar:6.2.1]
	at org.springframework.beans.factory.support.DefaultListableBeanFactory.resolveBean(DefaultListableBeanFactory.java:516) ~[spring-beans-6.2.1.jar:6.2.1]
	at org.springframework.beans.factory.support.DefaultListableBeanFactory$1.getIfUnique(DefaultListableBeanFactory.java:468) ~[spring-beans-6.2.1.jar:6.2.1]
	at org.springframework.security.config.annotation.web.builders.WebSecurity.setApplicationContext(WebSecurity.java:428) ~[spring-security-config-6.4.2.jar:6.4.2]
	at org.springframework.context.support.ApplicationContextAwareProcessor.invokeAwareInterfaces(ApplicationContextAwareProcessor.java:110) ~[spring-context-6.2.1.jar:6.2.1]
	at org.springframework.context.support.ApplicationContextAwareProcessor.postProcessBeforeInitialization(ApplicationContextAwareProcessor.java:85) ~[spring-context-6.2.1.jar:6.2.1]
	at org.springframework.beans.factory.support.AbstractAutowireCapableBeanFactory.applyBeanPostProcessorsBeforeInitialization(AbstractAutowireCapableBeanFactory.java:423) ~[spring-beans-6.2.1.jar:6.2.1]
	at org.springframework.beans.factory.support.AbstractAutowireCapableBeanFactory.initializeBean(AbstractAutowireCapableBeanFactory.java:1800) ~[spring-beans-6.2.1.jar:6.2.1]
	at org.springframework.beans.factory.support.AbstractAutowireCapableBeanFactory.initializeBean(AbstractAutowireCapableBeanFactory.java:413) ~[spring-beans-6.2.1.jar:6.2.1]
	at org.springframework.security.config.annotation.configuration.AutowireBeanFactoryObjectPostProcessor.initializeBeanIfNeeded(AutowireBeanFactoryObjectPostProcessor.java:98) ~[spring-security-config-6.4.2.jar:6.4.2]
	at org.springframework.security.config.annotation.configuration.AutowireBeanFactoryObjectPostProcessor.postProcess(AutowireBeanFactoryObjectPostProcessor.java:67) ~[spring-security-config-6.4.2.jar:6.4.2]
	at org.springframework.security.config.annotation.web.configuration.WebSecurityConfiguration.setFilterChainProxySecurityConfigurer(WebSecurityConfiguration.java:145) ~[spring-security-config-6.4.2.jar:6.4.2]
	at java.base/jdk.internal.reflect.DirectMethodHandleAccessor.invoke(DirectMethodHandleAccessor.java:103) ~[?:?]
	at java.base/java.lang.reflect.Method.invoke(Method.java:580) ~[?:?]
	at org.springframework.beans.factory.annotation.AutowiredAnnotationBeanPostProcessor$AutowiredMethodElement.inject(AutowiredAnnotationBeanPostProcessor.java:854) ~[spring-beans-6.2.1.jar:6.2.1]
	at org.springframework.beans.factory.annotation.InjectionMetadata.inject(InjectionMetadata.java:146) ~[spring-beans-6.2.1.jar:6.2.1]
	at org.springframework.beans.factory.annotation.AutowiredAnnotationBeanPostProcessor.postProcessProperties(AutowiredAnnotationBeanPostProcessor.java:509) ~[spring-beans-6.2.1.jar:6.2.1]
	... 19 more
Caused by: org.springframework.beans.factory.BeanCreationException: Error creating bean with name 'mvcHandlerMappingIntrospector' defined in class path resource [org/springframework/boot/autoconfigure/web/servlet/WebMvcAutoConfiguration$EnableWebMvcConfiguration.class]: Error creating bean with name 'requestMappingHandlerMapping' defined in class path resource [org/springframework/boot/autoconfigure/web/servlet/WebMvcAutoConfiguration$EnableWebMvcConfiguration.class]: Ambiguous mapping. Cannot map 'personalController' method 
com.ibrahim.bakkalApp.controller.PersonalController#orders(UserDetails, Model)
to {GET [/orders]}: There is already 'ordersController' bean method
com.ibrahim.bakkalApp.controller.OrdersController#getAllOrders() mapped.
	at org.springframework.beans.factory.support.AbstractAutowireCapableBeanFactory.initializeBean(AbstractAutowireCapableBeanFactory.java:1808) ~[spring-beans-6.2.1.jar:6.2.1]
	at org.springframework.beans.factory.support.AbstractAutowireCapableBeanFactory.doCreateBean(AbstractAutowireCapableBeanFactory.java:601) ~[spring-beans-6.2.1.jar:6.2.1]
	at org.springframework.beans.factory.support.AbstractAutowireCapableBeanFactory.createBean(AbstractAutowireCapableBeanFactory.java:523) ~[spring-beans-6.2.1.jar:6.2.1]
	at org.springframework.beans.factory.support.AbstractBeanFactory.lambda$doGetBean$0(AbstractBeanFactory.java:336) ~[spring-beans-6.2.1.jar:6.2.1]
	at org.springframework.beans.factory.support.DefaultSingletonBeanRegistry.getSingleton(DefaultSingletonBeanRegistry.java:289) ~[spring-beans-6.2.1.jar:6.2.1]
	at org.springframework.beans.factory.support.AbstractBeanFactory.doGetBean(AbstractBeanFactory.java:334) ~[spring-beans-6.2.1.jar:6.2.1]
	at org.springframework.beans.factory.support.AbstractBeanFactory.getBean(AbstractBeanFactory.java:199) ~[spring-beans-6.2.1.jar:6.2.1]
	at org.springframework.beans.factory.support.BeanDefinitionValueResolver.resolveReference(BeanDefinitionValueResolver.java:365) ~[spring-beans-6.2.1.jar:6.2.1]
	at org.springframework.beans.factory.support.BeanDefinitionValueResolver.resolveValueIfNecessary(BeanDefinitionValueResolver.java:135) ~[spring-beans-6.2.1.jar:6.2.1]
	at org.springframework.beans.factory.support.ConstructorResolver.resolveConstructorArguments(ConstructorResolver.java:691) ~[spring-beans-6.2.1.jar:6.2.1]
	at org.springframework.beans.factory.support.ConstructorResolver.autowireConstructor(ConstructorResolver.java:206) ~[spring-beans-6.2.1.jar:6.2.1]
	at org.springframework.beans.factory.support.AbstractAutowireCapableBeanFactory.autowireConstructor(AbstractAutowireCapableBeanFactory.java:1377) ~[spring-beans-6.2.1.jar:6.2.1]
	at org.springframework.beans.factory.support.AbstractAutowireCapableBeanFactory.createBeanInstance(AbstractAutowireCapableBeanFactory.java:1214) ~[spring-beans-6.2.1.jar:6.2.1]
	at org.springframework.beans.factory.support.AbstractAutowireCapableBeanFactory.doCreateBean(AbstractAutowireCapableBeanFactory.java:563) ~[spring-beans-6.2.1.jar:6.2.1]
	at org.springframework.beans.factory.support.AbstractAutowireCapableBeanFactory.createBean(AbstractAutowireCapableBeanFactory.java:523) ~[spring-beans-6.2.1.jar:6.2.1]
	at org.springframework.beans.factory.support.AbstractBeanFactory.lambda$doGetBean$0(AbstractBeanFactory.java:336) ~[spring-beans-6.2.1.jar:6.2.1]
	at org.springframework.beans.factory.support.DefaultSingletonBeanRegistry.getSingleton(DefaultSingletonBeanRegistry.java:289) ~[spring-beans-6.2.1.jar:6.2.1]
	at org.springframework.beans.factory.support.AbstractBeanFactory.doGetBean(AbstractBeanFactory.java:334) ~[spring-beans-6.2.1.jar:6.2.1]
	at org.springframework.beans.factory.support.AbstractBeanFactory.getBean(AbstractBeanFactory.java:224) ~[spring-beans-6.2.1.jar:6.2.1]
	at org.springframework.beans.factory.support.DefaultListableBeanFactory.resolveNamedBean(DefaultListableBeanFactory.java:1489) ~[spring-beans-6.2.1.jar:6.2.1]
	at org.springframework.beans.factory.support.DefaultListableBeanFactory.resolveNamedBean(DefaultListableBeanFactory.java:1450) ~[spring-beans-6.2.1.jar:6.2.1]
	at org.springframework.beans.factory.support.DefaultListableBeanFactory.resolveBean(DefaultListableBeanFactory.java:516) ~[spring-beans-6.2.1.jar:6.2.1]
	at org.springframework.beans.factory.support.DefaultListableBeanFactory$1.getIfUnique(DefaultListableBeanFactory.java:468) ~[spring-beans-6.2.1.jar:6.2.1]
	at org.springframework.security.config.annotation.web.builders.WebSecurity.setApplicationContext(WebSecurity.java:428) ~[spring-security-config-6.4.2.jar:6.4.2]
	at org.springframework.context.support.ApplicationContextAwareProcessor.invokeAwareInterfaces(ApplicationContextAwareProcessor.java:110) ~[spring-context-6.2.1.jar:6.2.1]
	at org.springframework.context.support.ApplicationContextAwareProcessor.postProcessBeforeInitialization(ApplicationContextAwareProcessor.java:85) ~[spring-context-6.2.1.jar:6.2.1]
	at org.springframework.beans.factory.support.AbstractAutowireCapableBeanFactory.applyBeanPostProcessorsBeforeInitialization(AbstractAutowireCapableBeanFactory.java:423) ~[spring-beans-6.2.1.jar:6.2.1]
	at org.springframework.beans.factory.support.AbstractAutowireCapableBeanFactory.initializeBean(AbstractAutowireCapableBeanFactory.java:1800) ~[spring-beans-6.2.1.jar:6.2.1]
	at org.springframework.beans.factory.support.AbstractAutowireCapableBeanFactory.initializeBean(AbstractAutowireCapableBeanFactory.java:413) ~[spring-beans-6.2.1.jar:6.2.1]
	at org.springframework.security.config.annotation.configuration.AutowireBeanFactoryObjectPostProcessor.initializeBeanIfNeeded(AutowireBeanFactoryObjectPostProcessor.java:98) ~[spring-security-config-6.4.2.jar:6.4.2]
	at org.springframework.security.config.annotation.configuration.AutowireBeanFactoryObjectPostProcessor.postProcess(AutowireBeanFactoryObjectPostProcessor.java:67) ~[spring-security-config-6.4.2.jar:6.4.2]
	at org.springframework.security.config.annotation.web.configuration.WebSecurityConfiguration.setFilterChainProxySecurityConfigurer(WebSecurityConfiguration.java:145) ~[spring-security-config-6.4.2.jar:6.4.2]
	at java.base/jdk.internal.reflect.DirectMethodHandleAccessor.invoke(DirectMethodHandleAccessor.java:103) ~[?:?]
	at java.base/java.lang.reflect.Method.invoke(Method.java:580) ~[?:?]
	at org.springframework.beans.factory.annotation.AutowiredAnnotationBeanPostProcessor$AutowiredMethodElement.inject(AutowiredAnnotationBeanPostProcessor.java:854) ~[spring-beans-6.2.1.jar:6.2.1]
	at org.springframework.beans.factory.annotation.InjectionMetadata.inject(InjectionMetadata.java:146) ~[spring-beans-6.2.1.jar:6.2.1]
	at org.springframework.beans.factory.annotation.AutowiredAnnotationBeanPostProcessor.postProcessProperties(AutowiredAnnotationBeanPostProcessor.java:509) ~[spring-beans-6.2.1.jar:6.2.1]
	... 19 more
Caused by: org.springframework.beans.factory.BeanCreationException: Error creating bean with name 'requestMappingHandlerMapping' defined in class path resource [org/springframework/boot/autoconfigure/web/servlet/WebMvcAutoConfiguration$EnableWebMvcConfiguration.class]: Ambiguous mapping. Cannot map 'personalController' method 
com.ibrahim.bakkalApp.controller.PersonalController#orders(UserDetails, Model)
to {GET [/orders]}: There is already 'ordersController' bean method
com.ibrahim.bakkalApp.controller.OrdersController#getAllOrders() mapped.
	at org.springframework.beans.factory.support.AbstractAutowireCapableBeanFactory.initializeBean(AbstractAutowireCapableBeanFactory.java:1808) ~[spring-beans-6.2.1.jar:6.2.1]
	at org.springframework.beans.factory.support.AbstractAutowireCapableBeanFactory.doCreateBean(AbstractAutowireCapableBeanFactory.java:601) ~[spring-beans-6.2.1.jar:6.2.1]
	at org.springframework.beans.factory.support.AbstractAutowireCapableBeanFactory.createBean(AbstractAutowireCapableBeanFactory.java:523) ~[spring-beans-6.2.1.jar:6.2.1]
	at org.springframework.beans.factory.support.AbstractBeanFactory.lambda$doGetBean$0(AbstractBeanFactory.java:336) ~[spring-beans-6.2.1.jar:6.2.1]
	at org.springframework.beans.factory.support.DefaultSingletonBeanRegistry.getSingleton(DefaultSingletonBeanRegistry.java:289) ~[spring-beans-6.2.1.jar:6.2.1]
	at org.springframework.beans.factory.support.AbstractBeanFactory.doGetBean(AbstractBeanFactory.java:334) ~[spring-beans-6.2.1.jar:6.2.1]
	at org.springframework.beans.factory.support.AbstractBeanFactory.getBean(AbstractBeanFactory.java:199) ~[spring-beans-6.2.1.jar:6.2.1]
	at org.springframework.beans.factory.support.DefaultListableBeanFactory.getBeansOfType(DefaultListableBeanFactory.java:695) ~[spring-beans-6.2.1.jar:6.2.1]
	at org.springframework.context.support.AbstractApplicationContext.getBeansOfType(AbstractApplicationContext.java:1426) ~[spring-context-6.2.1.jar:6.2.1]
	at org.springframework.beans.factory.BeanFactoryUtils.beansOfTypeIncludingAncestors(BeanFactoryUtils.java:368) ~[spring-beans-6.2.1.jar:6.2.1]
	at org.springframework.web.servlet.handler.HandlerMappingIntrospector.initHandlerMappings(HandlerMappingIntrospector.java:135) ~[spring-webmvc-6.2.1.jar:6.2.1]
	at org.springframework.web.servlet.handler.HandlerMappingIntrospector.afterPropertiesSet(HandlerMappingIntrospector.java:123) ~[spring-webmvc-6.2.1.jar:6.2.1]
	at org.springframework.beans.factory.support.AbstractAutowireCapableBeanFactory.invokeInitMethods(AbstractAutowireCapableBeanFactory.java:1855) ~[spring-beans-6.2.1.jar:6.2.1]
	at org.springframework.beans.factory.support.AbstractAutowireCapableBeanFactory.initializeBean(AbstractAutowireCapableBeanFactory.java:1804) ~[spring-beans-6.2.1.jar:6.2.1]
	at org.springframework.beans.factory.support.AbstractAutowireCapableBeanFactory.doCreateBean(AbstractAutowireCapableBeanFactory.java:601) ~[spring-beans-6.2.1.jar:6.2.1]
	at org.springframework.beans.factory.support.AbstractAutowireCapableBeanFactory.createBean(AbstractAutowireCapableBeanFactory.java:523) ~[spring-beans-6.2.1.jar:6.2.1]
	at org.springframework.beans.factory.support.AbstractBeanFactory.lambda$doGetBean$0(AbstractBeanFactory.java:336) ~[spring-beans-6.2.1.jar:6.2.1]
	at org.springframework.beans.factory.support.DefaultSingletonBeanRegistry.getSingleton(DefaultSingletonBeanRegistry.java:289) ~[spring-beans-6.2.1.jar:6.2.1]
	at org.springframework.beans.factory.support.AbstractBeanFactory.doGetBean(AbstractBeanFactory.java:334) ~[spring-beans-6.2.1.jar:6.2.1]
	at org.springframework.beans.factory.support.AbstractBeanFactory.getBean(AbstractBeanFactory.java:199) ~[spring-beans-6.2.1.jar:6.2.1]
	at org.springframework.beans.factory.support.BeanDefinitionValueResolver.resolveReference(BeanDefinitionValueResolver.java:365) ~[spring-beans-6.2.1.jar:6.2.1]
	at org.springframework.beans.factory.support.BeanDefinitionValueResolver.resolveValueIfNecessary(BeanDefinitionValueResolver.java:135) ~[spring-beans-6.2.1.jar:6.2.1]
	at org.springframework.beans.factory.support.ConstructorResolver.resolveConstructorArguments(ConstructorResolver.java:691) ~[spring-beans-6.2.1.jar:6.2.1]
	at org.springframework.beans.factory.support.ConstructorResolver.autowireConstructor(ConstructorResolver.java:206) ~[spring-beans-6.2.1.jar:6.2.1]
	at org.springframework.beans.factory.support.AbstractAutowireCapableBeanFactory.autowireConstructor(AbstractAutowireCapableBeanFactory.java:1377) ~[spring-beans-6.2.1.jar:6.2.1]
	at org.springframework.beans.factory.support.AbstractAutowireCapableBeanFactory.createBeanInstance(AbstractAutowireCapableBeanFactory.java:1214) ~[spring-beans-6.2.1.jar:6.2.1]
	at org.springframework.beans.factory.support.AbstractAutowireCapableBeanFactory.doCreateBean(AbstractAutowireCapableBeanFactory.java:563) ~[spring-beans-6.2.1.jar:6.2.1]
	at org.springframework.beans.factory.support.AbstractAutowireCapableBeanFactory.createBean(AbstractAutowireCapableBeanFactory.java:523) ~[spring-beans-6.2.1.jar:6.2.1]
	at org.springframework.beans.factory.support.AbstractBeanFactory.lambda$doGetBean$0(AbstractBeanFactory.java:336) ~[spring-beans-6.2.1.jar:6.2.1]
	at org.springframework.beans.factory.support.DefaultSingletonBeanRegistry.getSingleton(DefaultSingletonBeanRegistry.java:289) ~[spring-beans-6.2.1.jar:6.2.1]
	at org.springframework.beans.factory.support.AbstractBeanFactory.doGetBean(AbstractBeanFactory.java:334) ~[spring-beans-6.2.1.jar:6.2.1]
	at org.springframework.beans.factory.support.AbstractBeanFactory.getBean(AbstractBeanFactory.java:224) ~[spring-beans-6.2.1.jar:6.2.1]
	at org.springframework.beans.factory.support.DefaultListableBeanFactory.resolveNamedBean(DefaultListableBeanFactory.java:1489) ~[spring-beans-6.2.1.jar:6.2.1]
	at org.springframework.beans.factory.support.DefaultListableBeanFactory.resolveNamedBean(DefaultListableBeanFactory.java:1450) ~[spring-beans-6.2.1.jar:6.2.1]
	at org.springframework.beans.factory.support.DefaultListableBeanFactory.resolveBean(DefaultListableBeanFactory.java:516) ~[spring-beans-6.2.1.jar:6.2.1]
	at org.springframework.beans.factory.support.DefaultListableBeanFactory$1.getIfUnique(DefaultListableBeanFactory.java:468) ~[spring-beans-6.2.1.jar:6.2.1]
	at org.springframework.security.config.annotation.web.builders.WebSecurity.setApplicationContext(WebSecurity.java:428) ~[spring-security-config-6.4.2.jar:6.4.2]
	at org.springframework.context.support.ApplicationContextAwareProcessor.invokeAwareInterfaces(ApplicationContextAwareProcessor.java:110) ~[spring-context-6.2.1.jar:6.2.1]
	at org.springframework.context.support.ApplicationContextAwareProcessor.postProcessBeforeInitialization(ApplicationContextAwareProcessor.java:85) ~[spring-context-6.2.1.jar:6.2.1]
	at org.springframework.beans.factory.support.AbstractAutowireCapableBeanFactory.applyBeanPostProcessorsBeforeInitialization(AbstractAutowireCapableBeanFactory.java:423) ~[spring-beans-6.2.1.jar:6.2.1]
	at org.springframework.beans.factory.support.AbstractAutowireCapableBeanFactory.initializeBean(AbstractAutowireCapableBeanFactory.java:1800) ~[spring-beans-6.2.1.jar:6.2.1]
	at org.springframework.beans.factory.support.AbstractAutowireCapableBeanFactory.initializeBean(AbstractAutowireCapableBeanFactory.java:413) ~[spring-beans-6.2.1.jar:6.2.1]
	at org.springframework.security.config.annotation.configuration.AutowireBeanFactoryObjectPostProcessor.initializeBeanIfNeeded(AutowireBeanFactoryObjectPostProcessor.java:98) ~[spring-security-config-6.4.2.jar:6.4.2]
	at org.springframework.security.config.annotation.configuration.AutowireBeanFactoryObjectPostProcessor.postProcess(AutowireBeanFactoryObjectPostProcessor.java:67) ~[spring-security-config-6.4.2.jar:6.4.2]
	at org.springframework.security.config.annotation.web.configuration.WebSecurityConfiguration.setFilterChainProxySecurityConfigurer(WebSecurityConfiguration.java:145) ~[spring-security-config-6.4.2.jar:6.4.2]
	at java.base/jdk.internal.reflect.DirectMethodHandleAccessor.invoke(DirectMethodHandleAccessor.java:103) ~[?:?]
	at java.base/java.lang.reflect.Method.invoke(Method.java:580) ~[?:?]
	at org.springframework.beans.factory.annotation.AutowiredAnnotationBeanPostProcessor$AutowiredMethodElement.inject(AutowiredAnnotationBeanPostProcessor.java:854) ~[spring-beans-6.2.1.jar:6.2.1]
	at org.springframework.beans.factory.annotation.InjectionMetadata.inject(InjectionMetadata.java:146) ~[spring-beans-6.2.1.jar:6.2.1]
	at org.springframework.beans.factory.annotation.AutowiredAnnotationBeanPostProcessor.postProcessProperties(AutowiredAnnotationBeanPostProcessor.java:509) ~[spring-beans-6.2.1.jar:6.2.1]
	... 19 more
Caused by: java.lang.IllegalStateException: Ambiguous mapping. Cannot map 'personalController' method 
com.ibrahim.bakkalApp.controller.PersonalController#orders(UserDetails, Model)
to {GET [/orders]}: There is already 'ordersController' bean method
com.ibrahim.bakkalApp.controller.OrdersController#getAllOrders() mapped.
	at org.springframework.web.servlet.handler.AbstractHandlerMethodMapping$MappingRegistry.validateMethodMapping(AbstractHandlerMethodMapping.java:675) ~[spring-webmvc-6.2.1.jar:6.2.1]
	at org.springframework.web.servlet.handler.AbstractHandlerMethodMapping$MappingRegistry.register(AbstractHandlerMethodMapping.java:637) ~[spring-webmvc-6.2.1.jar:6.2.1]
	at org.springframework.web.servlet.handler.AbstractHandlerMethodMapping.registerHandlerMethod(AbstractHandlerMethodMapping.java:331) ~[spring-webmvc-6.2.1.jar:6.2.1]
	at org.springframework.web.servlet.mvc.method.annotation.RequestMappingHandlerMapping.registerHandlerMethod(RequestMappingHandlerMapping.java:509) ~[spring-webmvc-6.2.1.jar:6.2.1]
	at org.springframework.web.servlet.mvc.method.annotation.RequestMappingHandlerMapping.registerHandlerMethod(RequestMappingHandlerMapping.java:84) ~[spring-webmvc-6.2.1.jar:6.2.1]
	at org.springframework.web.servlet.handler.AbstractHandlerMethodMapping.lambda$detectHandlerMethods$2(AbstractHandlerMethodMapping.java:298) ~[spring-webmvc-6.2.1.jar:6.2.1]
	at java.base/java.util.LinkedHashMap.forEach(LinkedHashMap.java:987) ~[?:?]
	at org.springframework.web.servlet.handler.AbstractHandlerMethodMapping.detectHandlerMethods(AbstractHandlerMethodMapping.java:296) ~[spring-webmvc-6.2.1.jar:6.2.1]
	at org.springframework.web.servlet.handler.AbstractHandlerMethodMapping.processCandidateBean(AbstractHandlerMethodMapping.java:265) ~[spring-webmvc-6.2.1.jar:6.2.1]
	at org.springframework.web.servlet.handler.AbstractHandlerMethodMapping.initHandlerMethods(AbstractHandlerMethodMapping.java:224) ~[spring-webmvc-6.2.1.jar:6.2.1]
	at org.springframework.web.servlet.handler.AbstractHandlerMethodMapping.afterPropertiesSet(AbstractHandlerMethodMapping.java:212) ~[spring-webmvc-6.2.1.jar:6.2.1]
	at org.springframework.web.servlet.mvc.method.annotation.RequestMappingHandlerMapping.afterPropertiesSet(RequestMappingHandlerMapping.java:239) ~[spring-webmvc-6.2.1.jar:6.2.1]
	at org.springframework.beans.factory.support.AbstractAutowireCapableBeanFactory.invokeInitMethods(AbstractAutowireCapableBeanFactory.java:1855) ~[spring-beans-6.2.1.jar:6.2.1]
	at org.springframework.beans.factory.support.AbstractAutowireCapableBeanFactory.initializeBean(AbstractAutowireCapableBeanFactory.java:1804) ~[spring-beans-6.2.1.jar:6.2.1]
	at org.springframework.beans.factory.support.AbstractAutowireCapableBeanFactory.doCreateBean(AbstractAutowireCapableBeanFactory.java:601) ~[spring-beans-6.2.1.jar:6.2.1]
	at org.springframework.beans.factory.support.AbstractAutowireCapableBeanFactory.createBean(AbstractAutowireCapableBeanFactory.java:523) ~[spring-beans-6.2.1.jar:6.2.1]
	at org.springframework.beans.factory.support.AbstractBeanFactory.lambda$doGetBean$0(AbstractBeanFactory.java:336) ~[spring-beans-6.2.1.jar:6.2.1]
	at org.springframework.beans.factory.support.DefaultSingletonBeanRegistry.getSingleton(DefaultSingletonBeanRegistry.java:289) ~[spring-beans-6.2.1.jar:6.2.1]
	at org.springframework.beans.factory.support.AbstractBeanFactory.doGetBean(AbstractBeanFactory.java:334) ~[spring-beans-6.2.1.jar:6.2.1]
	at org.springframework.beans.factory.support.AbstractBeanFactory.getBean(AbstractBeanFactory.java:199) ~[spring-beans-6.2.1.jar:6.2.1]
	at org.springframework.beans.factory.support.DefaultListableBeanFactory.getBeansOfType(DefaultListableBeanFactory.java:695) ~[spring-beans-6.2.1.jar:6.2.1]
	at org.springframework.context.support.AbstractApplicationContext.getBeansOfType(AbstractApplicationContext.java:1426) ~[spring-context-6.2.1.jar:6.2.1]
	at org.springframework.beans.factory.BeanFactoryUtils.beansOfTypeIncludingAncestors(BeanFactoryUtils.java:368) ~[spring-beans-6.2.1.jar:6.2.1]
	at org.springframework.web.servlet.handler.HandlerMappingIntrospector.initHandlerMappings(HandlerMappingIntrospector.java:135) ~[spring-webmvc-6.2.1.jar:6.2.1]
	at org.springframework.web.servlet.handler.HandlerMappingIntrospector.afterPropertiesSet(HandlerMappingIntrospector.java:123) ~[spring-webmvc-6.2.1.jar:6.2.1]
	at org.springframework.beans.factory.support.AbstractAutowireCapableBeanFactory.invokeInitMethods(AbstractAutowireCapableBeanFactory.java:1855) ~[spring-beans-6.2.1.jar:6.2.1]
	at org.springframework.beans.factory.support.AbstractAutowireCapableBeanFactory.initializeBean(AbstractAutowireCapableBeanFactory.java:1804) ~[spring-beans-6.2.1.jar:6.2.1]
	at org.springframework.beans.factory.support.AbstractAutowireCapableBeanFactory.doCreateBean(AbstractAutowireCapableBeanFactory.java:601) ~[spring-beans-6.2.1.jar:6.2.1]
	at org.springframework.beans.factory.support.AbstractAutowireCapableBeanFactory.createBean(AbstractAutowireCapableBeanFactory.java:523) ~[spring-beans-6.2.1.jar:6.2.1]
	at org.springframework.beans.factory.support.AbstractBeanFactory.lambda$doGetBean$0(AbstractBeanFactory.java:336) ~[spring-beans-6.2.1.jar:6.2.1]
	at org.springframework.beans.factory.support.DefaultSingletonBeanRegistry.getSingleton(DefaultSingletonBeanRegistry.java:289) ~[spring-beans-6.2.1.jar:6.2.1]
	at org.springframework.beans.factory.support.AbstractBeanFactory.doGetBean(AbstractBeanFactory.java:334) ~[spring-beans-6.2.1.jar:6.2.1]
	at org.springframework.beans.factory.support.AbstractBeanFactory.getBean(AbstractBeanFactory.java:199) ~[spring-beans-6.2.1.jar:6.2.1]
	at org.springframework.beans.factory.support.BeanDefinitionValueResolver.resolveReference(BeanDefinitionValueResolver.java:365) ~[spring-beans-6.2.1.jar:6.2.1]
	at org.springframework.beans.factory.support.BeanDefinitionValueResolver.resolveValueIfNecessary(BeanDefinitionValueResolver.java:135) ~[spring-beans-6.2.1.jar:6.2.1]
	at org.springframework.beans.factory.support.ConstructorResolver.resolveConstructorArguments(ConstructorResolver.java:691) ~[spring-beans-6.2.1.jar:6.2.1]
	at org.springframework.beans.factory.support.ConstructorResolver.autowireConstructor(ConstructorResolver.java:206) ~[spring-beans-6.2.1.jar:6.2.1]
	at org.springframework.beans.factory.support.AbstractAutowireCapableBeanFactory.autowireConstructor(AbstractAutowireCapableBeanFactory.java:1377) ~[spring-beans-6.2.1.jar:6.2.1]
	at org.springframework.beans.factory.support.AbstractAutowireCapableBeanFactory.createBeanInstance(AbstractAutowireCapableBeanFactory.java:1214) ~[spring-beans-6.2.1.jar:6.2.1]
	at org.springframework.beans.factory.support.AbstractAutowireCapableBeanFactory.doCreateBean(AbstractAutowireCapableBeanFactory.java:563) ~[spring-beans-6.2.1.jar:6.2.1]
	at org.springframework.beans.factory.support.AbstractAutowireCapableBeanFactory.createBean(AbstractAutowireCapableBeanFactory.java:523) ~[spring-beans-6.2.1.jar:6.2.1]
	at org.springframework.beans.factory.support.AbstractBeanFactory.lambda$doGetBean$0(AbstractBeanFactory.java:336) ~[spring-beans-6.2.1.jar:6.2.1]
	at org.springframework.beans.factory.support.DefaultSingletonBeanRegistry.getSingleton(DefaultSingletonBeanRegistry.java:289) ~[spring-beans-6.2.1.jar:6.2.1]
	at org.springframework.beans.factory.support.AbstractBeanFactory.doGetBean(AbstractBeanFactory.java:334) ~[spring-beans-6.2.1.jar:6.2.1]
	at org.springframework.beans.factory.support.AbstractBeanFactory.getBean(AbstractBeanFactory.java:224) ~[spring-beans-6.2.1.jar:6.2.1]
	at org.springframework.beans.factory.support.DefaultListableBeanFactory.resolveNamedBean(DefaultListableBeanFactory.java:1489) ~[spring-beans-6.2.1.jar:6.2.1]
	at org.springframework.beans.factory.support.DefaultListableBeanFactory.resolveNamedBean(DefaultListableBeanFactory.java:1450) ~[spring-beans-6.2.1.jar:6.2.1]
	at org.springframework.beans.factory.support.DefaultListableBeanFactory.resolveBean(DefaultListableBeanFactory.java:516) ~[spring-beans-6.2.1.jar:6.2.1]
	at org.springframework.beans.factory.support.DefaultListableBeanFactory$1.getIfUnique(DefaultListableBeanFactory.java:468) ~[spring-beans-6.2.1.jar:6.2.1]
	at org.springframework.security.config.annotation.web.builders.WebSecurity.setApplicationContext(WebSecurity.java:428) ~[spring-security-config-6.4.2.jar:6.4.2]
	at org.springframework.context.support.ApplicationContextAwareProcessor.invokeAwareInterfaces(ApplicationContextAwareProcessor.java:110) ~[spring-context-6.2.1.jar:6.2.1]
	at org.springframework.context.support.ApplicationContextAwareProcessor.postProcessBeforeInitialization(ApplicationContextAwareProcessor.java:85) ~[spring-context-6.2.1.jar:6.2.1]
	at org.springframework.beans.factory.support.AbstractAutowireCapableBeanFactory.applyBeanPostProcessorsBeforeInitialization(AbstractAutowireCapableBeanFactory.java:423) ~[spring-beans-6.2.1.jar:6.2.1]
	at org.springframework.beans.factory.support.AbstractAutowireCapableBeanFactory.initializeBean(AbstractAutowireCapableBeanFactory.java:1800) ~[spring-beans-6.2.1.jar:6.2.1]
	at org.springframework.beans.factory.support.AbstractAutowireCapableBeanFactory.initializeBean(AbstractAutowireCapableBeanFactory.java:413) ~[spring-beans-6.2.1.jar:6.2.1]
	at org.springframework.security.config.annotation.configuration.AutowireBeanFactoryObjectPostProcessor.initializeBeanIfNeeded(AutowireBeanFactoryObjectPostProcessor.java:98) ~[spring-security-config-6.4.2.jar:6.4.2]
	at org.springframework.security.config.annotation.configuration.AutowireBeanFactoryObjectPostProcessor.postProcess(AutowireBeanFactoryObjectPostProcessor.java:67) ~[spring-security-config-6.4.2.jar:6.4.2]
	at org.springframework.security.config.annotation.web.configuration.WebSecurityConfiguration.setFilterChainProxySecurityConfigurer(WebSecurityConfiguration.java:145) ~[spring-security-config-6.4.2.jar:6.4.2]
	at java.base/jdk.internal.reflect.DirectMethodHandleAccessor.invoke(DirectMethodHandleAccessor.java:103) ~[?:?]
	at java.base/java.lang.reflect.Method.invoke(Method.java:580) ~[?:?]
	at org.springframework.beans.factory.annotation.AutowiredAnnotationBeanPostProcessor$AutowiredMethodElement.inject(AutowiredAnnotationBeanPostProcessor.java:854) ~[spring-beans-6.2.1.jar:6.2.1]
	at org.springframework.beans.factory.annotation.InjectionMetadata.inject(InjectionMetadata.java:146) ~[spring-beans-6.2.1.jar:6.2.1]
	at org.springframework.beans.factory.annotation.AutowiredAnnotationBeanPostProcessor.postProcessProperties(AutowiredAnnotationBeanPostProcessor.java:509) ~[spring-beans-6.2.1.jar:6.2.1]
	... 19 more
2026-02-20 11:01:48.215 [main] INFO  com.ibrahim.bakkalApp.BakkalAppApplication - Starting BakkalAppApplication using Java 23.0.1 with PID 16888 (C:\Users\8063\IdeaProjects\bakkalApp\bakkalApp\target\classes started by 8063 in C:\Users\8063\IdeaProjects\bakkalApp\bakkalApp)
2026-02-20 11:01:48.229 [main] INFO  com.ibrahim.bakkalApp.BakkalAppApplication - No active profile set, falling back to 1 default profile: "default"
2026-02-20 11:01:49.646 [main] INFO  org.springframework.data.repository.config.RepositoryConfigurationDelegate - Bootstrapping Spring Data JPA repositories in DEFAULT mode.
2026-02-20 11:01:49.799 [main] INFO  org.springframework.data.repository.config.RepositoryConfigurationDelegate - Finished Spring Data repository scanning in 133 ms. Found 5 JPA repository interfaces.
2026-02-20 11:01:50.982 [main] INFO  org.springframework.boot.web.embedded.tomcat.TomcatWebServer - Tomcat initialized with port 8085 (http)
2026-02-20 11:01:50.996 [main] INFO  org.apache.coyote.http11.Http11NioProtocol - Initializing ProtocolHandler ["http-nio-8085"]
2026-02-20 11:01:50.998 [main] INFO  org.apache.catalina.core.StandardService - Starting service [Tomcat]
2026-02-20 11:01:50.998 [main] INFO  org.apache.catalina.core.StandardEngine - Starting Servlet engine: [Apache Tomcat/10.1.34]
2026-02-20 11:01:51.065 [main] INFO  org.apache.catalina.core.ContainerBase.[Tomcat].[localhost].[/] - Initializing Spring embedded WebApplicationContext
2026-02-20 11:01:51.066 [main] INFO  org.springframework.boot.web.servlet.context.ServletWebServerApplicationContext - Root WebApplicationContext: initialization completed in 2767 ms
2026-02-20 11:01:51.828 [main] INFO  org.springframework.orm.jpa.persistenceunit.SpringPersistenceUnitInfo - No LoadTimeWeaver setup: ignoring JPA class transformer
2026-02-20 11:01:51.859 [main] INFO  com.zaxxer.hikari.HikariDataSource - HikariPool-1 - Starting...
2026-02-20 11:01:52.083 [main] INFO  com.zaxxer.hikari.pool.HikariPool - HikariPool-1 - Added connection conn0: url=jdbc:h2:file:./data/testdb user=SA
2026-02-20 11:01:52.085 [main] INFO  com.zaxxer.hikari.HikariDataSource - HikariPool-1 - Start completed.
2026-02-20 11:01:52.110 [main] WARN  org.hibernate.orm.deprecation - HHH90000025: H2Dialect does not need to be specified explicitly using 'hibernate.dialect' (remove the property setting and it will be selected by default)
2026-02-20 11:01:53.278 [main] INFO  org.springframework.orm.jpa.LocalContainerEntityManagerFactoryBean - Initialized JPA EntityManagerFactory for persistence unit 'default'
2026-02-20 11:01:54.068 [main] INFO  org.springframework.security.config.annotation.authentication.configuration.InitializeUserDetailsBeanManagerConfigurer$InitializeUserDetailsManagerConfigurer - Global AuthenticationManager configured with UserDetailsService bean with name customUserDetailsService
2026-02-20 11:01:54.380 [main] WARN  org.springframework.boot.web.servlet.context.AnnotationConfigServletWebServerApplicationContext - Exception encountered during context initialization - cancelling refresh attempt: org.springframework.beans.factory.BeanCreationException: Error creating bean with name 'org.springframework.security.config.annotation.web.configuration.WebSecurityConfiguration': Injection of autowired dependencies failed
2026-02-20 11:01:54.381 [main] INFO  org.springframework.orm.jpa.LocalContainerEntityManagerFactoryBean - Closing JPA EntityManagerFactory for persistence unit 'default'
2026-02-20 11:01:54.383 [main] INFO  com.zaxxer.hikari.HikariDataSource - HikariPool-1 - Shutdown initiated...
2026-02-20 11:01:54.391 [main] INFO  com.zaxxer.hikari.HikariDataSource - HikariPool-1 - Shutdown completed.
2026-02-20 11:01:54.393 [main] INFO  org.apache.catalina.core.StandardService - Stopping service [Tomcat]
2026-02-20 11:01:54.415 [main] INFO  org.springframework.boot.autoconfigure.logging.ConditionEvaluationReportLogger - 

Error starting ApplicationContext. To display the condition evaluation report re-run your application with 'debug' enabled.
2026-02-20 11:01:54.434 [main] ERROR org.springframework.boot.SpringApplication - Application run failed
org.springframework.beans.factory.BeanCreationException: Error creating bean with name 'org.springframework.security.config.annotation.web.configuration.WebSecurityConfiguration': Injection of autowired dependencies failed
	at org.springframework.beans.factory.annotation.AutowiredAnnotationBeanPostProcessor.postProcessProperties(AutowiredAnnotationBeanPostProcessor.java:515) ~[spring-beans-6.2.1.jar:6.2.1]
	at org.springframework.beans.factory.support.AbstractAutowireCapableBeanFactory.populateBean(AbstractAutowireCapableBeanFactory.java:1441) ~[spring-beans-6.2.1.jar:6.2.1]
	at org.springframework.beans.factory.support.AbstractAutowireCapableBeanFactory.doCreateBean(AbstractAutowireCapableBeanFactory.java:600) ~[spring-beans-6.2.1.jar:6.2.1]
	at org.springframework.beans.factory.support.AbstractAutowireCapableBeanFactory.createBean(AbstractAutowireCapableBeanFactory.java:523) ~[spring-beans-6.2.1.jar:6.2.1]
	at org.springframework.beans.factory.support.AbstractBeanFactory.lambda$doGetBean$0(AbstractBeanFactory.java:336) ~[spring-beans-6.2.1.jar:6.2.1]
	at org.springframework.beans.factory.support.DefaultSingletonBeanRegistry.getSingleton(DefaultSingletonBeanRegistry.java:289) ~[spring-beans-6.2.1.jar:6.2.1]
	at org.springframework.beans.factory.support.AbstractBeanFactory.doGetBean(AbstractBeanFactory.java:334) ~[spring-beans-6.2.1.jar:6.2.1]
	at org.springframework.beans.factory.support.AbstractBeanFactory.getBean(AbstractBeanFactory.java:199) ~[spring-beans-6.2.1.jar:6.2.1]
	at org.springframework.beans.factory.support.DefaultListableBeanFactory.instantiateSingleton(DefaultListableBeanFactory.java:1122) ~[spring-beans-6.2.1.jar:6.2.1]
	at org.springframework.beans.factory.support.DefaultListableBeanFactory.preInstantiateSingleton(DefaultListableBeanFactory.java:1093) ~[spring-beans-6.2.1.jar:6.2.1]
	at org.springframework.beans.factory.support.DefaultListableBeanFactory.preInstantiateSingletons(DefaultListableBeanFactory.java:1030) ~[spring-beans-6.2.1.jar:6.2.1]
	at org.springframework.context.support.AbstractApplicationContext.finishBeanFactoryInitialization(AbstractApplicationContext.java:987) ~[spring-context-6.2.1.jar:6.2.1]
	at org.springframework.context.support.AbstractApplicationContext.refresh(AbstractApplicationContext.java:627) ~[spring-context-6.2.1.jar:6.2.1]
	at org.springframework.boot.web.servlet.context.ServletWebServerApplicationContext.refresh(ServletWebServerApplicationContext.java:146) ~[spring-boot-3.4.1.jar:3.4.1]
	at org.springframework.boot.SpringApplication.refresh(SpringApplication.java:752) [spring-boot-3.4.1.jar:3.4.1]
	at org.springframework.boot.SpringApplication.refreshContext(SpringApplication.java:439) [spring-boot-3.4.1.jar:3.4.1]
	at org.springframework.boot.SpringApplication.run(SpringApplication.java:318) [spring-boot-3.4.1.jar:3.4.1]
	at org.springframework.boot.SpringApplication.run(SpringApplication.java:1361) [spring-boot-3.4.1.jar:3.4.1]
	at org.springframework.boot.SpringApplication.run(SpringApplication.java:1350) [spring-boot-3.4.1.jar:3.4.1]
	at com.ibrahim.bakkalApp.BakkalAppApplication.main(BakkalAppApplication.java:10) [classes/:?]
Caused by: java.lang.RuntimeException: Could not postProcess org.springframework.security.config.annotation.web.builders.WebSecurity@63236968 of type class org.springframework.security.config.annotation.web.builders.WebSecurity
	at org.springframework.security.config.annotation.configuration.AutowireBeanFactoryObjectPostProcessor.postProcess(AutowireBeanFactoryObjectPostProcessor.java:71) ~[spring-security-config-6.4.2.jar:6.4.2]
	at org.springframework.security.config.annotation.web.configuration.WebSecurityConfiguration.setFilterChainProxySecurityConfigurer(WebSecurityConfiguration.java:145) ~[spring-security-config-6.4.2.jar:6.4.2]
	at java.base/jdk.internal.reflect.DirectMethodHandleAccessor.invoke(DirectMethodHandleAccessor.java:103) ~[?:?]
	at java.base/java.lang.reflect.Method.invoke(Method.java:580) ~[?:?]
	at org.springframework.beans.factory.annotation.AutowiredAnnotationBeanPostProcessor$AutowiredMethodElement.inject(AutowiredAnnotationBeanPostProcessor.java:854) ~[spring-beans-6.2.1.jar:6.2.1]
	at org.springframework.beans.factory.annotation.InjectionMetadata.inject(InjectionMetadata.java:146) ~[spring-beans-6.2.1.jar:6.2.1]
	at org.springframework.beans.factory.annotation.AutowiredAnnotationBeanPostProcessor.postProcessProperties(AutowiredAnnotationBeanPostProcessor.java:509) ~[spring-beans-6.2.1.jar:6.2.1]
	... 19 more
Caused by: org.springframework.beans.factory.BeanCreationException: Error creating bean with name 'mvcHandlerMappingIntrospectorRequestTransformer': Cannot resolve reference to bean 'mvcHandlerMappingIntrospector' while setting constructor argument
	at org.springframework.beans.factory.support.BeanDefinitionValueResolver.resolveReference(BeanDefinitionValueResolver.java:377) ~[spring-beans-6.2.1.jar:6.2.1]
	at org.springframework.beans.factory.support.BeanDefinitionValueResolver.resolveValueIfNecessary(BeanDefinitionValueResolver.java:135) ~[spring-beans-6.2.1.jar:6.2.1]
	at org.springframework.beans.factory.support.ConstructorResolver.resolveConstructorArguments(ConstructorResolver.java:691) ~[spring-beans-6.2.1.jar:6.2.1]
	at org.springframework.beans.factory.support.ConstructorResolver.autowireConstructor(ConstructorResolver.java:206) ~[spring-beans-6.2.1.jar:6.2.1]
	at org.springframework.beans.factory.support.AbstractAutowireCapableBeanFactory.autowireConstructor(AbstractAutowireCapableBeanFactory.java:1377) ~[spring-beans-6.2.1.jar:6.2.1]
	at org.springframework.beans.factory.support.AbstractAutowireCapableBeanFactory.createBeanInstance(AbstractAutowireCapableBeanFactory.java:1214) ~[spring-beans-6.2.1.jar:6.2.1]
	at org.springframework.beans.factory.support.AbstractAutowireCapableBeanFactory.doCreateBean(AbstractAutowireCapableBeanFactory.java:563) ~[spring-beans-6.2.1.jar:6.2.1]
	at org.springframework.beans.factory.support.AbstractAutowireCapableBeanFactory.createBean(AbstractAutowireCapableBeanFactory.java:523) ~[spring-beans-6.2.1.jar:6.2.1]
	at org.springframework.beans.factory.support.AbstractBeanFactory.lambda$doGetBean$0(AbstractBeanFactory.java:336) ~[spring-beans-6.2.1.jar:6.2.1]
	at org.springframework.beans.factory.support.DefaultSingletonBeanRegistry.getSingleton(DefaultSingletonBeanRegistry.java:289) ~[spring-beans-6.2.1.jar:6.2.1]
	at org.springframework.beans.factory.support.AbstractBeanFactory.doGetBean(AbstractBeanFactory.java:334) ~[spring-beans-6.2.1.jar:6.2.1]
	at org.springframework.beans.factory.support.AbstractBeanFactory.getBean(AbstractBeanFactory.java:224) ~[spring-beans-6.2.1.jar:6.2.1]
	at org.springframework.beans.factory.support.DefaultListableBeanFactory.resolveNamedBean(DefaultListableBeanFactory.java:1489) ~[spring-beans-6.2.1.jar:6.2.1]
	at org.springframework.beans.factory.support.DefaultListableBeanFactory.resolveNamedBean(DefaultListableBeanFactory.java:1450) ~[spring-beans-6.2.1.jar:6.2.1]
	at org.springframework.beans.factory.support.DefaultListableBeanFactory.resolveBean(DefaultListableBeanFactory.java:516) ~[spring-beans-6.2.1.jar:6.2.1]
	at org.springframework.beans.factory.support.DefaultListableBeanFactory$1.getIfUnique(DefaultListableBeanFactory.java:468) ~[spring-beans-6.2.1.jar:6.2.1]
	at org.springframework.security.config.annotation.web.builders.WebSecurity.setApplicationContext(WebSecurity.java:428) ~[spring-security-config-6.4.2.jar:6.4.2]
	at org.springframework.context.support.ApplicationContextAwareProcessor.invokeAwareInterfaces(ApplicationContextAwareProcessor.java:110) ~[spring-context-6.2.1.jar:6.2.1]
	at org.springframework.context.support.ApplicationContextAwareProcessor.postProcessBeforeInitialization(ApplicationContextAwareProcessor.java:85) ~[spring-context-6.2.1.jar:6.2.1]
	at org.springframework.beans.factory.support.AbstractAutowireCapableBeanFactory.applyBeanPostProcessorsBeforeInitialization(AbstractAutowireCapableBeanFactory.java:423) ~[spring-beans-6.2.1.jar:6.2.1]
	at org.springframework.beans.factory.support.AbstractAutowireCapableBeanFactory.initializeBean(AbstractAutowireCapableBeanFactory.java:1800) ~[spring-beans-6.2.1.jar:6.2.1]
	at org.springframework.beans.factory.support.AbstractAutowireCapableBeanFactory.initializeBean(AbstractAutowireCapableBeanFactory.java:413) ~[spring-beans-6.2.1.jar:6.2.1]
	at org.springframework.security.config.annotation.configuration.AutowireBeanFactoryObjectPostProcessor.initializeBeanIfNeeded(AutowireBeanFactoryObjectPostProcessor.java:98) ~[spring-security-config-6.4.2.jar:6.4.2]
	at org.springframework.security.config.annotation.configuration.AutowireBeanFactoryObjectPostProcessor.postProcess(AutowireBeanFactoryObjectPostProcessor.java:67) ~[spring-security-config-6.4.2.jar:6.4.2]
	at org.springframework.security.config.annotation.web.configuration.WebSecurityConfiguration.setFilterChainProxySecurityConfigurer(WebSecurityConfiguration.java:145) ~[spring-security-config-6.4.2.jar:6.4.2]
	at java.base/jdk.internal.reflect.DirectMethodHandleAccessor.invoke(DirectMethodHandleAccessor.java:103) ~[?:?]
	at java.base/java.lang.reflect.Method.invoke(Method.java:580) ~[?:?]
	at org.springframework.beans.factory.annotation.AutowiredAnnotationBeanPostProcessor$AutowiredMethodElement.inject(AutowiredAnnotationBeanPostProcessor.java:854) ~[spring-beans-6.2.1.jar:6.2.1]
	at org.springframework.beans.factory.annotation.InjectionMetadata.inject(InjectionMetadata.java:146) ~[spring-beans-6.2.1.jar:6.2.1]
	at org.springframework.beans.factory.annotation.AutowiredAnnotationBeanPostProcessor.postProcessProperties(AutowiredAnnotationBeanPostProcessor.java:509) ~[spring-beans-6.2.1.jar:6.2.1]
	... 19 more
Caused by: org.springframework.beans.factory.BeanCreationException: Error creating bean with name 'mvcHandlerMappingIntrospector' defined in class path resource [org/springframework/boot/autoconfigure/web/servlet/WebMvcAutoConfiguration$EnableWebMvcConfiguration.class]: Error creating bean with name 'requestMappingHandlerMapping' defined in class path resource [org/springframework/boot/autoconfigure/web/servlet/WebMvcAutoConfiguration$EnableWebMvcConfiguration.class]: Ambiguous mapping. Cannot map 'personalController' method 
com.ibrahim.bakkalApp.controller.PersonalController#orders(UserDetails, Model)
to {GET [/orders]}: There is already 'ordersController' bean method
com.ibrahim.bakkalApp.controller.OrdersController#getAllOrders() mapped.
	at org.springframework.beans.factory.support.AbstractAutowireCapableBeanFactory.initializeBean(AbstractAutowireCapableBeanFactory.java:1808) ~[spring-beans-6.2.1.jar:6.2.1]
	at org.springframework.beans.factory.support.AbstractAutowireCapableBeanFactory.doCreateBean(AbstractAutowireCapableBeanFactory.java:601) ~[spring-beans-6.2.1.jar:6.2.1]
	at org.springframework.beans.factory.support.AbstractAutowireCapableBeanFactory.createBean(AbstractAutowireCapableBeanFactory.java:523) ~[spring-beans-6.2.1.jar:6.2.1]
	at org.springframework.beans.factory.support.AbstractBeanFactory.lambda$doGetBean$0(AbstractBeanFactory.java:336) ~[spring-beans-6.2.1.jar:6.2.1]
	at org.springframework.beans.factory.support.DefaultSingletonBeanRegistry.getSingleton(DefaultSingletonBeanRegistry.java:289) ~[spring-beans-6.2.1.jar:6.2.1]
	at org.springframework.beans.factory.support.AbstractBeanFactory.doGetBean(AbstractBeanFactory.java:334) ~[spring-beans-6.2.1.jar:6.2.1]
	at org.springframework.beans.factory.support.AbstractBeanFactory.getBean(AbstractBeanFactory.java:199) ~[spring-beans-6.2.1.jar:6.2.1]
	at org.springframework.beans.factory.support.BeanDefinitionValueResolver.resolveReference(BeanDefinitionValueResolver.java:365) ~[spring-beans-6.2.1.jar:6.2.1]
	at org.springframework.beans.factory.support.BeanDefinitionValueResolver.resolveValueIfNecessary(BeanDefinitionValueResolver.java:135) ~[spring-beans-6.2.1.jar:6.2.1]
	at org.springframework.beans.factory.support.ConstructorResolver.resolveConstructorArguments(ConstructorResolver.java:691) ~[spring-beans-6.2.1.jar:6.2.1]
	at org.springframework.beans.factory.support.ConstructorResolver.autowireConstructor(ConstructorResolver.java:206) ~[spring-beans-6.2.1.jar:6.2.1]
	at org.springframework.beans.factory.support.AbstractAutowireCapableBeanFactory.autowireConstructor(AbstractAutowireCapableBeanFactory.java:1377) ~[spring-beans-6.2.1.jar:6.2.1]
	at org.springframework.beans.factory.support.AbstractAutowireCapableBeanFactory.createBeanInstance(AbstractAutowireCapableBeanFactory.java:1214) ~[spring-beans-6.2.1.jar:6.2.1]
	at org.springframework.beans.factory.support.AbstractAutowireCapableBeanFactory.doCreateBean(AbstractAutowireCapableBeanFactory.java:563) ~[spring-beans-6.2.1.jar:6.2.1]
	at org.springframework.beans.factory.support.AbstractAutowireCapableBeanFactory.createBean(AbstractAutowireCapableBeanFactory.java:523) ~[spring-beans-6.2.1.jar:6.2.1]
	at org.springframework.beans.factory.support.AbstractBeanFactory.lambda$doGetBean$0(AbstractBeanFactory.java:336) ~[spring-beans-6.2.1.jar:6.2.1]
	at org.springframework.beans.factory.support.DefaultSingletonBeanRegistry.getSingleton(DefaultSingletonBeanRegistry.java:289) ~[spring-beans-6.2.1.jar:6.2.1]
	at org.springframework.beans.factory.support.AbstractBeanFactory.doGetBean(AbstractBeanFactory.java:334) ~[spring-beans-6.2.1.jar:6.2.1]
	at org.springframework.beans.factory.support.AbstractBeanFactory.getBean(AbstractBeanFactory.java:224) ~[spring-beans-6.2.1.jar:6.2.1]
	at org.springframework.beans.factory.support.DefaultListableBeanFactory.resolveNamedBean(DefaultListableBeanFactory.java:1489) ~[spring-beans-6.2.1.jar:6.2.1]
	at org.springframework.beans.factory.support.DefaultListableBeanFactory.resolveNamedBean(DefaultListableBeanFactory.java:1450) ~[spring-beans-6.2.1.jar:6.2.1]
	at org.springframework.beans.factory.support.DefaultListableBeanFactory.resolveBean(DefaultListableBeanFactory.java:516) ~[spring-beans-6.2.1.jar:6.2.1]
	at org.springframework.beans.factory.support.DefaultListableBeanFactory$1.getIfUnique(DefaultListableBeanFactory.java:468) ~[spring-beans-6.2.1.jar:6.2.1]
	at org.springframework.security.config.annotation.web.builders.WebSecurity.setApplicationContext(WebSecurity.java:428) ~[spring-security-config-6.4.2.jar:6.4.2]
	at org.springframework.context.support.ApplicationContextAwareProcessor.invokeAwareInterfaces(ApplicationContextAwareProcessor.java:110) ~[spring-context-6.2.1.jar:6.2.1]
	at org.springframework.context.support.ApplicationContextAwareProcessor.postProcessBeforeInitialization(ApplicationContextAwareProcessor.java:85) ~[spring-context-6.2.1.jar:6.2.1]
	at org.springframework.beans.factory.support.AbstractAutowireCapableBeanFactory.applyBeanPostProcessorsBeforeInitialization(AbstractAutowireCapableBeanFactory.java:423) ~[spring-beans-6.2.1.jar:6.2.1]
	at org.springframework.beans.factory.support.AbstractAutowireCapableBeanFactory.initializeBean(AbstractAutowireCapableBeanFactory.java:1800) ~[spring-beans-6.2.1.jar:6.2.1]
	at org.springframework.beans.factory.support.AbstractAutowireCapableBeanFactory.initializeBean(AbstractAutowireCapableBeanFactory.java:413) ~[spring-beans-6.2.1.jar:6.2.1]
	at org.springframework.security.config.annotation.configuration.AutowireBeanFactoryObjectPostProcessor.initializeBeanIfNeeded(AutowireBeanFactoryObjectPostProcessor.java:98) ~[spring-security-config-6.4.2.jar:6.4.2]
	at org.springframework.security.config.annotation.configuration.AutowireBeanFactoryObjectPostProcessor.postProcess(AutowireBeanFactoryObjectPostProcessor.java:67) ~[spring-security-config-6.4.2.jar:6.4.2]
	at org.springframework.security.config.annotation.web.configuration.WebSecurityConfiguration.setFilterChainProxySecurityConfigurer(WebSecurityConfiguration.java:145) ~[spring-security-config-6.4.2.jar:6.4.2]
	at java.base/jdk.internal.reflect.DirectMethodHandleAccessor.invoke(DirectMethodHandleAccessor.java:103) ~[?:?]
	at java.base/java.lang.reflect.Method.invoke(Method.java:580) ~[?:?]
	at org.springframework.beans.factory.annotation.AutowiredAnnotationBeanPostProcessor$AutowiredMethodElement.inject(AutowiredAnnotationBeanPostProcessor.java:854) ~[spring-beans-6.2.1.jar:6.2.1]
	at org.springframework.beans.factory.annotation.InjectionMetadata.inject(InjectionMetadata.java:146) ~[spring-beans-6.2.1.jar:6.2.1]
	at org.springframework.beans.factory.annotation.AutowiredAnnotationBeanPostProcessor.postProcessProperties(AutowiredAnnotationBeanPostProcessor.java:509) ~[spring-beans-6.2.1.jar:6.2.1]
	... 19 more
Caused by: org.springframework.beans.factory.BeanCreationException: Error creating bean with name 'requestMappingHandlerMapping' defined in class path resource [org/springframework/boot/autoconfigure/web/servlet/WebMvcAutoConfiguration$EnableWebMvcConfiguration.class]: Ambiguous mapping. Cannot map 'personalController' method 
com.ibrahim.bakkalApp.controller.PersonalController#orders(UserDetails, Model)
to {GET [/orders]}: There is already 'ordersController' bean method
com.ibrahim.bakkalApp.controller.OrdersController#getAllOrders() mapped.
	at org.springframework.beans.factory.support.AbstractAutowireCapableBeanFactory.initializeBean(AbstractAutowireCapableBeanFactory.java:1808) ~[spring-beans-6.2.1.jar:6.2.1]
	at org.springframework.beans.factory.support.AbstractAutowireCapableBeanFactory.doCreateBean(AbstractAutowireCapableBeanFactory.java:601) ~[spring-beans-6.2.1.jar:6.2.1]
	at org.springframework.beans.factory.support.AbstractAutowireCapableBeanFactory.createBean(AbstractAutowireCapableBeanFactory.java:523) ~[spring-beans-6.2.1.jar:6.2.1]
	at org.springframework.beans.factory.support.AbstractBeanFactory.lambda$doGetBean$0(AbstractBeanFactory.java:336) ~[spring-beans-6.2.1.jar:6.2.1]
	at org.springframework.beans.factory.support.DefaultSingletonBeanRegistry.getSingleton(DefaultSingletonBeanRegistry.java:289) ~[spring-beans-6.2.1.jar:6.2.1]
	at org.springframework.beans.factory.support.AbstractBeanFactory.doGetBean(AbstractBeanFactory.java:334) ~[spring-beans-6.2.1.jar:6.2.1]
	at org.springframework.beans.factory.support.AbstractBeanFactory.getBean(AbstractBeanFactory.java:199) ~[spring-beans-6.2.1.jar:6.2.1]
	at org.springframework.beans.factory.support.DefaultListableBeanFactory.getBeansOfType(DefaultListableBeanFactory.java:695) ~[spring-beans-6.2.1.jar:6.2.1]
	at org.springframework.context.support.AbstractApplicationContext.getBeansOfType(AbstractApplicationContext.java:1426) ~[spring-context-6.2.1.jar:6.2.1]
	at org.springframework.beans.factory.BeanFactoryUtils.beansOfTypeIncludingAncestors(BeanFactoryUtils.java:368) ~[spring-beans-6.2.1.jar:6.2.1]
	at org.springframework.web.servlet.handler.HandlerMappingIntrospector.initHandlerMappings(HandlerMappingIntrospector.java:135) ~[spring-webmvc-6.2.1.jar:6.2.1]
	at org.springframework.web.servlet.handler.HandlerMappingIntrospector.afterPropertiesSet(HandlerMappingIntrospector.java:123) ~[spring-webmvc-6.2.1.jar:6.2.1]
	at org.springframework.beans.factory.support.AbstractAutowireCapableBeanFactory.invokeInitMethods(AbstractAutowireCapableBeanFactory.java:1855) ~[spring-beans-6.2.1.jar:6.2.1]
	at org.springframework.beans.factory.support.AbstractAutowireCapableBeanFactory.initializeBean(AbstractAutowireCapableBeanFactory.java:1804) ~[spring-beans-6.2.1.jar:6.2.1]
	at org.springframework.beans.factory.support.AbstractAutowireCapableBeanFactory.doCreateBean(AbstractAutowireCapableBeanFactory.java:601) ~[spring-beans-6.2.1.jar:6.2.1]
	at org.springframework.beans.factory.support.AbstractAutowireCapableBeanFactory.createBean(AbstractAutowireCapableBeanFactory.java:523) ~[spring-beans-6.2.1.jar:6.2.1]
	at org.springframework.beans.factory.support.AbstractBeanFactory.lambda$doGetBean$0(AbstractBeanFactory.java:336) ~[spring-beans-6.2.1.jar:6.2.1]
	at org.springframework.beans.factory.support.DefaultSingletonBeanRegistry.getSingleton(DefaultSingletonBeanRegistry.java:289) ~[spring-beans-6.2.1.jar:6.2.1]
	at org.springframework.beans.factory.support.AbstractBeanFactory.doGetBean(AbstractBeanFactory.java:334) ~[spring-beans-6.2.1.jar:6.2.1]
	at org.springframework.beans.factory.support.AbstractBeanFactory.getBean(AbstractBeanFactory.java:199) ~[spring-beans-6.2.1.jar:6.2.1]
	at org.springframework.beans.factory.support.BeanDefinitionValueResolver.resolveReference(BeanDefinitionValueResolver.java:365) ~[spring-beans-6.2.1.jar:6.2.1]
	at org.springframework.beans.factory.support.BeanDefinitionValueResolver.resolveValueIfNecessary(BeanDefinitionValueResolver.java:135) ~[spring-beans-6.2.1.jar:6.2.1]
	at org.springframework.beans.factory.support.ConstructorResolver.resolveConstructorArguments(ConstructorResolver.java:691) ~[spring-beans-6.2.1.jar:6.2.1]
	at org.springframework.beans.factory.support.ConstructorResolver.autowireConstructor(ConstructorResolver.java:206) ~[spring-beans-6.2.1.jar:6.2.1]
	at org.springframework.beans.factory.support.AbstractAutowireCapableBeanFactory.autowireConstructor(AbstractAutowireCapableBeanFactory.java:1377) ~[spring-beans-6.2.1.jar:6.2.1]
	at org.springframework.beans.factory.support.AbstractAutowireCapableBeanFactory.createBeanInstance(AbstractAutowireCapableBeanFactory.java:1214) ~[spring-beans-6.2.1.jar:6.2.1]
	at org.springframework.beans.factory.support.AbstractAutowireCapableBeanFactory.doCreateBean(AbstractAutowireCapableBeanFactory.java:563) ~[spring-beans-6.2.1.jar:6.2.1]
	at org.springframework.beans.factory.support.AbstractAutowireCapableBeanFactory.createBean(AbstractAutowireCapableBeanFactory.java:523) ~[spring-beans-6.2.1.jar:6.2.1]
	at org.springframework.beans.factory.support.AbstractBeanFactory.lambda$doGetBean$0(AbstractBeanFactory.java:336) ~[spring-beans-6.2.1.jar:6.2.1]
	at org.springframework.beans.factory.support.DefaultSingletonBeanRegistry.getSingleton(DefaultSingletonBeanRegistry.java:289) ~[spring-beans-6.2.1.jar:6.2.1]
	at org.springframework.beans.factory.support.AbstractBeanFactory.doGetBean(AbstractBeanFactory.java:334) ~[spring-beans-6.2.1.jar:6.2.1]
	at org.springframework.beans.factory.support.AbstractBeanFactory.getBean(AbstractBeanFactory.java:224) ~[spring-beans-6.2.1.jar:6.2.1]
	at org.springframework.beans.factory.support.DefaultListableBeanFactory.resolveNamedBean(DefaultListableBeanFactory.java:1489) ~[spring-beans-6.2.1.jar:6.2.1]
	at org.springframework.beans.factory.support.DefaultListableBeanFactory.resolveNamedBean(DefaultListableBeanFactory.java:1450) ~[spring-beans-6.2.1.jar:6.2.1]
	at org.springframework.beans.factory.support.DefaultListableBeanFactory.resolveBean(DefaultListableBeanFactory.java:516) ~[spring-beans-6.2.1.jar:6.2.1]
	at org.springframework.beans.factory.support.DefaultListableBeanFactory$1.getIfUnique(DefaultListableBeanFactory.java:468) ~[spring-beans-6.2.1.jar:6.2.1]
	at org.springframework.security.config.annotation.web.builders.WebSecurity.setApplicationContext(WebSecurity.java:428) ~[spring-security-config-6.4.2.jar:6.4.2]
	at org.springframework.context.support.ApplicationContextAwareProcessor.invokeAwareInterfaces(ApplicationContextAwareProcessor.java:110) ~[spring-context-6.2.1.jar:6.2.1]
	at org.springframework.context.support.ApplicationContextAwareProcessor.postProcessBeforeInitialization(ApplicationContextAwareProcessor.java:85) ~[spring-context-6.2.1.jar:6.2.1]
	at org.springframework.beans.factory.support.AbstractAutowireCapableBeanFactory.applyBeanPostProcessorsBeforeInitialization(AbstractAutowireCapableBeanFactory.java:423) ~[spring-beans-6.2.1.jar:6.2.1]
	at org.springframework.beans.factory.support.AbstractAutowireCapableBeanFactory.initializeBean(AbstractAutowireCapableBeanFactory.java:1800) ~[spring-beans-6.2.1.jar:6.2.1]
	at org.springframework.beans.factory.support.AbstractAutowireCapableBeanFactory.initializeBean(AbstractAutowireCapableBeanFactory.java:413) ~[spring-beans-6.2.1.jar:6.2.1]
	at org.springframework.security.config.annotation.configuration.AutowireBeanFactoryObjectPostProcessor.initializeBeanIfNeeded(AutowireBeanFactoryObjectPostProcessor.java:98) ~[spring-security-config-6.4.2.jar:6.4.2]
	at org.springframework.security.config.annotation.configuration.AutowireBeanFactoryObjectPostProcessor.postProcess(AutowireBeanFactoryObjectPostProcessor.java:67) ~[spring-security-config-6.4.2.jar:6.4.2]
	at org.springframework.security.config.annotation.web.configuration.WebSecurityConfiguration.setFilterChainProxySecurityConfigurer(WebSecurityConfiguration.java:145) ~[spring-security-config-6.4.2.jar:6.4.2]
	at java.base/jdk.internal.reflect.DirectMethodHandleAccessor.invoke(DirectMethodHandleAccessor.java:103) ~[?:?]
	at java.base/java.lang.reflect.Method.invoke(Method.java:580) ~[?:?]
	at org.springframework.beans.factory.annotation.AutowiredAnnotationBeanPostProcessor$AutowiredMethodElement.inject(AutowiredAnnotationBeanPostProcessor.java:854) ~[spring-beans-6.2.1.jar:6.2.1]
	at org.springframework.beans.factory.annotation.InjectionMetadata.inject(InjectionMetadata.java:146) ~[spring-beans-6.2.1.jar:6.2.1]
	at org.springframework.beans.factory.annotation.AutowiredAnnotationBeanPostProcessor.postProcessProperties(AutowiredAnnotationBeanPostProcessor.java:509) ~[spring-beans-6.2.1.jar:6.2.1]
	... 19 more
Caused by: java.lang.IllegalStateException: Ambiguous mapping. Cannot map 'personalController' method 
com.ibrahim.bakkalApp.controller.PersonalController#orders(UserDetails, Model)
to {GET [/orders]}: There is already 'ordersController' bean method
com.ibrahim.bakkalApp.controller.OrdersController#getAllOrders() mapped.
	at org.springframework.web.servlet.handler.AbstractHandlerMethodMapping$MappingRegistry.validateMethodMapping(AbstractHandlerMethodMapping.java:675) ~[spring-webmvc-6.2.1.jar:6.2.1]
	at org.springframework.web.servlet.handler.AbstractHandlerMethodMapping$MappingRegistry.register(AbstractHandlerMethodMapping.java:637) ~[spring-webmvc-6.2.1.jar:6.2.1]
	at org.springframework.web.servlet.handler.AbstractHandlerMethodMapping.registerHandlerMethod(AbstractHandlerMethodMapping.java:331) ~[spring-webmvc-6.2.1.jar:6.2.1]
	at org.springframework.web.servlet.mvc.method.annotation.RequestMappingHandlerMapping.registerHandlerMethod(RequestMappingHandlerMapping.java:509) ~[spring-webmvc-6.2.1.jar:6.2.1]
	at org.springframework.web.servlet.mvc.method.annotation.RequestMappingHandlerMapping.registerHandlerMethod(RequestMappingHandlerMapping.java:84) ~[spring-webmvc-6.2.1.jar:6.2.1]
	at org.springframework.web.servlet.handler.AbstractHandlerMethodMapping.lambda$detectHandlerMethods$2(AbstractHandlerMethodMapping.java:298) ~[spring-webmvc-6.2.1.jar:6.2.1]
	at java.base/java.util.LinkedHashMap.forEach(LinkedHashMap.java:987) ~[?:?]
	at org.springframework.web.servlet.handler.AbstractHandlerMethodMapping.detectHandlerMethods(AbstractHandlerMethodMapping.java:296) ~[spring-webmvc-6.2.1.jar:6.2.1]
	at org.springframework.web.servlet.handler.AbstractHandlerMethodMapping.processCandidateBean(AbstractHandlerMethodMapping.java:265) ~[spring-webmvc-6.2.1.jar:6.2.1]
	at org.springframework.web.servlet.handler.AbstractHandlerMethodMapping.initHandlerMethods(AbstractHandlerMethodMapping.java:224) ~[spring-webmvc-6.2.1.jar:6.2.1]
	at org.springframework.web.servlet.handler.AbstractHandlerMethodMapping.afterPropertiesSet(AbstractHandlerMethodMapping.java:212) ~[spring-webmvc-6.2.1.jar:6.2.1]
	at org.springframework.web.servlet.mvc.method.annotation.RequestMappingHandlerMapping.afterPropertiesSet(RequestMappingHandlerMapping.java:239) ~[spring-webmvc-6.2.1.jar:6.2.1]
	at org.springframework.beans.factory.support.AbstractAutowireCapableBeanFactory.invokeInitMethods(AbstractAutowireCapableBeanFactory.java:1855) ~[spring-beans-6.2.1.jar:6.2.1]
	at org.springframework.beans.factory.support.AbstractAutowireCapableBeanFactory.initializeBean(AbstractAutowireCapableBeanFactory.java:1804) ~[spring-beans-6.2.1.jar:6.2.1]
	at org.springframework.beans.factory.support.AbstractAutowireCapableBeanFactory.doCreateBean(AbstractAutowireCapableBeanFactory.java:601) ~[spring-beans-6.2.1.jar:6.2.1]
	at org.springframework.beans.factory.support.AbstractAutowireCapableBeanFactory.createBean(AbstractAutowireCapableBeanFactory.java:523) ~[spring-beans-6.2.1.jar:6.2.1]
	at org.springframework.beans.factory.support.AbstractBeanFactory.lambda$doGetBean$0(AbstractBeanFactory.java:336) ~[spring-beans-6.2.1.jar:6.2.1]
	at org.springframework.beans.factory.support.DefaultSingletonBeanRegistry.getSingleton(DefaultSingletonBeanRegistry.java:289) ~[spring-beans-6.2.1.jar:6.2.1]
	at org.springframework.beans.factory.support.AbstractBeanFactory.doGetBean(AbstractBeanFactory.java:334) ~[spring-beans-6.2.1.jar:6.2.1]
	at org.springframework.beans.factory.support.AbstractBeanFactory.getBean(AbstractBeanFactory.java:199) ~[spring-beans-6.2.1.jar:6.2.1]
	at org.springframework.beans.factory.support.DefaultListableBeanFactory.getBeansOfType(DefaultListableBeanFactory.java:695) ~[spring-beans-6.2.1.jar:6.2.1]
	at org.springframework.context.support.AbstractApplicationContext.getBeansOfType(AbstractApplicationContext.java:1426) ~[spring-context-6.2.1.jar:6.2.1]
	at org.springframework.beans.factory.BeanFactoryUtils.beansOfTypeIncludingAncestors(BeanFactoryUtils.java:368) ~[spring-beans-6.2.1.jar:6.2.1]
	at org.springframework.web.servlet.handler.HandlerMappingIntrospector.initHandlerMappings(HandlerMappingIntrospector.java:135) ~[spring-webmvc-6.2.1.jar:6.2.1]
	at org.springframework.web.servlet.handler.HandlerMappingIntrospector.afterPropertiesSet(HandlerMappingIntrospector.java:123) ~[spring-webmvc-6.2.1.jar:6.2.1]
	at org.springframework.beans.factory.support.AbstractAutowireCapableBeanFactory.invokeInitMethods(AbstractAutowireCapableBeanFactory.java:1855) ~[spring-beans-6.2.1.jar:6.2.1]
	at org.springframework.beans.factory.support.AbstractAutowireCapableBeanFactory.initializeBean(AbstractAutowireCapableBeanFactory.java:1804) ~[spring-beans-6.2.1.jar:6.2.1]
	at org.springframework.beans.factory.support.AbstractAutowireCapableBeanFactory.doCreateBean(AbstractAutowireCapableBeanFactory.java:601) ~[spring-beans-6.2.1.jar:6.2.1]
	at org.springframework.beans.factory.support.AbstractAutowireCapableBeanFactory.createBean(AbstractAutowireCapableBeanFactory.java:523) ~[spring-beans-6.2.1.jar:6.2.1]
	at org.springframework.beans.factory.support.AbstractBeanFactory.lambda$doGetBean$0(AbstractBeanFactory.java:336) ~[spring-beans-6.2.1.jar:6.2.1]
	at org.springframework.beans.factory.support.DefaultSingletonBeanRegistry.getSingleton(DefaultSingletonBeanRegistry.java:289) ~[spring-beans-6.2.1.jar:6.2.1]
	at org.springframework.beans.factory.support.AbstractBeanFactory.doGetBean(AbstractBeanFactory.java:334) ~[spring-beans-6.2.1.jar:6.2.1]
	at org.springframework.beans.factory.support.AbstractBeanFactory.getBean(AbstractBeanFactory.java:199) ~[spring-beans-6.2.1.jar:6.2.1]
	at org.springframework.beans.factory.support.BeanDefinitionValueResolver.resolveReference(BeanDefinitionValueResolver.java:365) ~[spring-beans-6.2.1.jar:6.2.1]
	at org.springframework.beans.factory.support.BeanDefinitionValueResolver.resolveValueIfNecessary(BeanDefinitionValueResolver.java:135) ~[spring-beans-6.2.1.jar:6.2.1]
	at org.springframework.beans.factory.support.ConstructorResolver.resolveConstructorArguments(ConstructorResolver.java:691) ~[spring-beans-6.2.1.jar:6.2.1]
	at org.springframework.beans.factory.support.ConstructorResolver.autowireConstructor(ConstructorResolver.java:206) ~[spring-beans-6.2.1.jar:6.2.1]
	at org.springframework.beans.factory.support.AbstractAutowireCapableBeanFactory.autowireConstructor(AbstractAutowireCapableBeanFactory.java:1377) ~[spring-beans-6.2.1.jar:6.2.1]
	at org.springframework.beans.factory.support.AbstractAutowireCapableBeanFactory.createBeanInstance(AbstractAutowireCapableBeanFactory.java:1214) ~[spring-beans-6.2.1.jar:6.2.1]
	at org.springframework.beans.factory.support.AbstractAutowireCapableBeanFactory.doCreateBean(AbstractAutowireCapableBeanFactory.java:563) ~[spring-beans-6.2.1.jar:6.2.1]
	at org.springframework.beans.factory.support.AbstractAutowireCapableBeanFactory.createBean(AbstractAutowireCapableBeanFactory.java:523) ~[spring-beans-6.2.1.jar:6.2.1]
	at org.springframework.beans.factory.support.AbstractBeanFactory.lambda$doGetBean$0(AbstractBeanFactory.java:336) ~[spring-beans-6.2.1.jar:6.2.1]
	at org.springframework.beans.factory.support.DefaultSingletonBeanRegistry.getSingleton(DefaultSingletonBeanRegistry.java:289) ~[spring-beans-6.2.1.jar:6.2.1]
	at org.springframework.beans.factory.support.AbstractBeanFactory.doGetBean(AbstractBeanFactory.java:334) ~[spring-beans-6.2.1.jar:6.2.1]
	at org.springframework.beans.factory.support.AbstractBeanFactory.getBean(AbstractBeanFactory.java:224) ~[spring-beans-6.2.1.jar:6.2.1]
	at org.springframework.beans.factory.support.DefaultListableBeanFactory.resolveNamedBean(DefaultListableBeanFactory.java:1489) ~[spring-beans-6.2.1.jar:6.2.1]
	at org.springframework.beans.factory.support.DefaultListableBeanFactory.resolveNamedBean(DefaultListableBeanFactory.java:1450) ~[spring-beans-6.2.1.jar:6.2.1]
	at org.springframework.beans.factory.support.DefaultListableBeanFactory.resolveBean(DefaultListableBeanFactory.java:516) ~[spring-beans-6.2.1.jar:6.2.1]
	at org.springframework.beans.factory.support.DefaultListableBeanFactory$1.getIfUnique(DefaultListableBeanFactory.java:468) ~[spring-beans-6.2.1.jar:6.2.1]
	at org.springframework.security.config.annotation.web.builders.WebSecurity.setApplicationContext(WebSecurity.java:428) ~[spring-security-config-6.4.2.jar:6.4.2]
	at org.springframework.context.support.ApplicationContextAwareProcessor.invokeAwareInterfaces(ApplicationContextAwareProcessor.java:110) ~[spring-context-6.2.1.jar:6.2.1]
	at org.springframework.context.support.ApplicationContextAwareProcessor.postProcessBeforeInitialization(ApplicationContextAwareProcessor.java:85) ~[spring-context-6.2.1.jar:6.2.1]
	at org.springframework.beans.factory.support.AbstractAutowireCapableBeanFactory.applyBeanPostProcessorsBeforeInitialization(AbstractAutowireCapableBeanFactory.java:423) ~[spring-beans-6.2.1.jar:6.2.1]
	at org.springframework.beans.factory.support.AbstractAutowireCapableBeanFactory.initializeBean(AbstractAutowireCapableBeanFactory.java:1800) ~[spring-beans-6.2.1.jar:6.2.1]
	at org.springframework.beans.factory.support.AbstractAutowireCapableBeanFactory.initializeBean(AbstractAutowireCapableBeanFactory.java:413) ~[spring-beans-6.2.1.jar:6.2.1]
	at org.springframework.security.config.annotation.configuration.AutowireBeanFactoryObjectPostProcessor.initializeBeanIfNeeded(AutowireBeanFactoryObjectPostProcessor.java:98) ~[spring-security-config-6.4.2.jar:6.4.2]
	at org.springframework.security.config.annotation.configuration.AutowireBeanFactoryObjectPostProcessor.postProcess(AutowireBeanFactoryObjectPostProcessor.java:67) ~[spring-security-config-6.4.2.jar:6.4.2]
	at org.springframework.security.config.annotation.web.configuration.WebSecurityConfiguration.setFilterChainProxySecurityConfigurer(WebSecurityConfiguration.java:145) ~[spring-security-config-6.4.2.jar:6.4.2]
	at java.base/jdk.internal.reflect.DirectMethodHandleAccessor.invoke(DirectMethodHandleAccessor.java:103) ~[?:?]
	at java.base/java.lang.reflect.Method.invoke(Method.java:580) ~[?:?]
	at org.springframework.beans.factory.annotation.AutowiredAnnotationBeanPostProcessor$AutowiredMethodElement.inject(AutowiredAnnotationBeanPostProcessor.java:854) ~[spring-beans-6.2.1.jar:6.2.1]
	at org.springframework.beans.factory.annotation.InjectionMetadata.inject(InjectionMetadata.java:146) ~[spring-beans-6.2.1.jar:6.2.1]
	at org.springframework.beans.factory.annotation.AutowiredAnnotationBeanPostProcessor.postProcessProperties(AutowiredAnnotationBeanPostProcessor.java:509) ~[spring-beans-6.2.1.jar:6.2.1]
	... 19 more
2026-02-20 11:03:07.260 [main] INFO  com.ibrahim.bakkalApp.BakkalAppApplication - Starting BakkalAppApplication using Java 23.0.1 with PID 2780 (C:\Users\8063\IdeaProjects\bakkalApp\bakkalApp\target\classes started by 8063 in C:\Users\8063\IdeaProjects\bakkalApp\bakkalApp)
2026-02-20 11:03:07.280 [main] INFO  com.ibrahim.bakkalApp.BakkalAppApplication - No active profile set, falling back to 1 default profile: "default"
2026-02-20 11:03:08.373 [main] INFO  org.springframework.data.repository.config.RepositoryConfigurationDelegate - Bootstrapping Spring Data JPA repositories in DEFAULT mode.
2026-02-20 11:03:08.441 [main] INFO  org.springframework.data.repository.config.RepositoryConfigurationDelegate - Finished Spring Data repository scanning in 57 ms. Found 5 JPA repository interfaces.
2026-02-20 11:03:09.300 [main] INFO  org.springframework.boot.web.embedded.tomcat.TomcatWebServer - Tomcat initialized with port 8085 (http)
2026-02-20 11:03:09.315 [main] INFO  org.apache.coyote.http11.Http11NioProtocol - Initializing ProtocolHandler ["http-nio-8085"]
2026-02-20 11:03:09.317 [main] INFO  org.apache.catalina.core.StandardService - Starting service [Tomcat]
2026-02-20 11:03:09.318 [main] INFO  org.apache.catalina.core.StandardEngine - Starting Servlet engine: [Apache Tomcat/10.1.34]
2026-02-20 11:03:09.394 [main] INFO  org.apache.catalina.core.ContainerBase.[Tomcat].[localhost].[/] - Initializing Spring embedded WebApplicationContext
2026-02-20 11:03:09.396 [main] INFO  org.springframework.boot.web.servlet.context.ServletWebServerApplicationContext - Root WebApplicationContext: initialization completed in 2023 ms
2026-02-20 11:03:10.227 [main] INFO  org.springframework.orm.jpa.persistenceunit.SpringPersistenceUnitInfo - No LoadTimeWeaver setup: ignoring JPA class transformer
2026-02-20 11:03:10.278 [main] INFO  com.zaxxer.hikari.HikariDataSource - HikariPool-1 - Starting...
2026-02-20 11:03:10.772 [main] INFO  com.zaxxer.hikari.pool.HikariPool - HikariPool-1 - Added connection conn0: url=jdbc:h2:file:./data/testdb user=SA
2026-02-20 11:03:10.776 [main] INFO  com.zaxxer.hikari.HikariDataSource - HikariPool-1 - Start completed.
2026-02-20 11:03:10.832 [main] WARN  org.hibernate.orm.deprecation - HHH90000025: H2Dialect does not need to be specified explicitly using 'hibernate.dialect' (remove the property setting and it will be selected by default)
2026-02-20 11:03:12.190 [main] INFO  org.springframework.orm.jpa.LocalContainerEntityManagerFactoryBean - Initialized JPA EntityManagerFactory for persistence unit 'default'
2026-02-20 11:03:13.127 [main] INFO  org.springframework.security.config.annotation.authentication.configuration.InitializeUserDetailsBeanManagerConfigurer$InitializeUserDetailsManagerConfigurer - Global AuthenticationManager configured with UserDetailsService bean with name customUserDetailsService
2026-02-20 11:03:13.873 [main] INFO  org.springframework.boot.actuate.endpoint.web.EndpointLinksResolver - Exposing 1 endpoint beneath base path '/actuator'
2026-02-20 11:03:14.426 [main] INFO  org.springframework.boot.autoconfigure.h2.H2ConsoleAutoConfiguration - H2 console available at '/h2-console'. Database available at 'jdbc:h2:file:./data/testdb'
2026-02-20 11:03:15.095 [main] INFO  org.apache.coyote.http11.Http11NioProtocol - Starting ProtocolHandler ["http-nio-8085"]
2026-02-20 11:03:15.115 [main] WARN  org.springframework.boot.web.servlet.context.AnnotationConfigServletWebServerApplicationContext - Exception encountered during context initialization - cancelling refresh attempt: org.springframework.context.ApplicationContextException: Failed to start bean 'webServerStartStop'
2026-02-20 11:03:15.131 [main] INFO  org.springframework.orm.jpa.LocalContainerEntityManagerFactoryBean - Closing JPA EntityManagerFactory for persistence unit 'default'
2026-02-20 11:03:15.138 [main] INFO  com.zaxxer.hikari.HikariDataSource - HikariPool-1 - Shutdown initiated...
2026-02-20 11:03:15.172 [main] INFO  com.zaxxer.hikari.HikariDataSource - HikariPool-1 - Shutdown completed.
2026-02-20 11:03:15.212 [main] INFO  org.springframework.boot.autoconfigure.logging.ConditionEvaluationReportLogger - 

Error starting ApplicationContext. To display the condition evaluation report re-run your application with 'debug' enabled.
2026-02-20 11:03:15.244 [main] ERROR org.springframework.boot.diagnostics.LoggingFailureAnalysisReporter - 

***************************
APPLICATION FAILED TO START
***************************

Description:

Web server failed to start. Port 8085 was already in use.

Action:

Identify and stop the process that's listening on port 8085 or configure this application to listen on another port.

2026-02-20 11:03:29.403 [main] INFO  com.ibrahim.bakkalApp.BakkalAppApplication - Starting BakkalAppApplication using Java 23.0.1 with PID 27184 (C:\Users\8063\IdeaProjects\bakkalApp\bakkalApp\target\classes started by 8063 in C:\Users\8063\IdeaProjects\bakkalApp\bakkalApp)
2026-02-20 11:03:29.413 [main] INFO  com.ibrahim.bakkalApp.BakkalAppApplication - No active profile set, falling back to 1 default profile: "default"
2026-02-20 11:03:30.653 [main] INFO  org.springframework.data.repository.config.RepositoryConfigurationDelegate - Bootstrapping Spring Data JPA repositories in DEFAULT mode.
2026-02-20 11:03:30.787 [main] INFO  org.springframework.data.repository.config.RepositoryConfigurationDelegate - Finished Spring Data repository scanning in 114 ms. Found 5 JPA repository interfaces.
2026-02-20 11:03:32.128 [main] INFO  org.springframework.boot.web.embedded.tomcat.TomcatWebServer - Tomcat initialized with port 8085 (http)
2026-02-20 11:03:32.152 [main] INFO  org.apache.coyote.http11.Http11NioProtocol - Initializing ProtocolHandler ["http-nio-8085"]
2026-02-20 11:03:32.154 [main] INFO  org.apache.catalina.core.StandardService - Starting service [Tomcat]
2026-02-20 11:03:32.154 [main] INFO  org.apache.catalina.core.StandardEngine - Starting Servlet engine: [Apache Tomcat/10.1.34]
2026-02-20 11:03:32.225 [main] INFO  org.apache.catalina.core.ContainerBase.[Tomcat].[localhost].[/] - Initializing Spring embedded WebApplicationContext
2026-02-20 11:03:32.226 [main] INFO  org.springframework.boot.web.servlet.context.ServletWebServerApplicationContext - Root WebApplicationContext: initialization completed in 2744 ms
2026-02-20 11:03:33.109 [main] INFO  org.springframework.orm.jpa.persistenceunit.SpringPersistenceUnitInfo - No LoadTimeWeaver setup: ignoring JPA class transformer
2026-02-20 11:03:33.141 [main] INFO  com.zaxxer.hikari.HikariDataSource - HikariPool-1 - Starting...
2026-02-20 11:03:33.432 [main] INFO  com.zaxxer.hikari.pool.HikariPool - HikariPool-1 - Added connection conn0: url=jdbc:h2:file:./data/testdb user=SA
2026-02-20 11:03:33.434 [main] INFO  com.zaxxer.hikari.HikariDataSource - HikariPool-1 - Start completed.
2026-02-20 11:03:33.461 [main] WARN  org.hibernate.orm.deprecation - HHH90000025: H2Dialect does not need to be specified explicitly using 'hibernate.dialect' (remove the property setting and it will be selected by default)
2026-02-20 11:03:34.684 [main] INFO  org.springframework.orm.jpa.LocalContainerEntityManagerFactoryBean - Initialized JPA EntityManagerFactory for persistence unit 'default'
2026-02-20 11:03:35.452 [main] INFO  org.springframework.security.config.annotation.authentication.configuration.InitializeUserDetailsBeanManagerConfigurer$InitializeUserDetailsManagerConfigurer - Global AuthenticationManager configured with UserDetailsService bean with name customUserDetailsService
2026-02-20 11:03:36.045 [main] INFO  org.springframework.boot.actuate.endpoint.web.EndpointLinksResolver - Exposing 1 endpoint beneath base path '/actuator'
2026-02-20 11:03:36.515 [main] INFO  org.springframework.boot.autoconfigure.h2.H2ConsoleAutoConfiguration - H2 console available at '/h2-console'. Database available at 'jdbc:h2:file:./data/testdb'
2026-02-20 11:03:36.819 [main] INFO  org.apache.coyote.http11.Http11NioProtocol - Starting ProtocolHandler ["http-nio-8085"]
2026-02-20 11:03:36.829 [main] WARN  org.springframework.boot.web.servlet.context.AnnotationConfigServletWebServerApplicationContext - Exception encountered during context initialization - cancelling refresh attempt: org.springframework.context.ApplicationContextException: Failed to start bean 'webServerStartStop'
2026-02-20 11:03:36.832 [main] INFO  org.springframework.orm.jpa.LocalContainerEntityManagerFactoryBean - Closing JPA EntityManagerFactory for persistence unit 'default'
2026-02-20 11:03:36.834 [main] INFO  com.zaxxer.hikari.HikariDataSource - HikariPool-1 - Shutdown initiated...
2026-02-20 11:03:36.868 [main] INFO  com.zaxxer.hikari.HikariDataSource - HikariPool-1 - Shutdown completed.
2026-02-20 11:03:36.899 [main] INFO  org.springframework.boot.autoconfigure.logging.ConditionEvaluationReportLogger - 

Error starting ApplicationContext. To display the condition evaluation report re-run your application with 'debug' enabled.
2026-02-20 11:03:36.931 [main] ERROR org.springframework.boot.diagnostics.LoggingFailureAnalysisReporter - 

***************************
APPLICATION FAILED TO START
***************************

Description:

Web server failed to start. Port 8085 was already in use.

Action:

Identify and stop the process that's listening on port 8085 or configure this application to listen on another port.

2026-02-20 11:04:05.483 [main] INFO  com.ibrahim.bakkalApp.BakkalAppApplication - Starting BakkalAppApplication using Java 23.0.1 with PID 34168 (C:\Users\8063\IdeaProjects\bakkalApp\bakkalApp\target\classes started by 8063 in C:\Users\8063\IdeaProjects\bakkalApp\bakkalApp)
2026-02-20 11:04:05.500 [main] INFO  com.ibrahim.bakkalApp.BakkalAppApplication - No active profile set, falling back to 1 default profile: "default"
2026-02-20 11:04:06.488 [main] INFO  org.springframework.data.repository.config.RepositoryConfigurationDelegate - Bootstrapping Spring Data JPA repositories in DEFAULT mode.
2026-02-20 11:04:06.596 [main] INFO  org.springframework.data.repository.config.RepositoryConfigurationDelegate - Finished Spring Data repository scanning in 95 ms. Found 5 JPA repository interfaces.
2026-02-20 11:04:07.421 [main] INFO  org.springframework.boot.web.embedded.tomcat.TomcatWebServer - Tomcat initialized with port 8085 (http)
2026-02-20 11:04:07.451 [main] INFO  org.apache.coyote.http11.Http11NioProtocol - Initializing ProtocolHandler ["http-nio-8085"]
2026-02-20 11:04:07.454 [main] INFO  org.apache.catalina.core.StandardService - Starting service [Tomcat]
2026-02-20 11:04:07.455 [main] INFO  org.apache.catalina.core.StandardEngine - Starting Servlet engine: [Apache Tomcat/10.1.34]
2026-02-20 11:04:07.514 [main] INFO  org.apache.catalina.core.ContainerBase.[Tomcat].[localhost].[/] - Initializing Spring embedded WebApplicationContext
2026-02-20 11:04:07.516 [main] INFO  org.springframework.boot.web.servlet.context.ServletWebServerApplicationContext - Root WebApplicationContext: initialization completed in 1948 ms
2026-02-20 11:04:08.278 [main] INFO  org.springframework.orm.jpa.persistenceunit.SpringPersistenceUnitInfo - No LoadTimeWeaver setup: ignoring JPA class transformer
2026-02-20 11:04:08.309 [main] INFO  com.zaxxer.hikari.HikariDataSource - HikariPool-1 - Starting...
2026-02-20 11:04:08.695 [main] INFO  com.zaxxer.hikari.pool.HikariPool - HikariPool-1 - Added connection conn0: url=jdbc:h2:file:./data/testdb user=SA
2026-02-20 11:04:08.701 [main] INFO  com.zaxxer.hikari.HikariDataSource - HikariPool-1 - Start completed.
2026-02-20 11:04:08.770 [main] WARN  org.hibernate.orm.deprecation - HHH90000025: H2Dialect does not need to be specified explicitly using 'hibernate.dialect' (remove the property setting and it will be selected by default)
2026-02-20 11:04:10.358 [main] INFO  org.springframework.orm.jpa.LocalContainerEntityManagerFactoryBean - Initialized JPA EntityManagerFactory for persistence unit 'default'
2026-02-20 11:04:11.239 [main] INFO  org.springframework.security.config.annotation.authentication.configuration.InitializeUserDetailsBeanManagerConfigurer$InitializeUserDetailsManagerConfigurer - Global AuthenticationManager configured with UserDetailsService bean with name customUserDetailsService
2026-02-20 11:04:11.854 [main] INFO  org.springframework.boot.actuate.endpoint.web.EndpointLinksResolver - Exposing 1 endpoint beneath base path '/actuator'
2026-02-20 11:04:12.543 [main] INFO  org.springframework.boot.autoconfigure.h2.H2ConsoleAutoConfiguration - H2 console available at '/h2-console'. Database available at 'jdbc:h2:file:./data/testdb'
2026-02-20 11:04:12.914 [main] INFO  org.apache.coyote.http11.Http11NioProtocol - Starting ProtocolHandler ["http-nio-8085"]
2026-02-20 11:04:12.954 [main] INFO  org.springframework.boot.web.embedded.tomcat.TomcatWebServer - Tomcat started on port 8085 (http) with context path '/'
2026-02-20 11:04:12.967 [main] INFO  com.ibrahim.bakkalApp.BakkalAppApplication - Started BakkalAppApplication in 8.124 seconds (process running for 9.054)
2026-02-20 11:04:33.987 [http-nio-8085-exec-1] INFO  org.apache.catalina.core.ContainerBase.[Tomcat].[localhost].[/] - Initializing Spring DispatcherServlet 'dispatcherServlet'
2026-02-20 11:04:33.989 [http-nio-8085-exec-1] INFO  org.springframework.web.servlet.DispatcherServlet - Initializing Servlet 'dispatcherServlet'
2026-02-20 11:04:33.993 [http-nio-8085-exec-1] INFO  org.springframework.web.servlet.DispatcherServlet - Completed initialization in 4 ms
2026-02-20 11:10:43.527 [main] INFO  com.ibrahim.bakkalApp.BakkalAppApplication - Starting BakkalAppApplication using Java 23.0.1 with PID 12408 (C:\Users\8063\IdeaProjects\bakkalApp\bakkalApp\target\classes started by 8063 in C:\Users\8063\IdeaProjects\bakkalApp\bakkalApp)
2026-02-20 11:10:43.542 [main] INFO  com.ibrahim.bakkalApp.BakkalAppApplication - No active profile set, falling back to 1 default profile: "default"
2026-02-20 11:10:44.692 [main] INFO  org.springframework.data.repository.config.RepositoryConfigurationDelegate - Bootstrapping Spring Data JPA repositories in DEFAULT mode.
2026-02-20 11:10:44.765 [main] INFO  org.springframework.data.repository.config.RepositoryConfigurationDelegate - Finished Spring Data repository scanning in 60 ms. Found 5 JPA repository interfaces.
2026-02-20 11:10:45.999 [main] INFO  org.springframework.boot.web.embedded.tomcat.TomcatWebServer - Tomcat initialized with port 8085 (http)
2026-02-20 11:10:46.020 [main] INFO  org.apache.coyote.http11.Http11NioProtocol - Initializing ProtocolHandler ["http-nio-8085"]
2026-02-20 11:10:46.023 [main] INFO  org.apache.catalina.core.StandardService - Starting service [Tomcat]
2026-02-20 11:10:46.024 [main] INFO  org.apache.catalina.core.StandardEngine - Starting Servlet engine: [Apache Tomcat/10.1.34]
2026-02-20 11:10:46.127 [main] INFO  org.apache.catalina.core.ContainerBase.[Tomcat].[localhost].[/] - Initializing Spring embedded WebApplicationContext
2026-02-20 11:10:46.131 [main] INFO  org.springframework.boot.web.servlet.context.ServletWebServerApplicationContext - Root WebApplicationContext: initialization completed in 2513 ms
2026-02-20 11:10:46.952 [main] INFO  org.springframework.orm.jpa.persistenceunit.SpringPersistenceUnitInfo - No LoadTimeWeaver setup: ignoring JPA class transformer
2026-02-20 11:10:47.026 [main] INFO  com.zaxxer.hikari.HikariDataSource - HikariPool-1 - Starting...
2026-02-20 11:10:47.437 [main] INFO  com.zaxxer.hikari.pool.HikariPool - HikariPool-1 - Added connection conn0: url=jdbc:h2:file:./data/testdb user=SA
2026-02-20 11:10:47.439 [main] INFO  com.zaxxer.hikari.HikariDataSource - HikariPool-1 - Start completed.
2026-02-20 11:10:47.463 [main] WARN  org.hibernate.orm.deprecation - HHH90000025: H2Dialect does not need to be specified explicitly using 'hibernate.dialect' (remove the property setting and it will be selected by default)
2026-02-20 11:10:48.810 [main] INFO  org.springframework.orm.jpa.LocalContainerEntityManagerFactoryBean - Initialized JPA EntityManagerFactory for persistence unit 'default'
2026-02-20 11:10:49.699 [main] INFO  org.springframework.security.config.annotation.authentication.configuration.InitializeUserDetailsBeanManagerConfigurer$InitializeUserDetailsManagerConfigurer - Global AuthenticationManager configured with UserDetailsService bean with name customUserDetailsService
2026-02-20 11:10:50.237 [main] INFO  org.springframework.boot.actuate.endpoint.web.EndpointLinksResolver - Exposing 1 endpoint beneath base path '/actuator'
2026-02-20 11:10:50.957 [main] INFO  org.springframework.boot.autoconfigure.h2.H2ConsoleAutoConfiguration - H2 console available at '/h2-console'. Database available at 'jdbc:h2:file:./data/testdb'
2026-02-20 11:10:51.612 [main] INFO  org.apache.coyote.http11.Http11NioProtocol - Starting ProtocolHandler ["http-nio-8085"]
2026-02-20 11:10:51.634 [main] WARN  org.springframework.boot.web.servlet.context.AnnotationConfigServletWebServerApplicationContext - Exception encountered during context initialization - cancelling refresh attempt: org.springframework.context.ApplicationContextException: Failed to start bean 'webServerStartStop'
2026-02-20 11:10:51.649 [main] INFO  org.springframework.orm.jpa.LocalContainerEntityManagerFactoryBean - Closing JPA EntityManagerFactory for persistence unit 'default'
2026-02-20 11:10:51.654 [main] INFO  com.zaxxer.hikari.HikariDataSource - HikariPool-1 - Shutdown initiated...
2026-02-20 11:10:51.694 [main] INFO  com.zaxxer.hikari.HikariDataSource - HikariPool-1 - Shutdown completed.
2026-02-20 11:10:51.718 [main] INFO  org.springframework.boot.autoconfigure.logging.ConditionEvaluationReportLogger - 

Error starting ApplicationContext. To display the condition evaluation report re-run your application with 'debug' enabled.
2026-02-20 11:10:51.743 [main] ERROR org.springframework.boot.diagnostics.LoggingFailureAnalysisReporter - 

***************************
APPLICATION FAILED TO START
***************************

Description:

Web server failed to start. Port 8085 was already in use.

Action:

Identify and stop the process that's listening on port 8085 or configure this application to listen on another port.

2026-02-20 11:11:37.284 [main] INFO  com.ibrahim.bakkalApp.BakkalAppApplication - Starting BakkalAppApplication using Java 23.0.1 with PID 19248 (C:\Users\8063\IdeaProjects\bakkalApp\bakkalApp\target\classes started by 8063 in C:\Users\8063\IdeaProjects\bakkalApp\bakkalApp)
2026-02-20 11:11:37.291 [main] INFO  com.ibrahim.bakkalApp.BakkalAppApplication - No active profile set, falling back to 1 default profile: "default"
2026-02-20 11:11:38.537 [main] INFO  org.springframework.data.repository.config.RepositoryConfigurationDelegate - Bootstrapping Spring Data JPA repositories in DEFAULT mode.
2026-02-20 11:11:38.641 [main] INFO  org.springframework.data.repository.config.RepositoryConfigurationDelegate - Finished Spring Data repository scanning in 83 ms. Found 5 JPA repository interfaces.
2026-02-20 11:11:39.519 [main] INFO  org.springframework.boot.web.embedded.tomcat.TomcatWebServer - Tomcat initialized with port 8085 (http)
2026-02-20 11:11:39.572 [main] INFO  org.apache.coyote.http11.Http11NioProtocol - Initializing ProtocolHandler ["http-nio-8085"]
2026-02-20 11:11:39.584 [main] INFO  org.apache.catalina.core.StandardService - Starting service [Tomcat]
2026-02-20 11:11:39.586 [main] INFO  org.apache.catalina.core.StandardEngine - Starting Servlet engine: [Apache Tomcat/10.1.34]
2026-02-20 11:11:39.698 [main] INFO  org.apache.catalina.core.ContainerBase.[Tomcat].[localhost].[/] - Initializing Spring embedded WebApplicationContext
2026-02-20 11:11:39.698 [main] INFO  org.springframework.boot.web.servlet.context.ServletWebServerApplicationContext - Root WebApplicationContext: initialization completed in 2341 ms
2026-02-20 11:11:40.831 [main] INFO  org.springframework.orm.jpa.persistenceunit.SpringPersistenceUnitInfo - No LoadTimeWeaver setup: ignoring JPA class transformer
2026-02-20 11:11:40.897 [main] INFO  com.zaxxer.hikari.HikariDataSource - HikariPool-1 - Starting...
2026-02-20 11:11:41.206 [main] INFO  com.zaxxer.hikari.pool.HikariPool - HikariPool-1 - Added connection conn0: url=jdbc:h2:file:./data/testdb user=SA
2026-02-20 11:11:41.211 [main] INFO  com.zaxxer.hikari.HikariDataSource - HikariPool-1 - Start completed.
2026-02-20 11:11:41.265 [main] WARN  org.hibernate.orm.deprecation - HHH90000025: H2Dialect does not need to be specified explicitly using 'hibernate.dialect' (remove the property setting and it will be selected by default)
2026-02-20 11:11:42.578 [main] INFO  org.springframework.orm.jpa.LocalContainerEntityManagerFactoryBean - Initialized JPA EntityManagerFactory for persistence unit 'default'
2026-02-20 11:11:43.489 [main] INFO  org.springframework.security.config.annotation.authentication.configuration.InitializeUserDetailsBeanManagerConfigurer$InitializeUserDetailsManagerConfigurer - Global AuthenticationManager configured with UserDetailsService bean with name customUserDetailsService
2026-02-20 11:11:44.234 [main] INFO  org.springframework.boot.actuate.endpoint.web.EndpointLinksResolver - Exposing 1 endpoint beneath base path '/actuator'
2026-02-20 11:11:44.884 [main] INFO  org.springframework.boot.autoconfigure.h2.H2ConsoleAutoConfiguration - H2 console available at '/h2-console'. Database available at 'jdbc:h2:file:./data/testdb'
2026-02-20 11:11:45.442 [main] INFO  org.apache.coyote.http11.Http11NioProtocol - Starting ProtocolHandler ["http-nio-8085"]
2026-02-20 11:11:45.509 [main] INFO  org.springframework.boot.web.embedded.tomcat.TomcatWebServer - Tomcat started on port 8085 (http) with context path '/'
2026-02-20 11:11:45.543 [main] INFO  com.ibrahim.bakkalApp.BakkalAppApplication - Started BakkalAppApplication in 8.733 seconds (process running for 9.56)
2026-02-20 11:12:04.296 [http-nio-8085-exec-1] INFO  org.apache.catalina.core.ContainerBase.[Tomcat].[localhost].[/] - Initializing Spring DispatcherServlet 'dispatcherServlet'
2026-02-20 11:12:04.298 [http-nio-8085-exec-1] INFO  org.springframework.web.servlet.DispatcherServlet - Initializing Servlet 'dispatcherServlet'
2026-02-20 11:12:04.300 [http-nio-8085-exec-1] INFO  org.springframework.web.servlet.DispatcherServlet - Completed initialization in 2 ms
2026-02-20 11:16:48.929 [main] INFO  com.ibrahim.bakkalApp.BakkalAppApplication - Starting BakkalAppApplication using Java 23.0.1 with PID 22396 (C:\Users\8063\IdeaProjects\bakkalApp\bakkalApp\target\classes started by 8063 in C:\Users\8063\IdeaProjects\bakkalApp\bakkalApp)
2026-02-20 11:16:48.952 [main] INFO  com.ibrahim.bakkalApp.BakkalAppApplication - No active profile set, falling back to 1 default profile: "default"
2026-02-20 11:16:50.309 [main] INFO  org.springframework.data.repository.config.RepositoryConfigurationDelegate - Bootstrapping Spring Data JPA repositories in DEFAULT mode.
2026-02-20 11:16:50.382 [main] INFO  org.springframework.data.repository.config.RepositoryConfigurationDelegate - Finished Spring Data repository scanning in 65 ms. Found 5 JPA repository interfaces.
2026-02-20 11:16:51.307 [main] INFO  org.springframework.boot.web.embedded.tomcat.TomcatWebServer - Tomcat initialized with port 8085 (http)
2026-02-20 11:16:51.322 [main] INFO  org.apache.coyote.http11.Http11NioProtocol - Initializing ProtocolHandler ["http-nio-8085"]
2026-02-20 11:16:51.324 [main] INFO  org.apache.catalina.core.StandardService - Starting service [Tomcat]
2026-02-20 11:16:51.325 [main] INFO  org.apache.catalina.core.StandardEngine - Starting Servlet engine: [Apache Tomcat/10.1.34]
2026-02-20 11:16:51.402 [main] INFO  org.apache.catalina.core.ContainerBase.[Tomcat].[localhost].[/] - Initializing Spring embedded WebApplicationContext
2026-02-20 11:16:51.404 [main] INFO  org.springframework.boot.web.servlet.context.ServletWebServerApplicationContext - Root WebApplicationContext: initialization completed in 2367 ms
2026-02-20 11:16:52.502 [main] INFO  org.springframework.orm.jpa.persistenceunit.SpringPersistenceUnitInfo - No LoadTimeWeaver setup: ignoring JPA class transformer
2026-02-20 11:16:52.546 [main] INFO  com.zaxxer.hikari.HikariDataSource - HikariPool-1 - Starting...
2026-02-20 11:16:52.832 [main] INFO  com.zaxxer.hikari.pool.HikariPool - HikariPool-1 - Added connection conn0: url=jdbc:h2:file:./data/testdb user=SA
2026-02-20 11:16:52.836 [main] INFO  com.zaxxer.hikari.HikariDataSource - HikariPool-1 - Start completed.
2026-02-20 11:16:52.868 [main] WARN  org.hibernate.orm.deprecation - HHH90000025: H2Dialect does not need to be specified explicitly using 'hibernate.dialect' (remove the property setting and it will be selected by default)
2026-02-20 11:16:54.341 [main] INFO  org.springframework.orm.jpa.LocalContainerEntityManagerFactoryBean - Initialized JPA EntityManagerFactory for persistence unit 'default'
2026-02-20 11:16:55.306 [main] INFO  org.springframework.security.config.annotation.authentication.configuration.InitializeUserDetailsBeanManagerConfigurer$InitializeUserDetailsManagerConfigurer - Global AuthenticationManager configured with UserDetailsService bean with name customUserDetailsService
2026-02-20 11:16:55.888 [main] INFO  org.springframework.boot.actuate.endpoint.web.EndpointLinksResolver - Exposing 1 endpoint beneath base path '/actuator'
2026-02-20 11:16:56.593 [main] INFO  org.springframework.boot.autoconfigure.h2.H2ConsoleAutoConfiguration - H2 console available at '/h2-console'. Database available at 'jdbc:h2:file:./data/testdb'
2026-02-20 11:16:57.039 [main] WARN  org.springframework.boot.web.servlet.context.AnnotationConfigServletWebServerApplicationContext - Exception encountered during context initialization - cancelling refresh attempt: org.springframework.beans.factory.BeanCreationException: Error creating bean with name 'dataSourceScriptDatabaseInitializer' defined in class path resource [org/springframework/boot/autoconfigure/sql/init/DataSourceInitializationConfiguration.class]: Failed to execute SQL script statement #9 of file [C:\Users\8063\IdeaProjects\bakkalApp\bakkalApp\target\classes\data.sql]: INSERT INTO orders (total_amount, customer_id, order_date) VALUES (50.0, 1, CURRENT_TIMESTAMP), (120.0, 2, CURRENT_TIMESTAMP), (30.0, 3, CURRENT_TIMESTAMP)
2026-02-20 11:16:57.047 [main] INFO  org.springframework.orm.jpa.LocalContainerEntityManagerFactoryBean - Closing JPA EntityManagerFactory for persistence unit 'default'
2026-02-20 11:16:57.054 [main] INFO  com.zaxxer.hikari.HikariDataSource - HikariPool-1 - Shutdown initiated...
2026-02-20 11:16:57.081 [main] INFO  com.zaxxer.hikari.HikariDataSource - HikariPool-1 - Shutdown completed.
2026-02-20 11:16:57.087 [main] INFO  org.apache.catalina.core.StandardService - Stopping service [Tomcat]
2026-02-20 11:16:57.124 [main] INFO  org.springframework.boot.autoconfigure.logging.ConditionEvaluationReportLogger - 

Error starting ApplicationContext. To display the condition evaluation report re-run your application with 'debug' enabled.
2026-02-20 11:16:57.161 [main] ERROR org.springframework.boot.SpringApplication - Application run failed
org.springframework.beans.factory.BeanCreationException: Error creating bean with name 'dataSourceScriptDatabaseInitializer' defined in class path resource [org/springframework/boot/autoconfigure/sql/init/DataSourceInitializationConfiguration.class]: Failed to execute SQL script statement #9 of file [C:\Users\8063\IdeaProjects\bakkalApp\bakkalApp\target\classes\data.sql]: INSERT INTO orders (total_amount, customer_id, order_date) VALUES (50.0, 1, CURRENT_TIMESTAMP), (120.0, 2, CURRENT_TIMESTAMP), (30.0, 3, CURRENT_TIMESTAMP)
	at org.springframework.beans.factory.support.AbstractAutowireCapableBeanFactory.initializeBean(AbstractAutowireCapableBeanFactory.java:1808) ~[spring-beans-6.2.1.jar:6.2.1]
	at org.springframework.beans.factory.support.AbstractAutowireCapableBeanFactory.doCreateBean(AbstractAutowireCapableBeanFactory.java:601) ~[spring-beans-6.2.1.jar:6.2.1]
	at org.springframework.beans.factory.support.AbstractAutowireCapableBeanFactory.createBean(AbstractAutowireCapableBeanFactory.java:523) ~[spring-beans-6.2.1.jar:6.2.1]
	at org.springframework.beans.factory.support.AbstractBeanFactory.lambda$doGetBean$0(AbstractBeanFactory.java:336) ~[spring-beans-6.2.1.jar:6.2.1]
	at org.springframework.beans.factory.support.DefaultSingletonBeanRegistry.getSingleton(DefaultSingletonBeanRegistry.java:289) ~[spring-beans-6.2.1.jar:6.2.1]
	at org.springframework.beans.factory.support.AbstractBeanFactory.doGetBean(AbstractBeanFactory.java:334) ~[spring-beans-6.2.1.jar:6.2.1]
	at org.springframework.beans.factory.support.AbstractBeanFactory.getBean(AbstractBeanFactory.java:199) ~[spring-beans-6.2.1.jar:6.2.1]
	at org.springframework.beans.factory.support.AbstractBeanFactory.doGetBean(AbstractBeanFactory.java:312) ~[spring-beans-6.2.1.jar:6.2.1]
	at org.springframework.beans.factory.support.AbstractBeanFactory.getBean(AbstractBeanFactory.java:199) ~[spring-beans-6.2.1.jar:6.2.1]
	at org.springframework.beans.factory.support.DefaultListableBeanFactory.instantiateSingleton(DefaultListableBeanFactory.java:1122) ~[spring-beans-6.2.1.jar:6.2.1]
	at org.springframework.beans.factory.support.DefaultListableBeanFactory.preInstantiateSingleton(DefaultListableBeanFactory.java:1093) ~[spring-beans-6.2.1.jar:6.2.1]
	at org.springframework.beans.factory.support.DefaultListableBeanFactory.preInstantiateSingletons(DefaultListableBeanFactory.java:1030) ~[spring-beans-6.2.1.jar:6.2.1]
	at org.springframework.context.support.AbstractApplicationContext.finishBeanFactoryInitialization(AbstractApplicationContext.java:987) ~[spring-context-6.2.1.jar:6.2.1]
	at org.springframework.context.support.AbstractApplicationContext.refresh(AbstractApplicationContext.java:627) ~[spring-context-6.2.1.jar:6.2.1]
	at org.springframework.boot.web.servlet.context.ServletWebServerApplicationContext.refresh(ServletWebServerApplicationContext.java:146) ~[spring-boot-3.4.1.jar:3.4.1]
	at org.springframework.boot.SpringApplication.refresh(SpringApplication.java:752) [spring-boot-3.4.1.jar:3.4.1]
	at org.springframework.boot.SpringApplication.refreshContext(SpringApplication.java:439) [spring-boot-3.4.1.jar:3.4.1]
	at org.springframework.boot.SpringApplication.run(SpringApplication.java:318) [spring-boot-3.4.1.jar:3.4.1]
	at org.springframework.boot.SpringApplication.run(SpringApplication.java:1361) [spring-boot-3.4.1.jar:3.4.1]
	at org.springframework.boot.SpringApplication.run(SpringApplication.java:1350) [spring-boot-3.4.1.jar:3.4.1]
	at com.ibrahim.bakkalApp.BakkalAppApplication.main(BakkalAppApplication.java:10) [classes/:?]
Caused by: org.springframework.jdbc.datasource.init.ScriptStatementFailedException: Failed to execute SQL script statement #9 of file [C:\Users\8063\IdeaProjects\bakkalApp\bakkalApp\target\classes\data.sql]: INSERT INTO orders (total_amount, customer_id, order_date) VALUES (50.0, 1, CURRENT_TIMESTAMP), (120.0, 2, CURRENT_TIMESTAMP), (30.0, 3, CURRENT_TIMESTAMP)
	at org.springframework.jdbc.datasource.init.ScriptUtils.executeSqlScript(ScriptUtils.java:282) ~[spring-jdbc-6.2.1.jar:6.2.1]
	at org.springframework.jdbc.datasource.init.ResourceDatabasePopulator.populate(ResourceDatabasePopulator.java:254) ~[spring-jdbc-6.2.1.jar:6.2.1]
	at org.springframework.jdbc.datasource.init.DatabasePopulatorUtils.execute(DatabasePopulatorUtils.java:54) ~[spring-jdbc-6.2.1.jar:6.2.1]
	at org.springframework.boot.jdbc.init.DataSourceScriptDatabaseInitializer.runScripts(DataSourceScriptDatabaseInitializer.java:87) ~[spring-boot-3.4.1.jar:3.4.1]
	at org.springframework.boot.sql.init.AbstractScriptDatabaseInitializer.runScripts(AbstractScriptDatabaseInitializer.java:146) ~[spring-boot-3.4.1.jar:3.4.1]
	at org.springframework.boot.sql.init.AbstractScriptDatabaseInitializer.applyScripts(AbstractScriptDatabaseInitializer.java:108) ~[spring-boot-3.4.1.jar:3.4.1]
	at org.springframework.boot.sql.init.AbstractScriptDatabaseInitializer.applyDataScripts(AbstractScriptDatabaseInitializer.java:102) ~[spring-boot-3.4.1.jar:3.4.1]
	at org.springframework.boot.sql.init.AbstractScriptDatabaseInitializer.initializeDatabase(AbstractScriptDatabaseInitializer.java:77) ~[spring-boot-3.4.1.jar:3.4.1]
	at org.springframework.boot.sql.init.AbstractScriptDatabaseInitializer.afterPropertiesSet(AbstractScriptDatabaseInitializer.java:66) ~[spring-boot-3.4.1.jar:3.4.1]
	at org.springframework.beans.factory.support.AbstractAutowireCapableBeanFactory.invokeInitMethods(AbstractAutowireCapableBeanFactory.java:1855) ~[spring-beans-6.2.1.jar:6.2.1]
	at org.springframework.beans.factory.support.AbstractAutowireCapableBeanFactory.initializeBean(AbstractAutowireCapableBeanFactory.java:1804) ~[spring-beans-6.2.1.jar:6.2.1]
	... 20 more
Caused by: org.h2.jdbc.JdbcSQLSyntaxErrorException: Column "CUSTOMER_ID" not found; SQL statement:
INSERT INTO orders (total_amount, customer_id, order_date) VALUES (50.0, 1, CURRENT_TIMESTAMP), (120.0, 2, CURRENT_TIMESTAMP), (30.0, 3, CURRENT_TIMESTAMP) [42122-232]
	at org.h2.message.DbException.getJdbcSQLException(DbException.java:514) ~[h2-2.3.232.jar:2.3.232]
	at org.h2.message.DbException.getJdbcSQLException(DbException.java:489) ~[h2-2.3.232.jar:2.3.232]
	at org.h2.message.DbException.get(DbException.java:223) ~[h2-2.3.232.jar:2.3.232]
	at org.h2.message.DbException.get(DbException.java:199) ~[h2-2.3.232.jar:2.3.232]
	at org.h2.table.Table.getColumn(Table.java:786) ~[h2-2.3.232.jar:2.3.232]
	at org.h2.command.Parser.parseColumn(Parser.java:1171) ~[h2-2.3.232.jar:2.3.232]
	at org.h2.command.Parser.parseColumnList(Parser.java:1156) ~[h2-2.3.232.jar:2.3.232]
	at org.h2.command.Parser.parseInsert(Parser.java:1530) ~[h2-2.3.232.jar:2.3.232]
	at org.h2.command.Parser.parsePrepared(Parser.java:698) ~[h2-2.3.232.jar:2.3.232]
	at org.h2.command.Parser.parse(Parser.java:581) ~[h2-2.3.232.jar:2.3.232]
	at org.h2.command.Parser.parse(Parser.java:556) ~[h2-2.3.232.jar:2.3.232]
	at org.h2.command.Parser.prepareCommand(Parser.java:484) ~[h2-2.3.232.jar:2.3.232]
	at org.h2.engine.SessionLocal.prepareLocal(SessionLocal.java:645) ~[h2-2.3.232.jar:2.3.232]
	at org.h2.engine.SessionLocal.prepareCommand(SessionLocal.java:561) ~[h2-2.3.232.jar:2.3.232]
	at org.h2.jdbc.JdbcConnection.prepareCommand(JdbcConnection.java:1164) ~[h2-2.3.232.jar:2.3.232]
	at org.h2.jdbc.JdbcStatement.executeInternal(JdbcStatement.java:245) ~[h2-2.3.232.jar:2.3.232]
	at org.h2.jdbc.JdbcStatement.execute(JdbcStatement.java:231) ~[h2-2.3.232.jar:2.3.232]
	at com.zaxxer.hikari.pool.ProxyStatement.execute(ProxyStatement.java:94) ~[HikariCP-5.1.0.jar:?]
	at com.zaxxer.hikari.pool.HikariProxyStatement.execute(HikariProxyStatement.java) ~[HikariCP-5.1.0.jar:?]
	at org.springframework.jdbc.datasource.init.ScriptUtils.executeSqlScript(ScriptUtils.java:261) ~[spring-jdbc-6.2.1.jar:6.2.1]
	at org.springframework.jdbc.datasource.init.ResourceDatabasePopulator.populate(ResourceDatabasePopulator.java:254) ~[spring-jdbc-6.2.1.jar:6.2.1]
	at org.springframework.jdbc.datasource.init.DatabasePopulatorUtils.execute(DatabasePopulatorUtils.java:54) ~[spring-jdbc-6.2.1.jar:6.2.1]
	at org.springframework.boot.jdbc.init.DataSourceScriptDatabaseInitializer.runScripts(DataSourceScriptDatabaseInitializer.java:87) ~[spring-boot-3.4.1.jar:3.4.1]
	at org.springframework.boot.sql.init.AbstractScriptDatabaseInitializer.runScripts(AbstractScriptDatabaseInitializer.java:146) ~[spring-boot-3.4.1.jar:3.4.1]
	at org.springframework.boot.sql.init.AbstractScriptDatabaseInitializer.applyScripts(AbstractScriptDatabaseInitializer.java:108) ~[spring-boot-3.4.1.jar:3.4.1]
	at org.springframework.boot.sql.init.AbstractScriptDatabaseInitializer.applyDataScripts(AbstractScriptDatabaseInitializer.java:102) ~[spring-boot-3.4.1.jar:3.4.1]
	at org.springframework.boot.sql.init.AbstractScriptDatabaseInitializer.initializeDatabase(AbstractScriptDatabaseInitializer.java:77) ~[spring-boot-3.4.1.jar:3.4.1]
	at org.springframework.boot.sql.init.AbstractScriptDatabaseInitializer.afterPropertiesSet(AbstractScriptDatabaseInitializer.java:66) ~[spring-boot-3.4.1.jar:3.4.1]
	at org.springframework.beans.factory.support.AbstractAutowireCapableBeanFactory.invokeInitMethods(AbstractAutowireCapableBeanFactory.java:1855) ~[spring-beans-6.2.1.jar:6.2.1]
	at org.springframework.beans.factory.support.AbstractAutowireCapableBeanFactory.initializeBean(AbstractAutowireCapableBeanFactory.java:1804) ~[spring-beans-6.2.1.jar:6.2.1]
	... 20 more
2026-02-20 11:17:45.386 [main] INFO  com.ibrahim.bakkalApp.BakkalAppApplication - Starting BakkalAppApplication using Java 23.0.1 with PID 29612 (C:\Users\8063\IdeaProjects\bakkalApp\bakkalApp\target\classes started by 8063 in C:\Users\8063\IdeaProjects\bakkalApp\bakkalApp)
2026-02-20 11:17:45.410 [main] INFO  com.ibrahim.bakkalApp.BakkalAppApplication - No active profile set, falling back to 1 default profile: "default"
2026-02-20 11:17:46.772 [main] INFO  org.springframework.data.repository.config.RepositoryConfigurationDelegate - Bootstrapping Spring Data JPA repositories in DEFAULT mode.
2026-02-20 11:17:46.901 [main] INFO  org.springframework.data.repository.config.RepositoryConfigurationDelegate - Finished Spring Data repository scanning in 114 ms. Found 5 JPA repository interfaces.
2026-02-20 11:17:48.417 [main] INFO  org.springframework.boot.web.embedded.tomcat.TomcatWebServer - Tomcat initialized with port 8085 (http)
2026-02-20 11:17:48.435 [main] INFO  org.apache.coyote.http11.Http11NioProtocol - Initializing ProtocolHandler ["http-nio-8085"]
2026-02-20 11:17:48.437 [main] INFO  org.apache.catalina.core.StandardService - Starting service [Tomcat]
2026-02-20 11:17:48.437 [main] INFO  org.apache.catalina.core.StandardEngine - Starting Servlet engine: [Apache Tomcat/10.1.34]
2026-02-20 11:17:48.505 [main] INFO  org.apache.catalina.core.ContainerBase.[Tomcat].[localhost].[/] - Initializing Spring embedded WebApplicationContext
2026-02-20 11:17:48.519 [main] INFO  org.springframework.boot.web.servlet.context.ServletWebServerApplicationContext - Root WebApplicationContext: initialization completed in 3014 ms
2026-02-20 11:17:49.515 [main] INFO  org.springframework.orm.jpa.persistenceunit.SpringPersistenceUnitInfo - No LoadTimeWeaver setup: ignoring JPA class transformer
2026-02-20 11:17:49.553 [main] INFO  com.zaxxer.hikari.HikariDataSource - HikariPool-1 - Starting...
2026-02-20 11:17:49.822 [main] INFO  com.zaxxer.hikari.pool.HikariPool - HikariPool-1 - Added connection conn0: url=jdbc:h2:file:./data/testdb user=SA
2026-02-20 11:17:49.825 [main] INFO  com.zaxxer.hikari.HikariDataSource - HikariPool-1 - Start completed.
2026-02-20 11:17:49.871 [main] WARN  org.hibernate.orm.deprecation - HHH90000025: H2Dialect does not need to be specified explicitly using 'hibernate.dialect' (remove the property setting and it will be selected by default)
2026-02-20 11:17:51.238 [main] INFO  org.springframework.orm.jpa.LocalContainerEntityManagerFactoryBean - Initialized JPA EntityManagerFactory for persistence unit 'default'
2026-02-20 11:17:52.331 [main] INFO  org.springframework.security.config.annotation.authentication.configuration.InitializeUserDetailsBeanManagerConfigurer$InitializeUserDetailsManagerConfigurer - Global AuthenticationManager configured with UserDetailsService bean with name customUserDetailsService
2026-02-20 11:17:53.034 [main] INFO  org.springframework.boot.actuate.endpoint.web.EndpointLinksResolver - Exposing 1 endpoint beneath base path '/actuator'
2026-02-20 11:17:53.785 [main] INFO  org.springframework.boot.autoconfigure.h2.H2ConsoleAutoConfiguration - H2 console available at '/h2-console'. Database available at 'jdbc:h2:file:./data/testdb'
2026-02-20 11:17:54.085 [main] WARN  org.springframework.boot.web.servlet.context.AnnotationConfigServletWebServerApplicationContext - Exception encountered during context initialization - cancelling refresh attempt: org.springframework.beans.factory.BeanCreationException: Error creating bean with name 'dataSourceScriptDatabaseInitializer' defined in class path resource [org/springframework/boot/autoconfigure/sql/init/DataSourceInitializationConfiguration.class]: Failed to execute SQL script statement #9 of file [C:\Users\8063\IdeaProjects\bakkalApp\bakkalApp\target\classes\data.sql]: INSERT INTO orders (total_amount, customer_id, order_date) VALUES (50.0, 1, CURRENT_TIMESTAMP), (120.0, 2, CURRENT_TIMESTAMP), (30.0, 3, CURRENT_TIMESTAMP)
2026-02-20 11:17:54.092 [main] INFO  org.springframework.orm.jpa.LocalContainerEntityManagerFactoryBean - Closing JPA EntityManagerFactory for persistence unit 'default'
2026-02-20 11:17:54.097 [main] INFO  com.zaxxer.hikari.HikariDataSource - HikariPool-1 - Shutdown initiated...
2026-02-20 11:17:54.106 [main] INFO  com.zaxxer.hikari.HikariDataSource - HikariPool-1 - Shutdown completed.
2026-02-20 11:17:54.118 [main] INFO  org.apache.catalina.core.StandardService - Stopping service [Tomcat]
2026-02-20 11:17:54.137 [main] INFO  org.springframework.boot.autoconfigure.logging.ConditionEvaluationReportLogger - 

Error starting ApplicationContext. To display the condition evaluation report re-run your application with 'debug' enabled.
2026-02-20 11:17:54.159 [main] ERROR org.springframework.boot.SpringApplication - Application run failed
org.springframework.beans.factory.BeanCreationException: Error creating bean with name 'dataSourceScriptDatabaseInitializer' defined in class path resource [org/springframework/boot/autoconfigure/sql/init/DataSourceInitializationConfiguration.class]: Failed to execute SQL script statement #9 of file [C:\Users\8063\IdeaProjects\bakkalApp\bakkalApp\target\classes\data.sql]: INSERT INTO orders (total_amount, customer_id, order_date) VALUES (50.0, 1, CURRENT_TIMESTAMP), (120.0, 2, CURRENT_TIMESTAMP), (30.0, 3, CURRENT_TIMESTAMP)
	at org.springframework.beans.factory.support.AbstractAutowireCapableBeanFactory.initializeBean(AbstractAutowireCapableBeanFactory.java:1808) ~[spring-beans-6.2.1.jar:6.2.1]
	at org.springframework.beans.factory.support.AbstractAutowireCapableBeanFactory.doCreateBean(AbstractAutowireCapableBeanFactory.java:601) ~[spring-beans-6.2.1.jar:6.2.1]
	at org.springframework.beans.factory.support.AbstractAutowireCapableBeanFactory.createBean(AbstractAutowireCapableBeanFactory.java:523) ~[spring-beans-6.2.1.jar:6.2.1]
	at org.springframework.beans.factory.support.AbstractBeanFactory.lambda$doGetBean$0(AbstractBeanFactory.java:336) ~[spring-beans-6.2.1.jar:6.2.1]
	at org.springframework.beans.factory.support.DefaultSingletonBeanRegistry.getSingleton(DefaultSingletonBeanRegistry.java:289) ~[spring-beans-6.2.1.jar:6.2.1]
	at org.springframework.beans.factory.support.AbstractBeanFactory.doGetBean(AbstractBeanFactory.java:334) ~[spring-beans-6.2.1.jar:6.2.1]
	at org.springframework.beans.factory.support.AbstractBeanFactory.getBean(AbstractBeanFactory.java:199) ~[spring-beans-6.2.1.jar:6.2.1]
	at org.springframework.beans.factory.support.AbstractBeanFactory.doGetBean(AbstractBeanFactory.java:312) ~[spring-beans-6.2.1.jar:6.2.1]
	at org.springframework.beans.factory.support.AbstractBeanFactory.getBean(AbstractBeanFactory.java:199) ~[spring-beans-6.2.1.jar:6.2.1]
	at org.springframework.beans.factory.support.DefaultListableBeanFactory.instantiateSingleton(DefaultListableBeanFactory.java:1122) ~[spring-beans-6.2.1.jar:6.2.1]
	at org.springframework.beans.factory.support.DefaultListableBeanFactory.preInstantiateSingleton(DefaultListableBeanFactory.java:1093) ~[spring-beans-6.2.1.jar:6.2.1]
	at org.springframework.beans.factory.support.DefaultListableBeanFactory.preInstantiateSingletons(DefaultListableBeanFactory.java:1030) ~[spring-beans-6.2.1.jar:6.2.1]
	at org.springframework.context.support.AbstractApplicationContext.finishBeanFactoryInitialization(AbstractApplicationContext.java:987) ~[spring-context-6.2.1.jar:6.2.1]
	at org.springframework.context.support.AbstractApplicationContext.refresh(AbstractApplicationContext.java:627) ~[spring-context-6.2.1.jar:6.2.1]
	at org.springframework.boot.web.servlet.context.ServletWebServerApplicationContext.refresh(ServletWebServerApplicationContext.java:146) ~[spring-boot-3.4.1.jar:3.4.1]
	at org.springframework.boot.SpringApplication.refresh(SpringApplication.java:752) [spring-boot-3.4.1.jar:3.4.1]
	at org.springframework.boot.SpringApplication.refreshContext(SpringApplication.java:439) [spring-boot-3.4.1.jar:3.4.1]
	at org.springframework.boot.SpringApplication.run(SpringApplication.java:318) [spring-boot-3.4.1.jar:3.4.1]
	at org.springframework.boot.SpringApplication.run(SpringApplication.java:1361) [spring-boot-3.4.1.jar:3.4.1]
	at org.springframework.boot.SpringApplication.run(SpringApplication.java:1350) [spring-boot-3.4.1.jar:3.4.1]
	at com.ibrahim.bakkalApp.BakkalAppApplication.main(BakkalAppApplication.java:10) [classes/:?]
Caused by: org.springframework.jdbc.datasource.init.ScriptStatementFailedException: Failed to execute SQL script statement #9 of file [C:\Users\8063\IdeaProjects\bakkalApp\bakkalApp\target\classes\data.sql]: INSERT INTO orders (total_amount, customer_id, order_date) VALUES (50.0, 1, CURRENT_TIMESTAMP), (120.0, 2, CURRENT_TIMESTAMP), (30.0, 3, CURRENT_TIMESTAMP)
	at org.springframework.jdbc.datasource.init.ScriptUtils.executeSqlScript(ScriptUtils.java:282) ~[spring-jdbc-6.2.1.jar:6.2.1]
	at org.springframework.jdbc.datasource.init.ResourceDatabasePopulator.populate(ResourceDatabasePopulator.java:254) ~[spring-jdbc-6.2.1.jar:6.2.1]
	at org.springframework.jdbc.datasource.init.DatabasePopulatorUtils.execute(DatabasePopulatorUtils.java:54) ~[spring-jdbc-6.2.1.jar:6.2.1]
	at org.springframework.boot.jdbc.init.DataSourceScriptDatabaseInitializer.runScripts(DataSourceScriptDatabaseInitializer.java:87) ~[spring-boot-3.4.1.jar:3.4.1]
	at org.springframework.boot.sql.init.AbstractScriptDatabaseInitializer.runScripts(AbstractScriptDatabaseInitializer.java:146) ~[spring-boot-3.4.1.jar:3.4.1]
	at org.springframework.boot.sql.init.AbstractScriptDatabaseInitializer.applyScripts(AbstractScriptDatabaseInitializer.java:108) ~[spring-boot-3.4.1.jar:3.4.1]
	at org.springframework.boot.sql.init.AbstractScriptDatabaseInitializer.applyDataScripts(AbstractScriptDatabaseInitializer.java:102) ~[spring-boot-3.4.1.jar:3.4.1]
	at org.springframework.boot.sql.init.AbstractScriptDatabaseInitializer.initializeDatabase(AbstractScriptDatabaseInitializer.java:77) ~[spring-boot-3.4.1.jar:3.4.1]
	at org.springframework.boot.sql.init.AbstractScriptDatabaseInitializer.afterPropertiesSet(AbstractScriptDatabaseInitializer.java:66) ~[spring-boot-3.4.1.jar:3.4.1]
	at org.springframework.beans.factory.support.AbstractAutowireCapableBeanFactory.invokeInitMethods(AbstractAutowireCapableBeanFactory.java:1855) ~[spring-beans-6.2.1.jar:6.2.1]
	at org.springframework.beans.factory.support.AbstractAutowireCapableBeanFactory.initializeBean(AbstractAutowireCapableBeanFactory.java:1804) ~[spring-beans-6.2.1.jar:6.2.1]
	... 20 more
Caused by: org.h2.jdbc.JdbcSQLSyntaxErrorException: Column "CUSTOMER_ID" not found; SQL statement:
INSERT INTO orders (total_amount, customer_id, order_date) VALUES (50.0, 1, CURRENT_TIMESTAMP), (120.0, 2, CURRENT_TIMESTAMP), (30.0, 3, CURRENT_TIMESTAMP) [42122-232]
	at org.h2.message.DbException.getJdbcSQLException(DbException.java:514) ~[h2-2.3.232.jar:2.3.232]
	at org.h2.message.DbException.getJdbcSQLException(DbException.java:489) ~[h2-2.3.232.jar:2.3.232]
	at org.h2.message.DbException.get(DbException.java:223) ~[h2-2.3.232.jar:2.3.232]
	at org.h2.message.DbException.get(DbException.java:199) ~[h2-2.3.232.jar:2.3.232]
	at org.h2.table.Table.getColumn(Table.java:786) ~[h2-2.3.232.jar:2.3.232]
	at org.h2.command.Parser.parseColumn(Parser.java:1171) ~[h2-2.3.232.jar:2.3.232]
	at org.h2.command.Parser.parseColumnList(Parser.java:1156) ~[h2-2.3.232.jar:2.3.232]
	at org.h2.command.Parser.parseInsert(Parser.java:1530) ~[h2-2.3.232.jar:2.3.232]
	at org.h2.command.Parser.parsePrepared(Parser.java:698) ~[h2-2.3.232.jar:2.3.232]
	at org.h2.command.Parser.parse(Parser.java:581) ~[h2-2.3.232.jar:2.3.232]
	at org.h2.command.Parser.parse(Parser.java:556) ~[h2-2.3.232.jar:2.3.232]
	at org.h2.command.Parser.prepareCommand(Parser.java:484) ~[h2-2.3.232.jar:2.3.232]
	at org.h2.engine.SessionLocal.prepareLocal(SessionLocal.java:645) ~[h2-2.3.232.jar:2.3.232]
	at org.h2.engine.SessionLocal.prepareCommand(SessionLocal.java:561) ~[h2-2.3.232.jar:2.3.232]
	at org.h2.jdbc.JdbcConnection.prepareCommand(JdbcConnection.java:1164) ~[h2-2.3.232.jar:2.3.232]
	at org.h2.jdbc.JdbcStatement.executeInternal(JdbcStatement.java:245) ~[h2-2.3.232.jar:2.3.232]
	at org.h2.jdbc.JdbcStatement.execute(JdbcStatement.java:231) ~[h2-2.3.232.jar:2.3.232]
	at com.zaxxer.hikari.pool.ProxyStatement.execute(ProxyStatement.java:94) ~[HikariCP-5.1.0.jar:?]
	at com.zaxxer.hikari.pool.HikariProxyStatement.execute(HikariProxyStatement.java) ~[HikariCP-5.1.0.jar:?]
	at org.springframework.jdbc.datasource.init.ScriptUtils.executeSqlScript(ScriptUtils.java:261) ~[spring-jdbc-6.2.1.jar:6.2.1]
	at org.springframework.jdbc.datasource.init.ResourceDatabasePopulator.populate(ResourceDatabasePopulator.java:254) ~[spring-jdbc-6.2.1.jar:6.2.1]
	at org.springframework.jdbc.datasource.init.DatabasePopulatorUtils.execute(DatabasePopulatorUtils.java:54) ~[spring-jdbc-6.2.1.jar:6.2.1]
	at org.springframework.boot.jdbc.init.DataSourceScriptDatabaseInitializer.runScripts(DataSourceScriptDatabaseInitializer.java:87) ~[spring-boot-3.4.1.jar:3.4.1]
	at org.springframework.boot.sql.init.AbstractScriptDatabaseInitializer.runScripts(AbstractScriptDatabaseInitializer.java:146) ~[spring-boot-3.4.1.jar:3.4.1]
	at org.springframework.boot.sql.init.AbstractScriptDatabaseInitializer.applyScripts(AbstractScriptDatabaseInitializer.java:108) ~[spring-boot-3.4.1.jar:3.4.1]
	at org.springframework.boot.sql.init.AbstractScriptDatabaseInitializer.applyDataScripts(AbstractScriptDatabaseInitializer.java:102) ~[spring-boot-3.4.1.jar:3.4.1]
	at org.springframework.boot.sql.init.AbstractScriptDatabaseInitializer.initializeDatabase(AbstractScriptDatabaseInitializer.java:77) ~[spring-boot-3.4.1.jar:3.4.1]
	at org.springframework.boot.sql.init.AbstractScriptDatabaseInitializer.afterPropertiesSet(AbstractScriptDatabaseInitializer.java:66) ~[spring-boot-3.4.1.jar:3.4.1]
	at org.springframework.beans.factory.support.AbstractAutowireCapableBeanFactory.invokeInitMethods(AbstractAutowireCapableBeanFactory.java:1855) ~[spring-beans-6.2.1.jar:6.2.1]
	at org.springframework.beans.factory.support.AbstractAutowireCapableBeanFactory.initializeBean(AbstractAutowireCapableBeanFactory.java:1804) ~[spring-beans-6.2.1.jar:6.2.1]
	... 20 more
2026-02-20 11:18:08.090 [main] INFO  com.ibrahim.bakkalApp.BakkalAppApplication - Starting BakkalAppApplication using Java 23.0.1 with PID 15524 (C:\Users\8063\IdeaProjects\bakkalApp\bakkalApp\target\classes started by 8063 in C:\Users\8063\IdeaProjects\bakkalApp\bakkalApp)
2026-02-20 11:18:08.104 [main] INFO  com.ibrahim.bakkalApp.BakkalAppApplication - No active profile set, falling back to 1 default profile: "default"
2026-02-20 11:18:09.462 [main] INFO  org.springframework.data.repository.config.RepositoryConfigurationDelegate - Bootstrapping Spring Data JPA repositories in DEFAULT mode.
2026-02-20 11:18:09.557 [main] INFO  org.springframework.data.repository.config.RepositoryConfigurationDelegate - Finished Spring Data repository scanning in 83 ms. Found 5 JPA repository interfaces.
2026-02-20 11:18:10.823 [main] INFO  org.springframework.boot.web.embedded.tomcat.TomcatWebServer - Tomcat initialized with port 8085 (http)
2026-02-20 11:18:10.848 [main] INFO  org.apache.coyote.http11.Http11NioProtocol - Initializing ProtocolHandler ["http-nio-8085"]
2026-02-20 11:18:10.857 [main] INFO  org.apache.catalina.core.StandardService - Starting service [Tomcat]
2026-02-20 11:18:10.859 [main] INFO  org.apache.catalina.core.StandardEngine - Starting Servlet engine: [Apache Tomcat/10.1.34]
2026-02-20 11:18:10.977 [main] INFO  org.apache.catalina.core.ContainerBase.[Tomcat].[localhost].[/] - Initializing Spring embedded WebApplicationContext
2026-02-20 11:18:10.980 [main] INFO  org.springframework.boot.web.servlet.context.ServletWebServerApplicationContext - Root WebApplicationContext: initialization completed in 2798 ms
2026-02-20 11:18:11.962 [main] INFO  org.springframework.orm.jpa.persistenceunit.SpringPersistenceUnitInfo - No LoadTimeWeaver setup: ignoring JPA class transformer
2026-02-20 11:18:12.010 [main] INFO  com.zaxxer.hikari.HikariDataSource - HikariPool-1 - Starting...
2026-02-20 11:18:12.292 [main] INFO  com.zaxxer.hikari.pool.HikariPool - HikariPool-1 - Added connection conn0: url=jdbc:h2:file:./data/testdb user=SA
2026-02-20 11:18:12.296 [main] INFO  com.zaxxer.hikari.HikariDataSource - HikariPool-1 - Start completed.
2026-02-20 11:18:12.334 [main] WARN  org.hibernate.orm.deprecation - HHH90000025: H2Dialect does not need to be specified explicitly using 'hibernate.dialect' (remove the property setting and it will be selected by default)
2026-02-20 11:18:13.741 [main] INFO  org.springframework.orm.jpa.LocalContainerEntityManagerFactoryBean - Initialized JPA EntityManagerFactory for persistence unit 'default'
2026-02-20 11:18:14.432 [main] INFO  org.springframework.security.config.annotation.authentication.configuration.InitializeUserDetailsBeanManagerConfigurer$InitializeUserDetailsManagerConfigurer - Global AuthenticationManager configured with UserDetailsService bean with name customUserDetailsService
2026-02-20 11:18:14.859 [main] INFO  org.springframework.boot.actuate.endpoint.web.EndpointLinksResolver - Exposing 1 endpoint beneath base path '/actuator'
2026-02-20 11:18:15.379 [main] INFO  org.springframework.boot.autoconfigure.h2.H2ConsoleAutoConfiguration - H2 console available at '/h2-console'. Database available at 'jdbc:h2:file:./data/testdb'
2026-02-20 11:18:15.645 [main] WARN  org.springframework.boot.web.servlet.context.AnnotationConfigServletWebServerApplicationContext - Exception encountered during context initialization - cancelling refresh attempt: org.springframework.beans.factory.BeanCreationException: Error creating bean with name 'dataSourceScriptDatabaseInitializer' defined in class path resource [org/springframework/boot/autoconfigure/sql/init/DataSourceInitializationConfiguration.class]: Failed to execute SQL script statement #9 of file [C:\Users\8063\IdeaProjects\bakkalApp\bakkalApp\target\classes\data.sql]: INSERT INTO orders (total_amount, customer_id, order_date) VALUES (50.0, 1, CURRENT_TIMESTAMP), (120.0, 2, CURRENT_TIMESTAMP), (30.0, 3, CURRENT_TIMESTAMP)
2026-02-20 11:18:15.649 [main] INFO  org.springframework.orm.jpa.LocalContainerEntityManagerFactoryBean - Closing JPA EntityManagerFactory for persistence unit 'default'
2026-02-20 11:18:15.651 [main] INFO  com.zaxxer.hikari.HikariDataSource - HikariPool-1 - Shutdown initiated...
2026-02-20 11:18:15.686 [main] INFO  com.zaxxer.hikari.HikariDataSource - HikariPool-1 - Shutdown completed.
2026-02-20 11:18:15.690 [main] INFO  org.apache.catalina.core.StandardService - Stopping service [Tomcat]
2026-02-20 11:18:15.712 [main] INFO  org.springframework.boot.autoconfigure.logging.ConditionEvaluationReportLogger - 

Error starting ApplicationContext. To display the condition evaluation report re-run your application with 'debug' enabled.
2026-02-20 11:18:15.752 [main] ERROR org.springframework.boot.SpringApplication - Application run failed
org.springframework.beans.factory.BeanCreationException: Error creating bean with name 'dataSourceScriptDatabaseInitializer' defined in class path resource [org/springframework/boot/autoconfigure/sql/init/DataSourceInitializationConfiguration.class]: Failed to execute SQL script statement #9 of file [C:\Users\8063\IdeaProjects\bakkalApp\bakkalApp\target\classes\data.sql]: INSERT INTO orders (total_amount, customer_id, order_date) VALUES (50.0, 1, CURRENT_TIMESTAMP), (120.0, 2, CURRENT_TIMESTAMP), (30.0, 3, CURRENT_TIMESTAMP)
	at org.springframework.beans.factory.support.AbstractAutowireCapableBeanFactory.initializeBean(AbstractAutowireCapableBeanFactory.java:1808) ~[spring-beans-6.2.1.jar:6.2.1]
	at org.springframework.beans.factory.support.AbstractAutowireCapableBeanFactory.doCreateBean(AbstractAutowireCapableBeanFactory.java:601) ~[spring-beans-6.2.1.jar:6.2.1]
	at org.springframework.beans.factory.support.AbstractAutowireCapableBeanFactory.createBean(AbstractAutowireCapableBeanFactory.java:523) ~[spring-beans-6.2.1.jar:6.2.1]
	at org.springframework.beans.factory.support.AbstractBeanFactory.lambda$doGetBean$0(AbstractBeanFactory.java:336) ~[spring-beans-6.2.1.jar:6.2.1]
	at org.springframework.beans.factory.support.DefaultSingletonBeanRegistry.getSingleton(DefaultSingletonBeanRegistry.java:289) ~[spring-beans-6.2.1.jar:6.2.1]
	at org.springframework.beans.factory.support.AbstractBeanFactory.doGetBean(AbstractBeanFactory.java:334) ~[spring-beans-6.2.1.jar:6.2.1]
	at org.springframework.beans.factory.support.AbstractBeanFactory.getBean(AbstractBeanFactory.java:199) ~[spring-beans-6.2.1.jar:6.2.1]
	at org.springframework.beans.factory.support.AbstractBeanFactory.doGetBean(AbstractBeanFactory.java:312) ~[spring-beans-6.2.1.jar:6.2.1]
	at org.springframework.beans.factory.support.AbstractBeanFactory.getBean(AbstractBeanFactory.java:199) ~[spring-beans-6.2.1.jar:6.2.1]
	at org.springframework.beans.factory.support.DefaultListableBeanFactory.instantiateSingleton(DefaultListableBeanFactory.java:1122) ~[spring-beans-6.2.1.jar:6.2.1]
	at org.springframework.beans.factory.support.DefaultListableBeanFactory.preInstantiateSingleton(DefaultListableBeanFactory.java:1093) ~[spring-beans-6.2.1.jar:6.2.1]
	at org.springframework.beans.factory.support.DefaultListableBeanFactory.preInstantiateSingletons(DefaultListableBeanFactory.java:1030) ~[spring-beans-6.2.1.jar:6.2.1]
	at org.springframework.context.support.AbstractApplicationContext.finishBeanFactoryInitialization(AbstractApplicationContext.java:987) ~[spring-context-6.2.1.jar:6.2.1]
	at org.springframework.context.support.AbstractApplicationContext.refresh(AbstractApplicationContext.java:627) ~[spring-context-6.2.1.jar:6.2.1]
	at org.springframework.boot.web.servlet.context.ServletWebServerApplicationContext.refresh(ServletWebServerApplicationContext.java:146) ~[spring-boot-3.4.1.jar:3.4.1]
	at org.springframework.boot.SpringApplication.refresh(SpringApplication.java:752) [spring-boot-3.4.1.jar:3.4.1]
	at org.springframework.boot.SpringApplication.refreshContext(SpringApplication.java:439) [spring-boot-3.4.1.jar:3.4.1]
	at org.springframework.boot.SpringApplication.run(SpringApplication.java:318) [spring-boot-3.4.1.jar:3.4.1]
	at org.springframework.boot.SpringApplication.run(SpringApplication.java:1361) [spring-boot-3.4.1.jar:3.4.1]
	at org.springframework.boot.SpringApplication.run(SpringApplication.java:1350) [spring-boot-3.4.1.jar:3.4.1]
	at com.ibrahim.bakkalApp.BakkalAppApplication.main(BakkalAppApplication.java:10) [classes/:?]
Caused by: org.springframework.jdbc.datasource.init.ScriptStatementFailedException: Failed to execute SQL script statement #9 of file [C:\Users\8063\IdeaProjects\bakkalApp\bakkalApp\target\classes\data.sql]: INSERT INTO orders (total_amount, customer_id, order_date) VALUES (50.0, 1, CURRENT_TIMESTAMP), (120.0, 2, CURRENT_TIMESTAMP), (30.0, 3, CURRENT_TIMESTAMP)
	at org.springframework.jdbc.datasource.init.ScriptUtils.executeSqlScript(ScriptUtils.java:282) ~[spring-jdbc-6.2.1.jar:6.2.1]
	at org.springframework.jdbc.datasource.init.ResourceDatabasePopulator.populate(ResourceDatabasePopulator.java:254) ~[spring-jdbc-6.2.1.jar:6.2.1]
	at org.springframework.jdbc.datasource.init.DatabasePopulatorUtils.execute(DatabasePopulatorUtils.java:54) ~[spring-jdbc-6.2.1.jar:6.2.1]
	at org.springframework.boot.jdbc.init.DataSourceScriptDatabaseInitializer.runScripts(DataSourceScriptDatabaseInitializer.java:87) ~[spring-boot-3.4.1.jar:3.4.1]
	at org.springframework.boot.sql.init.AbstractScriptDatabaseInitializer.runScripts(AbstractScriptDatabaseInitializer.java:146) ~[spring-boot-3.4.1.jar:3.4.1]
	at org.springframework.boot.sql.init.AbstractScriptDatabaseInitializer.applyScripts(AbstractScriptDatabaseInitializer.java:108) ~[spring-boot-3.4.1.jar:3.4.1]
	at org.springframework.boot.sql.init.AbstractScriptDatabaseInitializer.applyDataScripts(AbstractScriptDatabaseInitializer.java:102) ~[spring-boot-3.4.1.jar:3.4.1]
	at org.springframework.boot.sql.init.AbstractScriptDatabaseInitializer.initializeDatabase(AbstractScriptDatabaseInitializer.java:77) ~[spring-boot-3.4.1.jar:3.4.1]
	at org.springframework.boot.sql.init.AbstractScriptDatabaseInitializer.afterPropertiesSet(AbstractScriptDatabaseInitializer.java:66) ~[spring-boot-3.4.1.jar:3.4.1]
	at org.springframework.beans.factory.support.AbstractAutowireCapableBeanFactory.invokeInitMethods(AbstractAutowireCapableBeanFactory.java:1855) ~[spring-beans-6.2.1.jar:6.2.1]
	at org.springframework.beans.factory.support.AbstractAutowireCapableBeanFactory.initializeBean(AbstractAutowireCapableBeanFactory.java:1804) ~[spring-beans-6.2.1.jar:6.2.1]
	... 20 more
Caused by: org.h2.jdbc.JdbcSQLSyntaxErrorException: Column "CUSTOMER_ID" not found; SQL statement:
INSERT INTO orders (total_amount, customer_id, order_date) VALUES (50.0, 1, CURRENT_TIMESTAMP), (120.0, 2, CURRENT_TIMESTAMP), (30.0, 3, CURRENT_TIMESTAMP) [42122-232]
	at org.h2.message.DbException.getJdbcSQLException(DbException.java:514) ~[h2-2.3.232.jar:2.3.232]
	at org.h2.message.DbException.getJdbcSQLException(DbException.java:489) ~[h2-2.3.232.jar:2.3.232]
	at org.h2.message.DbException.get(DbException.java:223) ~[h2-2.3.232.jar:2.3.232]
	at org.h2.message.DbException.get(DbException.java:199) ~[h2-2.3.232.jar:2.3.232]
	at org.h2.table.Table.getColumn(Table.java:786) ~[h2-2.3.232.jar:2.3.232]
	at org.h2.command.Parser.parseColumn(Parser.java:1171) ~[h2-2.3.232.jar:2.3.232]
	at org.h2.command.Parser.parseColumnList(Parser.java:1156) ~[h2-2.3.232.jar:2.3.232]
	at org.h2.command.Parser.parseInsert(Parser.java:1530) ~[h2-2.3.232.jar:2.3.232]
	at org.h2.command.Parser.parsePrepared(Parser.java:698) ~[h2-2.3.232.jar:2.3.232]
	at org.h2.command.Parser.parse(Parser.java:581) ~[h2-2.3.232.jar:2.3.232]
	at org.h2.command.Parser.parse(Parser.java:556) ~[h2-2.3.232.jar:2.3.232]
	at org.h2.command.Parser.prepareCommand(Parser.java:484) ~[h2-2.3.232.jar:2.3.232]
	at org.h2.engine.SessionLocal.prepareLocal(SessionLocal.java:645) ~[h2-2.3.232.jar:2.3.232]
	at org.h2.engine.SessionLocal.prepareCommand(SessionLocal.java:561) ~[h2-2.3.232.jar:2.3.232]
	at org.h2.jdbc.JdbcConnection.prepareCommand(JdbcConnection.java:1164) ~[h2-2.3.232.jar:2.3.232]
	at org.h2.jdbc.JdbcStatement.executeInternal(JdbcStatement.java:245) ~[h2-2.3.232.jar:2.3.232]
	at org.h2.jdbc.JdbcStatement.execute(JdbcStatement.java:231) ~[h2-2.3.232.jar:2.3.232]
	at com.zaxxer.hikari.pool.ProxyStatement.execute(ProxyStatement.java:94) ~[HikariCP-5.1.0.jar:?]
	at com.zaxxer.hikari.pool.HikariProxyStatement.execute(HikariProxyStatement.java) ~[HikariCP-5.1.0.jar:?]
	at org.springframework.jdbc.datasource.init.ScriptUtils.executeSqlScript(ScriptUtils.java:261) ~[spring-jdbc-6.2.1.jar:6.2.1]
	at org.springframework.jdbc.datasource.init.ResourceDatabasePopulator.populate(ResourceDatabasePopulator.java:254) ~[spring-jdbc-6.2.1.jar:6.2.1]
	at org.springframework.jdbc.datasource.init.DatabasePopulatorUtils.execute(DatabasePopulatorUtils.java:54) ~[spring-jdbc-6.2.1.jar:6.2.1]
	at org.springframework.boot.jdbc.init.DataSourceScriptDatabaseInitializer.runScripts(DataSourceScriptDatabaseInitializer.java:87) ~[spring-boot-3.4.1.jar:3.4.1]
	at org.springframework.boot.sql.init.AbstractScriptDatabaseInitializer.runScripts(AbstractScriptDatabaseInitializer.java:146) ~[spring-boot-3.4.1.jar:3.4.1]
	at org.springframework.boot.sql.init.AbstractScriptDatabaseInitializer.applyScripts(AbstractScriptDatabaseInitializer.java:108) ~[spring-boot-3.4.1.jar:3.4.1]
	at org.springframework.boot.sql.init.AbstractScriptDatabaseInitializer.applyDataScripts(AbstractScriptDatabaseInitializer.java:102) ~[spring-boot-3.4.1.jar:3.4.1]
	at org.springframework.boot.sql.init.AbstractScriptDatabaseInitializer.initializeDatabase(AbstractScriptDatabaseInitializer.java:77) ~[spring-boot-3.4.1.jar:3.4.1]
	at org.springframework.boot.sql.init.AbstractScriptDatabaseInitializer.afterPropertiesSet(AbstractScriptDatabaseInitializer.java:66) ~[spring-boot-3.4.1.jar:3.4.1]
	at org.springframework.beans.factory.support.AbstractAutowireCapableBeanFactory.invokeInitMethods(AbstractAutowireCapableBeanFactory.java:1855) ~[spring-beans-6.2.1.jar:6.2.1]
	at org.springframework.beans.factory.support.AbstractAutowireCapableBeanFactory.initializeBean(AbstractAutowireCapableBeanFactory.java:1804) ~[spring-beans-6.2.1.jar:6.2.1]
	... 20 more
2026-02-20 11:18:25.622 [main] INFO  com.ibrahim.bakkalApp.BakkalAppApplication - Starting BakkalAppApplication using Java 23.0.1 with PID 400 (C:\Users\8063\IdeaProjects\bakkalApp\bakkalApp\target\classes started by 8063 in C:\Users\8063\IdeaProjects\bakkalApp\bakkalApp)
2026-02-20 11:18:25.638 [main] INFO  com.ibrahim.bakkalApp.BakkalAppApplication - No active profile set, falling back to 1 default profile: "default"
2026-02-20 11:18:26.757 [main] INFO  org.springframework.data.repository.config.RepositoryConfigurationDelegate - Bootstrapping Spring Data JPA repositories in DEFAULT mode.
2026-02-20 11:18:26.906 [main] INFO  org.springframework.data.repository.config.RepositoryConfigurationDelegate - Finished Spring Data repository scanning in 121 ms. Found 5 JPA repository interfaces.
2026-02-20 11:18:27.923 [main] INFO  org.springframework.boot.web.embedded.tomcat.TomcatWebServer - Tomcat initialized with port 8085 (http)
2026-02-20 11:18:27.939 [main] INFO  org.apache.coyote.http11.Http11NioProtocol - Initializing ProtocolHandler ["http-nio-8085"]
2026-02-20 11:18:27.941 [main] INFO  org.apache.catalina.core.StandardService - Starting service [Tomcat]
2026-02-20 11:18:27.942 [main] INFO  org.apache.catalina.core.StandardEngine - Starting Servlet engine: [Apache Tomcat/10.1.34]
2026-02-20 11:18:28.006 [main] INFO  org.apache.catalina.core.ContainerBase.[Tomcat].[localhost].[/] - Initializing Spring embedded WebApplicationContext
2026-02-20 11:18:28.008 [main] INFO  org.springframework.boot.web.servlet.context.ServletWebServerApplicationContext - Root WebApplicationContext: initialization completed in 2330 ms
2026-02-20 11:18:29.117 [main] INFO  org.springframework.orm.jpa.persistenceunit.SpringPersistenceUnitInfo - No LoadTimeWeaver setup: ignoring JPA class transformer
2026-02-20 11:18:29.184 [main] INFO  com.zaxxer.hikari.HikariDataSource - HikariPool-1 - Starting...
2026-02-20 11:18:29.560 [main] INFO  com.zaxxer.hikari.pool.HikariPool - HikariPool-1 - Added connection conn0: url=jdbc:h2:file:./data/testdb user=SA
2026-02-20 11:18:29.564 [main] INFO  com.zaxxer.hikari.HikariDataSource - HikariPool-1 - Start completed.
2026-02-20 11:18:29.598 [main] WARN  org.hibernate.orm.deprecation - HHH90000025: H2Dialect does not need to be specified explicitly using 'hibernate.dialect' (remove the property setting and it will be selected by default)
2026-02-20 11:18:31.226 [main] INFO  org.springframework.orm.jpa.LocalContainerEntityManagerFactoryBean - Initialized JPA EntityManagerFactory for persistence unit 'default'
2026-02-20 11:18:32.220 [main] INFO  org.springframework.security.config.annotation.authentication.configuration.InitializeUserDetailsBeanManagerConfigurer$InitializeUserDetailsManagerConfigurer - Global AuthenticationManager configured with UserDetailsService bean with name customUserDetailsService
2026-02-20 11:18:32.754 [main] INFO  org.springframework.boot.actuate.endpoint.web.EndpointLinksResolver - Exposing 1 endpoint beneath base path '/actuator'
2026-02-20 11:18:33.404 [main] INFO  org.springframework.boot.autoconfigure.h2.H2ConsoleAutoConfiguration - H2 console available at '/h2-console'. Database available at 'jdbc:h2:file:./data/testdb'
2026-02-20 11:18:33.789 [main] WARN  org.springframework.boot.web.servlet.context.AnnotationConfigServletWebServerApplicationContext - Exception encountered during context initialization - cancelling refresh attempt: org.springframework.beans.factory.BeanCreationException: Error creating bean with name 'dataSourceScriptDatabaseInitializer' defined in class path resource [org/springframework/boot/autoconfigure/sql/init/DataSourceInitializationConfiguration.class]: Failed to execute SQL script statement #9 of file [C:\Users\8063\IdeaProjects\bakkalApp\bakkalApp\target\classes\data.sql]: INSERT INTO orders (total_amount, customer_id, order_date) VALUES (50.0, 1, CURRENT_TIMESTAMP), (120.0, 2, CURRENT_TIMESTAMP), (30.0, 3, CURRENT_TIMESTAMP)
2026-02-20 11:18:33.792 [main] INFO  org.springframework.orm.jpa.LocalContainerEntityManagerFactoryBean - Closing JPA EntityManagerFactory for persistence unit 'default'
2026-02-20 11:18:33.796 [main] INFO  com.zaxxer.hikari.HikariDataSource - HikariPool-1 - Shutdown initiated...
2026-02-20 11:18:33.817 [main] INFO  com.zaxxer.hikari.HikariDataSource - HikariPool-1 - Shutdown completed.
2026-02-20 11:18:33.823 [main] INFO  org.apache.catalina.core.StandardService - Stopping service [Tomcat]
2026-02-20 11:18:33.833 [main] INFO  org.springframework.boot.autoconfigure.logging.ConditionEvaluationReportLogger - 

Error starting ApplicationContext. To display the condition evaluation report re-run your application with 'debug' enabled.
2026-02-20 11:18:33.867 [main] ERROR org.springframework.boot.SpringApplication - Application run failed
org.springframework.beans.factory.BeanCreationException: Error creating bean with name 'dataSourceScriptDatabaseInitializer' defined in class path resource [org/springframework/boot/autoconfigure/sql/init/DataSourceInitializationConfiguration.class]: Failed to execute SQL script statement #9 of file [C:\Users\8063\IdeaProjects\bakkalApp\bakkalApp\target\classes\data.sql]: INSERT INTO orders (total_amount, customer_id, order_date) VALUES (50.0, 1, CURRENT_TIMESTAMP), (120.0, 2, CURRENT_TIMESTAMP), (30.0, 3, CURRENT_TIMESTAMP)
	at org.springframework.beans.factory.support.AbstractAutowireCapableBeanFactory.initializeBean(AbstractAutowireCapableBeanFactory.java:1808) ~[spring-beans-6.2.1.jar:6.2.1]
	at org.springframework.beans.factory.support.AbstractAutowireCapableBeanFactory.doCreateBean(AbstractAutowireCapableBeanFactory.java:601) ~[spring-beans-6.2.1.jar:6.2.1]
	at org.springframework.beans.factory.support.AbstractAutowireCapableBeanFactory.createBean(AbstractAutowireCapableBeanFactory.java:523) ~[spring-beans-6.2.1.jar:6.2.1]
	at org.springframework.beans.factory.support.AbstractBeanFactory.lambda$doGetBean$0(AbstractBeanFactory.java:336) ~[spring-beans-6.2.1.jar:6.2.1]
	at org.springframework.beans.factory.support.DefaultSingletonBeanRegistry.getSingleton(DefaultSingletonBeanRegistry.java:289) ~[spring-beans-6.2.1.jar:6.2.1]
	at org.springframework.beans.factory.support.AbstractBeanFactory.doGetBean(AbstractBeanFactory.java:334) ~[spring-beans-6.2.1.jar:6.2.1]
	at org.springframework.beans.factory.support.AbstractBeanFactory.getBean(AbstractBeanFactory.java:199) ~[spring-beans-6.2.1.jar:6.2.1]
	at org.springframework.beans.factory.support.AbstractBeanFactory.doGetBean(AbstractBeanFactory.java:312) ~[spring-beans-6.2.1.jar:6.2.1]
	at org.springframework.beans.factory.support.AbstractBeanFactory.getBean(AbstractBeanFactory.java:199) ~[spring-beans-6.2.1.jar:6.2.1]
	at org.springframework.beans.factory.support.DefaultListableBeanFactory.instantiateSingleton(DefaultListableBeanFactory.java:1122) ~[spring-beans-6.2.1.jar:6.2.1]
	at org.springframework.beans.factory.support.DefaultListableBeanFactory.preInstantiateSingleton(DefaultListableBeanFactory.java:1093) ~[spring-beans-6.2.1.jar:6.2.1]
	at org.springframework.beans.factory.support.DefaultListableBeanFactory.preInstantiateSingletons(DefaultListableBeanFactory.java:1030) ~[spring-beans-6.2.1.jar:6.2.1]
	at org.springframework.context.support.AbstractApplicationContext.finishBeanFactoryInitialization(AbstractApplicationContext.java:987) ~[spring-context-6.2.1.jar:6.2.1]
	at org.springframework.context.support.AbstractApplicationContext.refresh(AbstractApplicationContext.java:627) ~[spring-context-6.2.1.jar:6.2.1]
	at org.springframework.boot.web.servlet.context.ServletWebServerApplicationContext.refresh(ServletWebServerApplicationContext.java:146) ~[spring-boot-3.4.1.jar:3.4.1]
	at org.springframework.boot.SpringApplication.refresh(SpringApplication.java:752) [spring-boot-3.4.1.jar:3.4.1]
	at org.springframework.boot.SpringApplication.refreshContext(SpringApplication.java:439) [spring-boot-3.4.1.jar:3.4.1]
	at org.springframework.boot.SpringApplication.run(SpringApplication.java:318) [spring-boot-3.4.1.jar:3.4.1]
	at org.springframework.boot.SpringApplication.run(SpringApplication.java:1361) [spring-boot-3.4.1.jar:3.4.1]
	at org.springframework.boot.SpringApplication.run(SpringApplication.java:1350) [spring-boot-3.4.1.jar:3.4.1]
	at com.ibrahim.bakkalApp.BakkalAppApplication.main(BakkalAppApplication.java:10) [classes/:?]
Caused by: org.springframework.jdbc.datasource.init.ScriptStatementFailedException: Failed to execute SQL script statement #9 of file [C:\Users\8063\IdeaProjects\bakkalApp\bakkalApp\target\classes\data.sql]: INSERT INTO orders (total_amount, customer_id, order_date) VALUES (50.0, 1, CURRENT_TIMESTAMP), (120.0, 2, CURRENT_TIMESTAMP), (30.0, 3, CURRENT_TIMESTAMP)
	at org.springframework.jdbc.datasource.init.ScriptUtils.executeSqlScript(ScriptUtils.java:282) ~[spring-jdbc-6.2.1.jar:6.2.1]
	at org.springframework.jdbc.datasource.init.ResourceDatabasePopulator.populate(ResourceDatabasePopulator.java:254) ~[spring-jdbc-6.2.1.jar:6.2.1]
	at org.springframework.jdbc.datasource.init.DatabasePopulatorUtils.execute(DatabasePopulatorUtils.java:54) ~[spring-jdbc-6.2.1.jar:6.2.1]
	at org.springframework.boot.jdbc.init.DataSourceScriptDatabaseInitializer.runScripts(DataSourceScriptDatabaseInitializer.java:87) ~[spring-boot-3.4.1.jar:3.4.1]
	at org.springframework.boot.sql.init.AbstractScriptDatabaseInitializer.runScripts(AbstractScriptDatabaseInitializer.java:146) ~[spring-boot-3.4.1.jar:3.4.1]
	at org.springframework.boot.sql.init.AbstractScriptDatabaseInitializer.applyScripts(AbstractScriptDatabaseInitializer.java:108) ~[spring-boot-3.4.1.jar:3.4.1]
	at org.springframework.boot.sql.init.AbstractScriptDatabaseInitializer.applyDataScripts(AbstractScriptDatabaseInitializer.java:102) ~[spring-boot-3.4.1.jar:3.4.1]
	at org.springframework.boot.sql.init.AbstractScriptDatabaseInitializer.initializeDatabase(AbstractScriptDatabaseInitializer.java:77) ~[spring-boot-3.4.1.jar:3.4.1]
	at org.springframework.boot.sql.init.AbstractScriptDatabaseInitializer.afterPropertiesSet(AbstractScriptDatabaseInitializer.java:66) ~[spring-boot-3.4.1.jar:3.4.1]
	at org.springframework.beans.factory.support.AbstractAutowireCapableBeanFactory.invokeInitMethods(AbstractAutowireCapableBeanFactory.java:1855) ~[spring-beans-6.2.1.jar:6.2.1]
	at org.springframework.beans.factory.support.AbstractAutowireCapableBeanFactory.initializeBean(AbstractAutowireCapableBeanFactory.java:1804) ~[spring-beans-6.2.1.jar:6.2.1]
	... 20 more
Caused by: org.h2.jdbc.JdbcSQLSyntaxErrorException: Column "CUSTOMER_ID" not found; SQL statement:
INSERT INTO orders (total_amount, customer_id, order_date) VALUES (50.0, 1, CURRENT_TIMESTAMP), (120.0, 2, CURRENT_TIMESTAMP), (30.0, 3, CURRENT_TIMESTAMP) [42122-232]
	at org.h2.message.DbException.getJdbcSQLException(DbException.java:514) ~[h2-2.3.232.jar:2.3.232]
	at org.h2.message.DbException.getJdbcSQLException(DbException.java:489) ~[h2-2.3.232.jar:2.3.232]
	at org.h2.message.DbException.get(DbException.java:223) ~[h2-2.3.232.jar:2.3.232]
	at org.h2.message.DbException.get(DbException.java:199) ~[h2-2.3.232.jar:2.3.232]
	at org.h2.table.Table.getColumn(Table.java:786) ~[h2-2.3.232.jar:2.3.232]
	at org.h2.command.Parser.parseColumn(Parser.java:1171) ~[h2-2.3.232.jar:2.3.232]
	at org.h2.command.Parser.parseColumnList(Parser.java:1156) ~[h2-2.3.232.jar:2.3.232]
	at org.h2.command.Parser.parseInsert(Parser.java:1530) ~[h2-2.3.232.jar:2.3.232]
	at org.h2.command.Parser.parsePrepared(Parser.java:698) ~[h2-2.3.232.jar:2.3.232]
	at org.h2.command.Parser.parse(Parser.java:581) ~[h2-2.3.232.jar:2.3.232]
	at org.h2.command.Parser.parse(Parser.java:556) ~[h2-2.3.232.jar:2.3.232]
	at org.h2.command.Parser.prepareCommand(Parser.java:484) ~[h2-2.3.232.jar:2.3.232]
	at org.h2.engine.SessionLocal.prepareLocal(SessionLocal.java:645) ~[h2-2.3.232.jar:2.3.232]
	at org.h2.engine.SessionLocal.prepareCommand(SessionLocal.java:561) ~[h2-2.3.232.jar:2.3.232]
	at org.h2.jdbc.JdbcConnection.prepareCommand(JdbcConnection.java:1164) ~[h2-2.3.232.jar:2.3.232]
	at org.h2.jdbc.JdbcStatement.executeInternal(JdbcStatement.java:245) ~[h2-2.3.232.jar:2.3.232]
	at org.h2.jdbc.JdbcStatement.execute(JdbcStatement.java:231) ~[h2-2.3.232.jar:2.3.232]
	at com.zaxxer.hikari.pool.ProxyStatement.execute(ProxyStatement.java:94) ~[HikariCP-5.1.0.jar:?]
	at com.zaxxer.hikari.pool.HikariProxyStatement.execute(HikariProxyStatement.java) ~[HikariCP-5.1.0.jar:?]
	at org.springframework.jdbc.datasource.init.ScriptUtils.executeSqlScript(ScriptUtils.java:261) ~[spring-jdbc-6.2.1.jar:6.2.1]
	at org.springframework.jdbc.datasource.init.ResourceDatabasePopulator.populate(ResourceDatabasePopulator.java:254) ~[spring-jdbc-6.2.1.jar:6.2.1]
	at org.springframework.jdbc.datasource.init.DatabasePopulatorUtils.execute(DatabasePopulatorUtils.java:54) ~[spring-jdbc-6.2.1.jar:6.2.1]
	at org.springframework.boot.jdbc.init.DataSourceScriptDatabaseInitializer.runScripts(DataSourceScriptDatabaseInitializer.java:87) ~[spring-boot-3.4.1.jar:3.4.1]
	at org.springframework.boot.sql.init.AbstractScriptDatabaseInitializer.runScripts(AbstractScriptDatabaseInitializer.java:146) ~[spring-boot-3.4.1.jar:3.4.1]
	at org.springframework.boot.sql.init.AbstractScriptDatabaseInitializer.applyScripts(AbstractScriptDatabaseInitializer.java:108) ~[spring-boot-3.4.1.jar:3.4.1]
	at org.springframework.boot.sql.init.AbstractScriptDatabaseInitializer.applyDataScripts(AbstractScriptDatabaseInitializer.java:102) ~[spring-boot-3.4.1.jar:3.4.1]
	at org.springframework.boot.sql.init.AbstractScriptDatabaseInitializer.initializeDatabase(AbstractScriptDatabaseInitializer.java:77) ~[spring-boot-3.4.1.jar:3.4.1]
	at org.springframework.boot.sql.init.AbstractScriptDatabaseInitializer.afterPropertiesSet(AbstractScriptDatabaseInitializer.java:66) ~[spring-boot-3.4.1.jar:3.4.1]
	at org.springframework.beans.factory.support.AbstractAutowireCapableBeanFactory.invokeInitMethods(AbstractAutowireCapableBeanFactory.java:1855) ~[spring-beans-6.2.1.jar:6.2.1]
	at org.springframework.beans.factory.support.AbstractAutowireCapableBeanFactory.initializeBean(AbstractAutowireCapableBeanFactory.java:1804) ~[spring-beans-6.2.1.jar:6.2.1]
	... 20 more
2026-02-20 11:20:14.981 [main] INFO  com.ibrahim.bakkalApp.BakkalAppApplication - Starting BakkalAppApplication using Java 23.0.1 with PID 18504 (C:\Users\8063\IdeaProjects\bakkalApp\bakkalApp\target\classes started by 8063 in C:\Users\8063\IdeaProjects\bakkalApp\bakkalApp)
2026-02-20 11:20:14.984 [main] INFO  com.ibrahim.bakkalApp.BakkalAppApplication - No active profile set, falling back to 1 default profile: "default"
2026-02-20 11:20:16.669 [main] INFO  org.springframework.data.repository.config.RepositoryConfigurationDelegate - Bootstrapping Spring Data JPA repositories in DEFAULT mode.
2026-02-20 11:20:16.736 [main] INFO  org.springframework.data.repository.config.RepositoryConfigurationDelegate - Finished Spring Data repository scanning in 55 ms. Found 5 JPA repository interfaces.
2026-02-20 11:20:17.750 [main] INFO  org.springframework.boot.web.embedded.tomcat.TomcatWebServer - Tomcat initialized with port 8085 (http)
2026-02-20 11:20:17.790 [main] INFO  org.apache.coyote.http11.Http11NioProtocol - Initializing ProtocolHandler ["http-nio-8085"]
2026-02-20 11:20:17.795 [main] INFO  org.apache.catalina.core.StandardService - Starting service [Tomcat]
2026-02-20 11:20:17.797 [main] INFO  org.apache.catalina.core.StandardEngine - Starting Servlet engine: [Apache Tomcat/10.1.34]
2026-02-20 11:20:17.921 [main] INFO  org.apache.catalina.core.ContainerBase.[Tomcat].[localhost].[/] - Initializing Spring embedded WebApplicationContext
2026-02-20 11:20:17.923 [main] INFO  org.springframework.boot.web.servlet.context.ServletWebServerApplicationContext - Root WebApplicationContext: initialization completed in 2866 ms
2026-02-20 11:20:18.981 [main] INFO  org.springframework.orm.jpa.persistenceunit.SpringPersistenceUnitInfo - No LoadTimeWeaver setup: ignoring JPA class transformer
2026-02-20 11:20:19.015 [main] INFO  com.zaxxer.hikari.HikariDataSource - HikariPool-1 - Starting...
2026-02-20 11:20:19.395 [main] INFO  com.zaxxer.hikari.pool.HikariPool - HikariPool-1 - Added connection conn0: url=jdbc:h2:file:./data/testdb user=SA
2026-02-20 11:20:19.399 [main] INFO  com.zaxxer.hikari.HikariDataSource - HikariPool-1 - Start completed.
2026-02-20 11:20:19.447 [main] WARN  org.hibernate.orm.deprecation - HHH90000025: H2Dialect does not need to be specified explicitly using 'hibernate.dialect' (remove the property setting and it will be selected by default)
2026-02-20 11:20:20.798 [main] INFO  org.springframework.orm.jpa.LocalContainerEntityManagerFactoryBean - Initialized JPA EntityManagerFactory for persistence unit 'default'
2026-02-20 11:20:21.590 [main] INFO  org.springframework.security.config.annotation.authentication.configuration.InitializeUserDetailsBeanManagerConfigurer$InitializeUserDetailsManagerConfigurer - Global AuthenticationManager configured with UserDetailsService bean with name customUserDetailsService
2026-02-20 11:20:22.217 [main] INFO  org.springframework.boot.actuate.endpoint.web.EndpointLinksResolver - Exposing 1 endpoint beneath base path '/actuator'
2026-02-20 11:20:22.880 [main] INFO  org.springframework.boot.autoconfigure.h2.H2ConsoleAutoConfiguration - H2 console available at '/h2-console'. Database available at 'jdbc:h2:file:./data/testdb'
2026-02-20 11:20:23.286 [main] INFO  org.apache.coyote.http11.Http11NioProtocol - Starting ProtocolHandler ["http-nio-8085"]
2026-02-20 11:20:23.324 [main] INFO  org.springframework.boot.web.embedded.tomcat.TomcatWebServer - Tomcat started on port 8085 (http) with context path '/'
2026-02-20 11:20:23.345 [main] INFO  com.ibrahim.bakkalApp.BakkalAppApplication - Started BakkalAppApplication in 8.822 seconds (process running for 9.771)
2026-02-20 11:20:41.874 [http-nio-8085-exec-1] INFO  org.apache.catalina.core.ContainerBase.[Tomcat].[localhost].[/] - Initializing Spring DispatcherServlet 'dispatcherServlet'
2026-02-20 11:20:41.875 [http-nio-8085-exec-1] INFO  org.springframework.web.servlet.DispatcherServlet - Initializing Servlet 'dispatcherServlet'
2026-02-20 11:20:41.877 [http-nio-8085-exec-1] INFO  org.springframework.web.servlet.DispatcherServlet - Completed initialization in 2 ms
2026-02-20 11:26:59.005 [SpringApplicationShutdownHook] INFO  org.springframework.boot.web.embedded.tomcat.GracefulShutdown - Commencing graceful shutdown. Waiting for active requests to complete
2026-02-20 11:26:59.052 [tomcat-shutdown] INFO  org.springframework.boot.web.embedded.tomcat.GracefulShutdown - Graceful shutdown complete
2026-02-20 11:26:59.063 [SpringApplicationShutdownHook] INFO  org.springframework.orm.jpa.LocalContainerEntityManagerFactoryBean - Closing JPA EntityManagerFactory for persistence unit 'default'
2026-02-20 11:26:59.067 [SpringApplicationShutdownHook] INFO  com.zaxxer.hikari.HikariDataSource - HikariPool-1 - Shutdown initiated...
2026-02-20 11:26:59.072 [SpringApplicationShutdownHook] INFO  com.zaxxer.hikari.HikariDataSource - HikariPool-1 - Shutdown completed.
2026-02-20 11:28:27.352 [main] INFO  com.ibrahim.bakkalApp.BakkalAppApplication - Starting BakkalAppApplication using Java 23.0.1 with PID 32220 (C:\Users\8063\IdeaProjects\bakkalApp\bakkalApp\target\classes started by 8063 in C:\Users\8063\IdeaProjects\bakkalApp\bakkalApp)
2026-02-20 11:28:27.363 [main] INFO  com.ibrahim.bakkalApp.BakkalAppApplication - No active profile set, falling back to 1 default profile: "default"
2026-02-20 11:28:28.796 [main] INFO  org.springframework.data.repository.config.RepositoryConfigurationDelegate - Bootstrapping Spring Data JPA repositories in DEFAULT mode.
2026-02-20 11:28:28.890 [main] INFO  org.springframework.data.repository.config.RepositoryConfigurationDelegate - Finished Spring Data repository scanning in 74 ms. Found 5 JPA repository interfaces.
2026-02-20 11:28:29.674 [main] INFO  org.springframework.boot.web.embedded.tomcat.TomcatWebServer - Tomcat initialized with port 8085 (http)
2026-02-20 11:28:29.698 [main] INFO  org.apache.coyote.http11.Http11NioProtocol - Initializing ProtocolHandler ["http-nio-8085"]
2026-02-20 11:28:29.700 [main] INFO  org.apache.catalina.core.StandardService - Starting service [Tomcat]
2026-02-20 11:28:29.700 [main] INFO  org.apache.catalina.core.StandardEngine - Starting Servlet engine: [Apache Tomcat/10.1.34]
2026-02-20 11:28:29.774 [main] INFO  org.apache.catalina.core.ContainerBase.[Tomcat].[localhost].[/] - Initializing Spring embedded WebApplicationContext
2026-02-20 11:28:29.774 [main] INFO  org.springframework.boot.web.servlet.context.ServletWebServerApplicationContext - Root WebApplicationContext: initialization completed in 2358 ms
2026-02-20 11:28:30.609 [main] INFO  org.springframework.orm.jpa.persistenceunit.SpringPersistenceUnitInfo - No LoadTimeWeaver setup: ignoring JPA class transformer
2026-02-20 11:28:30.655 [main] INFO  com.zaxxer.hikari.HikariDataSource - HikariPool-1 - Starting...
2026-02-20 11:28:30.904 [main] INFO  com.zaxxer.hikari.pool.HikariPool - HikariPool-1 - Added connection conn0: url=jdbc:h2:file:./data/testdb user=SA
2026-02-20 11:28:30.906 [main] INFO  com.zaxxer.hikari.HikariDataSource - HikariPool-1 - Start completed.
2026-02-20 11:28:30.938 [main] WARN  org.hibernate.orm.deprecation - HHH90000025: H2Dialect does not need to be specified explicitly using 'hibernate.dialect' (remove the property setting and it will be selected by default)
2026-02-20 11:28:32.222 [main] INFO  org.springframework.orm.jpa.LocalContainerEntityManagerFactoryBean - Initialized JPA EntityManagerFactory for persistence unit 'default'
2026-02-20 11:28:32.942 [main] INFO  org.springframework.security.config.annotation.authentication.configuration.InitializeUserDetailsBeanManagerConfigurer$InitializeUserDetailsManagerConfigurer - Global AuthenticationManager configured with UserDetailsService bean with name customUserDetailsService
2026-02-20 11:28:33.584 [main] INFO  org.springframework.boot.actuate.endpoint.web.EndpointLinksResolver - Exposing 1 endpoint beneath base path '/actuator'
2026-02-20 11:28:34.222 [main] INFO  org.springframework.boot.autoconfigure.h2.H2ConsoleAutoConfiguration - H2 console available at '/h2-console'. Database available at 'jdbc:h2:file:./data/testdb'
2026-02-20 11:28:34.664 [main] INFO  org.apache.coyote.http11.Http11NioProtocol - Starting ProtocolHandler ["http-nio-8085"]
2026-02-20 11:28:34.716 [main] INFO  org.springframework.boot.web.embedded.tomcat.TomcatWebServer - Tomcat started on port 8085 (http) with context path '/'
2026-02-20 11:28:34.740 [main] INFO  com.ibrahim.bakkalApp.BakkalAppApplication - Started BakkalAppApplication in 7.922 seconds (process running for 8.956)
2026-02-20 11:28:55.886 [http-nio-8085-exec-1] INFO  org.apache.catalina.core.ContainerBase.[Tomcat].[localhost].[/] - Initializing Spring DispatcherServlet 'dispatcherServlet'
2026-02-20 11:28:55.886 [http-nio-8085-exec-1] INFO  org.springframework.web.servlet.DispatcherServlet - Initializing Servlet 'dispatcherServlet'
2026-02-20 11:28:55.889 [http-nio-8085-exec-1] INFO  org.springframework.web.servlet.DispatcherServlet - Completed initialization in 2 ms
2026-02-20 11:38:47.622 [SpringApplicationShutdownHook] INFO  org.springframework.boot.web.embedded.tomcat.GracefulShutdown - Commencing graceful shutdown. Waiting for active requests to complete
2026-02-20 11:38:47.651 [tomcat-shutdown] INFO  org.springframework.boot.web.embedded.tomcat.GracefulShutdown - Graceful shutdown complete
2026-02-20 11:38:47.662 [SpringApplicationShutdownHook] INFO  org.springframework.orm.jpa.LocalContainerEntityManagerFactoryBean - Closing JPA EntityManagerFactory for persistence unit 'default'
2026-02-20 11:38:47.665 [SpringApplicationShutdownHook] INFO  com.zaxxer.hikari.HikariDataSource - HikariPool-1 - Shutdown initiated...
2026-02-20 11:38:47.671 [SpringApplicationShutdownHook] INFO  com.zaxxer.hikari.HikariDataSource - HikariPool-1 - Shutdown completed.
2026-02-20 11:39:56.984 [main] INFO  com.ibrahim.bakkalApp.BakkalAppApplication - Starting BakkalAppApplication using Java 23.0.1 with PID 35400 (C:\Users\8063\IdeaProjects\bakkalApp\bakkalApp\target\classes started by 8063 in C:\Users\8063\IdeaProjects\bakkalApp\bakkalApp)
2026-02-20 11:39:56.998 [main] INFO  com.ibrahim.bakkalApp.BakkalAppApplication - No active profile set, falling back to 1 default profile: "default"
2026-02-20 11:39:58.259 [main] INFO  org.springframework.data.repository.config.RepositoryConfigurationDelegate - Bootstrapping Spring Data JPA repositories in DEFAULT mode.
2026-02-20 11:39:58.373 [main] INFO  org.springframework.data.repository.config.RepositoryConfigurationDelegate - Finished Spring Data repository scanning in 96 ms. Found 5 JPA repository interfaces.
2026-02-20 11:39:59.571 [main] INFO  org.springframework.boot.web.embedded.tomcat.TomcatWebServer - Tomcat initialized with port 8085 (http)
2026-02-20 11:39:59.596 [main] INFO  org.apache.coyote.http11.Http11NioProtocol - Initializing ProtocolHandler ["http-nio-8085"]
2026-02-20 11:39:59.605 [main] INFO  org.apache.catalina.core.StandardService - Starting service [Tomcat]
2026-02-20 11:39:59.606 [main] INFO  org.apache.catalina.core.StandardEngine - Starting Servlet engine: [Apache Tomcat/10.1.34]
2026-02-20 11:39:59.676 [main] INFO  org.apache.catalina.core.ContainerBase.[Tomcat].[localhost].[/] - Initializing Spring embedded WebApplicationContext
2026-02-20 11:39:59.677 [main] INFO  org.springframework.boot.web.servlet.context.ServletWebServerApplicationContext - Root WebApplicationContext: initialization completed in 2616 ms
2026-02-20 11:40:00.631 [main] INFO  org.springframework.orm.jpa.persistenceunit.SpringPersistenceUnitInfo - No LoadTimeWeaver setup: ignoring JPA class transformer
2026-02-20 11:40:00.663 [main] INFO  com.zaxxer.hikari.HikariDataSource - HikariPool-1 - Starting...
2026-02-20 11:40:01.083 [main] INFO  com.zaxxer.hikari.pool.HikariPool - HikariPool-1 - Added connection conn0: url=jdbc:h2:file:./data/testdb user=SA
2026-02-20 11:40:01.086 [main] INFO  com.zaxxer.hikari.HikariDataSource - HikariPool-1 - Start completed.
2026-02-20 11:40:01.117 [main] WARN  org.hibernate.orm.deprecation - HHH90000025: H2Dialect does not need to be specified explicitly using 'hibernate.dialect' (remove the property setting and it will be selected by default)
2026-02-20 11:40:02.544 [main] INFO  org.springframework.orm.jpa.LocalContainerEntityManagerFactoryBean - Initialized JPA EntityManagerFactory for persistence unit 'default'
2026-02-20 11:40:03.436 [main] INFO  org.springframework.security.config.annotation.authentication.configuration.InitializeUserDetailsBeanManagerConfigurer$InitializeUserDetailsManagerConfigurer - Global AuthenticationManager configured with UserDetailsService bean with name customUserDetailsService
2026-02-20 11:40:03.715 [main] WARN  org.springframework.boot.web.servlet.context.AnnotationConfigServletWebServerApplicationContext - Exception encountered during context initialization - cancelling refresh attempt: org.springframework.beans.factory.BeanCreationException: Error creating bean with name 'org.springframework.security.config.annotation.web.configuration.WebSecurityConfiguration': Injection of autowired dependencies failed
2026-02-20 11:40:03.718 [main] INFO  org.springframework.orm.jpa.LocalContainerEntityManagerFactoryBean - Closing JPA EntityManagerFactory for persistence unit 'default'
2026-02-20 11:40:03.723 [main] INFO  com.zaxxer.hikari.HikariDataSource - HikariPool-1 - Shutdown initiated...
2026-02-20 11:40:03.743 [main] INFO  com.zaxxer.hikari.HikariDataSource - HikariPool-1 - Shutdown completed.
2026-02-20 11:40:03.748 [main] INFO  org.apache.catalina.core.StandardService - Stopping service [Tomcat]
2026-02-20 11:40:03.782 [main] INFO  org.springframework.boot.autoconfigure.logging.ConditionEvaluationReportLogger - 

Error starting ApplicationContext. To display the condition evaluation report re-run your application with 'debug' enabled.
2026-02-20 11:40:03.819 [main] ERROR org.springframework.boot.SpringApplication - Application run failed
org.springframework.beans.factory.BeanCreationException: Error creating bean with name 'org.springframework.security.config.annotation.web.configuration.WebSecurityConfiguration': Injection of autowired dependencies failed
	at org.springframework.beans.factory.annotation.AutowiredAnnotationBeanPostProcessor.postProcessProperties(AutowiredAnnotationBeanPostProcessor.java:515) ~[spring-beans-6.2.1.jar:6.2.1]
	at org.springframework.beans.factory.support.AbstractAutowireCapableBeanFactory.populateBean(AbstractAutowireCapableBeanFactory.java:1441) ~[spring-beans-6.2.1.jar:6.2.1]
	at org.springframework.beans.factory.support.AbstractAutowireCapableBeanFactory.doCreateBean(AbstractAutowireCapableBeanFactory.java:600) ~[spring-beans-6.2.1.jar:6.2.1]
	at org.springframework.beans.factory.support.AbstractAutowireCapableBeanFactory.createBean(AbstractAutowireCapableBeanFactory.java:523) ~[spring-beans-6.2.1.jar:6.2.1]
	at org.springframework.beans.factory.support.AbstractBeanFactory.lambda$doGetBean$0(AbstractBeanFactory.java:336) ~[spring-beans-6.2.1.jar:6.2.1]
	at org.springframework.beans.factory.support.DefaultSingletonBeanRegistry.getSingleton(DefaultSingletonBeanRegistry.java:289) ~[spring-beans-6.2.1.jar:6.2.1]
	at org.springframework.beans.factory.support.AbstractBeanFactory.doGetBean(AbstractBeanFactory.java:334) ~[spring-beans-6.2.1.jar:6.2.1]
	at org.springframework.beans.factory.support.AbstractBeanFactory.getBean(AbstractBeanFactory.java:199) ~[spring-beans-6.2.1.jar:6.2.1]
	at org.springframework.beans.factory.support.DefaultListableBeanFactory.instantiateSingleton(DefaultListableBeanFactory.java:1122) ~[spring-beans-6.2.1.jar:6.2.1]
	at org.springframework.beans.factory.support.DefaultListableBeanFactory.preInstantiateSingleton(DefaultListableBeanFactory.java:1093) ~[spring-beans-6.2.1.jar:6.2.1]
	at org.springframework.beans.factory.support.DefaultListableBeanFactory.preInstantiateSingletons(DefaultListableBeanFactory.java:1030) ~[spring-beans-6.2.1.jar:6.2.1]
	at org.springframework.context.support.AbstractApplicationContext.finishBeanFactoryInitialization(AbstractApplicationContext.java:987) ~[spring-context-6.2.1.jar:6.2.1]
	at org.springframework.context.support.AbstractApplicationContext.refresh(AbstractApplicationContext.java:627) ~[spring-context-6.2.1.jar:6.2.1]
	at org.springframework.boot.web.servlet.context.ServletWebServerApplicationContext.refresh(ServletWebServerApplicationContext.java:146) ~[spring-boot-3.4.1.jar:3.4.1]
	at org.springframework.boot.SpringApplication.refresh(SpringApplication.java:752) [spring-boot-3.4.1.jar:3.4.1]
	at org.springframework.boot.SpringApplication.refreshContext(SpringApplication.java:439) [spring-boot-3.4.1.jar:3.4.1]
	at org.springframework.boot.SpringApplication.run(SpringApplication.java:318) [spring-boot-3.4.1.jar:3.4.1]
	at org.springframework.boot.SpringApplication.run(SpringApplication.java:1361) [spring-boot-3.4.1.jar:3.4.1]
	at org.springframework.boot.SpringApplication.run(SpringApplication.java:1350) [spring-boot-3.4.1.jar:3.4.1]
	at com.ibrahim.bakkalApp.BakkalAppApplication.main(BakkalAppApplication.java:10) [classes/:?]
Caused by: java.lang.RuntimeException: Could not postProcess org.springframework.security.config.annotation.web.builders.WebSecurity@2a10a99b of type class org.springframework.security.config.annotation.web.builders.WebSecurity
	at org.springframework.security.config.annotation.configuration.AutowireBeanFactoryObjectPostProcessor.postProcess(AutowireBeanFactoryObjectPostProcessor.java:71) ~[spring-security-config-6.4.2.jar:6.4.2]
	at org.springframework.security.config.annotation.web.configuration.WebSecurityConfiguration.setFilterChainProxySecurityConfigurer(WebSecurityConfiguration.java:145) ~[spring-security-config-6.4.2.jar:6.4.2]
	at java.base/jdk.internal.reflect.DirectMethodHandleAccessor.invoke(DirectMethodHandleAccessor.java:103) ~[?:?]
	at java.base/java.lang.reflect.Method.invoke(Method.java:580) ~[?:?]
	at org.springframework.beans.factory.annotation.AutowiredAnnotationBeanPostProcessor$AutowiredMethodElement.inject(AutowiredAnnotationBeanPostProcessor.java:854) ~[spring-beans-6.2.1.jar:6.2.1]
	at org.springframework.beans.factory.annotation.InjectionMetadata.inject(InjectionMetadata.java:146) ~[spring-beans-6.2.1.jar:6.2.1]
	at org.springframework.beans.factory.annotation.AutowiredAnnotationBeanPostProcessor.postProcessProperties(AutowiredAnnotationBeanPostProcessor.java:509) ~[spring-beans-6.2.1.jar:6.2.1]
	... 19 more
Caused by: org.springframework.beans.factory.BeanCreationException: Error creating bean with name 'mvcHandlerMappingIntrospectorRequestTransformer': Cannot resolve reference to bean 'mvcHandlerMappingIntrospector' while setting constructor argument
	at org.springframework.beans.factory.support.BeanDefinitionValueResolver.resolveReference(BeanDefinitionValueResolver.java:377) ~[spring-beans-6.2.1.jar:6.2.1]
	at org.springframework.beans.factory.support.BeanDefinitionValueResolver.resolveValueIfNecessary(BeanDefinitionValueResolver.java:135) ~[spring-beans-6.2.1.jar:6.2.1]
	at org.springframework.beans.factory.support.ConstructorResolver.resolveConstructorArguments(ConstructorResolver.java:691) ~[spring-beans-6.2.1.jar:6.2.1]
	at org.springframework.beans.factory.support.ConstructorResolver.autowireConstructor(ConstructorResolver.java:206) ~[spring-beans-6.2.1.jar:6.2.1]
	at org.springframework.beans.factory.support.AbstractAutowireCapableBeanFactory.autowireConstructor(AbstractAutowireCapableBeanFactory.java:1377) ~[spring-beans-6.2.1.jar:6.2.1]
	at org.springframework.beans.factory.support.AbstractAutowireCapableBeanFactory.createBeanInstance(AbstractAutowireCapableBeanFactory.java:1214) ~[spring-beans-6.2.1.jar:6.2.1]
	at org.springframework.beans.factory.support.AbstractAutowireCapableBeanFactory.doCreateBean(AbstractAutowireCapableBeanFactory.java:563) ~[spring-beans-6.2.1.jar:6.2.1]
	at org.springframework.beans.factory.support.AbstractAutowireCapableBeanFactory.createBean(AbstractAutowireCapableBeanFactory.java:523) ~[spring-beans-6.2.1.jar:6.2.1]
	at org.springframework.beans.factory.support.AbstractBeanFactory.lambda$doGetBean$0(AbstractBeanFactory.java:336) ~[spring-beans-6.2.1.jar:6.2.1]
	at org.springframework.beans.factory.support.DefaultSingletonBeanRegistry.getSingleton(DefaultSingletonBeanRegistry.java:289) ~[spring-beans-6.2.1.jar:6.2.1]
	at org.springframework.beans.factory.support.AbstractBeanFactory.doGetBean(AbstractBeanFactory.java:334) ~[spring-beans-6.2.1.jar:6.2.1]
	at org.springframework.beans.factory.support.AbstractBeanFactory.getBean(AbstractBeanFactory.java:224) ~[spring-beans-6.2.1.jar:6.2.1]
	at org.springframework.beans.factory.support.DefaultListableBeanFactory.resolveNamedBean(DefaultListableBeanFactory.java:1489) ~[spring-beans-6.2.1.jar:6.2.1]
	at org.springframework.beans.factory.support.DefaultListableBeanFactory.resolveNamedBean(DefaultListableBeanFactory.java:1450) ~[spring-beans-6.2.1.jar:6.2.1]
	at org.springframework.beans.factory.support.DefaultListableBeanFactory.resolveBean(DefaultListableBeanFactory.java:516) ~[spring-beans-6.2.1.jar:6.2.1]
	at org.springframework.beans.factory.support.DefaultListableBeanFactory$1.getIfUnique(DefaultListableBeanFactory.java:468) ~[spring-beans-6.2.1.jar:6.2.1]
	at org.springframework.security.config.annotation.web.builders.WebSecurity.setApplicationContext(WebSecurity.java:428) ~[spring-security-config-6.4.2.jar:6.4.2]
	at org.springframework.context.support.ApplicationContextAwareProcessor.invokeAwareInterfaces(ApplicationContextAwareProcessor.java:110) ~[spring-context-6.2.1.jar:6.2.1]
	at org.springframework.context.support.ApplicationContextAwareProcessor.postProcessBeforeInitialization(ApplicationContextAwareProcessor.java:85) ~[spring-context-6.2.1.jar:6.2.1]
	at org.springframework.beans.factory.support.AbstractAutowireCapableBeanFactory.applyBeanPostProcessorsBeforeInitialization(AbstractAutowireCapableBeanFactory.java:423) ~[spring-beans-6.2.1.jar:6.2.1]
	at org.springframework.beans.factory.support.AbstractAutowireCapableBeanFactory.initializeBean(AbstractAutowireCapableBeanFactory.java:1800) ~[spring-beans-6.2.1.jar:6.2.1]
	at org.springframework.beans.factory.support.AbstractAutowireCapableBeanFactory.initializeBean(AbstractAutowireCapableBeanFactory.java:413) ~[spring-beans-6.2.1.jar:6.2.1]
	at org.springframework.security.config.annotation.configuration.AutowireBeanFactoryObjectPostProcessor.initializeBeanIfNeeded(AutowireBeanFactoryObjectPostProcessor.java:98) ~[spring-security-config-6.4.2.jar:6.4.2]
	at org.springframework.security.config.annotation.configuration.AutowireBeanFactoryObjectPostProcessor.postProcess(AutowireBeanFactoryObjectPostProcessor.java:67) ~[spring-security-config-6.4.2.jar:6.4.2]
	at org.springframework.security.config.annotation.web.configuration.WebSecurityConfiguration.setFilterChainProxySecurityConfigurer(WebSecurityConfiguration.java:145) ~[spring-security-config-6.4.2.jar:6.4.2]
	at java.base/jdk.internal.reflect.DirectMethodHandleAccessor.invoke(DirectMethodHandleAccessor.java:103) ~[?:?]
	at java.base/java.lang.reflect.Method.invoke(Method.java:580) ~[?:?]
	at org.springframework.beans.factory.annotation.AutowiredAnnotationBeanPostProcessor$AutowiredMethodElement.inject(AutowiredAnnotationBeanPostProcessor.java:854) ~[spring-beans-6.2.1.jar:6.2.1]
	at org.springframework.beans.factory.annotation.InjectionMetadata.inject(InjectionMetadata.java:146) ~[spring-beans-6.2.1.jar:6.2.1]
	at org.springframework.beans.factory.annotation.AutowiredAnnotationBeanPostProcessor.postProcessProperties(AutowiredAnnotationBeanPostProcessor.java:509) ~[spring-beans-6.2.1.jar:6.2.1]
	... 19 more
Caused by: org.springframework.beans.factory.BeanCreationException: Error creating bean with name 'mvcHandlerMappingIntrospector' defined in class path resource [org/springframework/boot/autoconfigure/web/servlet/WebMvcAutoConfiguration$EnableWebMvcConfiguration.class]: Error creating bean with name 'requestMappingHandlerMapping' defined in class path resource [org/springframework/boot/autoconfigure/web/servlet/WebMvcAutoConfiguration$EnableWebMvcConfiguration.class]: Ambiguous mapping. Cannot map 'productController' method 
com.ibrahim.bakkalApp.controller.ProductController#productManagement(Model)
to {GET [/admin/products]}: There is already 'adminController' bean method
com.ibrahim.bakkalApp.controller.AdminController#productsRedirect() mapped.
	at org.springframework.beans.factory.support.AbstractAutowireCapableBeanFactory.initializeBean(AbstractAutowireCapableBeanFactory.java:1808) ~[spring-beans-6.2.1.jar:6.2.1]
	at org.springframework.beans.factory.support.AbstractAutowireCapableBeanFactory.doCreateBean(AbstractAutowireCapableBeanFactory.java:601) ~[spring-beans-6.2.1.jar:6.2.1]
	at org.springframework.beans.factory.support.AbstractAutowireCapableBeanFactory.createBean(AbstractAutowireCapableBeanFactory.java:523) ~[spring-beans-6.2.1.jar:6.2.1]
	at org.springframework.beans.factory.support.AbstractBeanFactory.lambda$doGetBean$0(AbstractBeanFactory.java:336) ~[spring-beans-6.2.1.jar:6.2.1]
	at org.springframework.beans.factory.support.DefaultSingletonBeanRegistry.getSingleton(DefaultSingletonBeanRegistry.java:289) ~[spring-beans-6.2.1.jar:6.2.1]
	at org.springframework.beans.factory.support.AbstractBeanFactory.doGetBean(AbstractBeanFactory.java:334) ~[spring-beans-6.2.1.jar:6.2.1]
	at org.springframework.beans.factory.support.AbstractBeanFactory.getBean(AbstractBeanFactory.java:199) ~[spring-beans-6.2.1.jar:6.2.1]
	at org.springframework.beans.factory.support.BeanDefinitionValueResolver.resolveReference(BeanDefinitionValueResolver.java:365) ~[spring-beans-6.2.1.jar:6.2.1]
	at org.springframework.beans.factory.support.BeanDefinitionValueResolver.resolveValueIfNecessary(BeanDefinitionValueResolver.java:135) ~[spring-beans-6.2.1.jar:6.2.1]
	at org.springframework.beans.factory.support.ConstructorResolver.resolveConstructorArguments(ConstructorResolver.java:691) ~[spring-beans-6.2.1.jar:6.2.1]
	at org.springframework.beans.factory.support.ConstructorResolver.autowireConstructor(ConstructorResolver.java:206) ~[spring-beans-6.2.1.jar:6.2.1]
	at org.springframework.beans.factory.support.AbstractAutowireCapableBeanFactory.autowireConstructor(AbstractAutowireCapableBeanFactory.java:1377) ~[spring-beans-6.2.1.jar:6.2.1]
	at org.springframework.beans.factory.support.AbstractAutowireCapableBeanFactory.createBeanInstance(AbstractAutowireCapableBeanFactory.java:1214) ~[spring-beans-6.2.1.jar:6.2.1]
	at org.springframework.beans.factory.support.AbstractAutowireCapableBeanFactory.doCreateBean(AbstractAutowireCapableBeanFactory.java:563) ~[spring-beans-6.2.1.jar:6.2.1]
	at org.springframework.beans.factory.support.AbstractAutowireCapableBeanFactory.createBean(AbstractAutowireCapableBeanFactory.java:523) ~[spring-beans-6.2.1.jar:6.2.1]
	at org.springframework.beans.factory.support.AbstractBeanFactory.lambda$doGetBean$0(AbstractBeanFactory.java:336) ~[spring-beans-6.2.1.jar:6.2.1]
	at org.springframework.beans.factory.support.DefaultSingletonBeanRegistry.getSingleton(DefaultSingletonBeanRegistry.java:289) ~[spring-beans-6.2.1.jar:6.2.1]
	at org.springframework.beans.factory.support.AbstractBeanFactory.doGetBean(AbstractBeanFactory.java:334) ~[spring-beans-6.2.1.jar:6.2.1]
	at org.springframework.beans.factory.support.AbstractBeanFactory.getBean(AbstractBeanFactory.java:224) ~[spring-beans-6.2.1.jar:6.2.1]
	at org.springframework.beans.factory.support.DefaultListableBeanFactory.resolveNamedBean(DefaultListableBeanFactory.java:1489) ~[spring-beans-6.2.1.jar:6.2.1]
	at org.springframework.beans.factory.support.DefaultListableBeanFactory.resolveNamedBean(DefaultListableBeanFactory.java:1450) ~[spring-beans-6.2.1.jar:6.2.1]
	at org.springframework.beans.factory.support.DefaultListableBeanFactory.resolveBean(DefaultListableBeanFactory.java:516) ~[spring-beans-6.2.1.jar:6.2.1]
	at org.springframework.beans.factory.support.DefaultListableBeanFactory$1.getIfUnique(DefaultListableBeanFactory.java:468) ~[spring-beans-6.2.1.jar:6.2.1]
	at org.springframework.security.config.annotation.web.builders.WebSecurity.setApplicationContext(WebSecurity.java:428) ~[spring-security-config-6.4.2.jar:6.4.2]
	at org.springframework.context.support.ApplicationContextAwareProcessor.invokeAwareInterfaces(ApplicationContextAwareProcessor.java:110) ~[spring-context-6.2.1.jar:6.2.1]
	at org.springframework.context.support.ApplicationContextAwareProcessor.postProcessBeforeInitialization(ApplicationContextAwareProcessor.java:85) ~[spring-context-6.2.1.jar:6.2.1]
	at org.springframework.beans.factory.support.AbstractAutowireCapableBeanFactory.applyBeanPostProcessorsBeforeInitialization(AbstractAutowireCapableBeanFactory.java:423) ~[spring-beans-6.2.1.jar:6.2.1]
	at org.springframework.beans.factory.support.AbstractAutowireCapableBeanFactory.initializeBean(AbstractAutowireCapableBeanFactory.java:1800) ~[spring-beans-6.2.1.jar:6.2.1]
	at org.springframework.beans.factory.support.AbstractAutowireCapableBeanFactory.initializeBean(AbstractAutowireCapableBeanFactory.java:413) ~[spring-beans-6.2.1.jar:6.2.1]
	at org.springframework.security.config.annotation.configuration.AutowireBeanFactoryObjectPostProcessor.initializeBeanIfNeeded(AutowireBeanFactoryObjectPostProcessor.java:98) ~[spring-security-config-6.4.2.jar:6.4.2]
	at org.springframework.security.config.annotation.configuration.AutowireBeanFactoryObjectPostProcessor.postProcess(AutowireBeanFactoryObjectPostProcessor.java:67) ~[spring-security-config-6.4.2.jar:6.4.2]
	at org.springframework.security.config.annotation.web.configuration.WebSecurityConfiguration.setFilterChainProxySecurityConfigurer(WebSecurityConfiguration.java:145) ~[spring-security-config-6.4.2.jar:6.4.2]
	at java.base/jdk.internal.reflect.DirectMethodHandleAccessor.invoke(DirectMethodHandleAccessor.java:103) ~[?:?]
	at java.base/java.lang.reflect.Method.invoke(Method.java:580) ~[?:?]
	at org.springframework.beans.factory.annotation.AutowiredAnnotationBeanPostProcessor$AutowiredMethodElement.inject(AutowiredAnnotationBeanPostProcessor.java:854) ~[spring-beans-6.2.1.jar:6.2.1]
	at org.springframework.beans.factory.annotation.InjectionMetadata.inject(InjectionMetadata.java:146) ~[spring-beans-6.2.1.jar:6.2.1]
	at org.springframework.beans.factory.annotation.AutowiredAnnotationBeanPostProcessor.postProcessProperties(AutowiredAnnotationBeanPostProcessor.java:509) ~[spring-beans-6.2.1.jar:6.2.1]
	... 19 more
Caused by: org.springframework.beans.factory.BeanCreationException: Error creating bean with name 'requestMappingHandlerMapping' defined in class path resource [org/springframework/boot/autoconfigure/web/servlet/WebMvcAutoConfiguration$EnableWebMvcConfiguration.class]: Ambiguous mapping. Cannot map 'productController' method 
com.ibrahim.bakkalApp.controller.ProductController#productManagement(Model)
to {GET [/admin/products]}: There is already 'adminController' bean method
com.ibrahim.bakkalApp.controller.AdminController#productsRedirect() mapped.
	at org.springframework.beans.factory.support.AbstractAutowireCapableBeanFactory.initializeBean(AbstractAutowireCapableBeanFactory.java:1808) ~[spring-beans-6.2.1.jar:6.2.1]
	at org.springframework.beans.factory.support.AbstractAutowireCapableBeanFactory.doCreateBean(AbstractAutowireCapableBeanFactory.java:601) ~[spring-beans-6.2.1.jar:6.2.1]
	at org.springframework.beans.factory.support.AbstractAutowireCapableBeanFactory.createBean(AbstractAutowireCapableBeanFactory.java:523) ~[spring-beans-6.2.1.jar:6.2.1]
	at org.springframework.beans.factory.support.AbstractBeanFactory.lambda$doGetBean$0(AbstractBeanFactory.java:336) ~[spring-beans-6.2.1.jar:6.2.1]
	at org.springframework.beans.factory.support.DefaultSingletonBeanRegistry.getSingleton(DefaultSingletonBeanRegistry.java:289) ~[spring-beans-6.2.1.jar:6.2.1]
	at org.springframework.beans.factory.support.AbstractBeanFactory.doGetBean(AbstractBeanFactory.java:334) ~[spring-beans-6.2.1.jar:6.2.1]
	at org.springframework.beans.factory.support.AbstractBeanFactory.getBean(AbstractBeanFactory.java:199) ~[spring-beans-6.2.1.jar:6.2.1]
	at org.springframework.beans.factory.support.DefaultListableBeanFactory.getBeansOfType(DefaultListableBeanFactory.java:695) ~[spring-beans-6.2.1.jar:6.2.1]
	at org.springframework.context.support.AbstractApplicationContext.getBeansOfType(AbstractApplicationContext.java:1426) ~[spring-context-6.2.1.jar:6.2.1]
	at org.springframework.beans.factory.BeanFactoryUtils.beansOfTypeIncludingAncestors(BeanFactoryUtils.java:368) ~[spring-beans-6.2.1.jar:6.2.1]
	at org.springframework.web.servlet.handler.HandlerMappingIntrospector.initHandlerMappings(HandlerMappingIntrospector.java:135) ~[spring-webmvc-6.2.1.jar:6.2.1]
	at org.springframework.web.servlet.handler.HandlerMappingIntrospector.afterPropertiesSet(HandlerMappingIntrospector.java:123) ~[spring-webmvc-6.2.1.jar:6.2.1]
	at org.springframework.beans.factory.support.AbstractAutowireCapableBeanFactory.invokeInitMethods(AbstractAutowireCapableBeanFactory.java:1855) ~[spring-beans-6.2.1.jar:6.2.1]
	at org.springframework.beans.factory.support.AbstractAutowireCapableBeanFactory.initializeBean(AbstractAutowireCapableBeanFactory.java:1804) ~[spring-beans-6.2.1.jar:6.2.1]
	at org.springframework.beans.factory.support.AbstractAutowireCapableBeanFactory.doCreateBean(AbstractAutowireCapableBeanFactory.java:601) ~[spring-beans-6.2.1.jar:6.2.1]
	at org.springframework.beans.factory.support.AbstractAutowireCapableBeanFactory.createBean(AbstractAutowireCapableBeanFactory.java:523) ~[spring-beans-6.2.1.jar:6.2.1]
	at org.springframework.beans.factory.support.AbstractBeanFactory.lambda$doGetBean$0(AbstractBeanFactory.java:336) ~[spring-beans-6.2.1.jar:6.2.1]
	at org.springframework.beans.factory.support.DefaultSingletonBeanRegistry.getSingleton(DefaultSingletonBeanRegistry.java:289) ~[spring-beans-6.2.1.jar:6.2.1]
	at org.springframework.beans.factory.support.AbstractBeanFactory.doGetBean(AbstractBeanFactory.java:334) ~[spring-beans-6.2.1.jar:6.2.1]
	at org.springframework.beans.factory.support.AbstractBeanFactory.getBean(AbstractBeanFactory.java:199) ~[spring-beans-6.2.1.jar:6.2.1]
	at org.springframework.beans.factory.support.BeanDefinitionValueResolver.resolveReference(BeanDefinitionValueResolver.java:365) ~[spring-beans-6.2.1.jar:6.2.1]
	at org.springframework.beans.factory.support.BeanDefinitionValueResolver.resolveValueIfNecessary(BeanDefinitionValueResolver.java:135) ~[spring-beans-6.2.1.jar:6.2.1]
	at org.springframework.beans.factory.support.ConstructorResolver.resolveConstructorArguments(ConstructorResolver.java:691) ~[spring-beans-6.2.1.jar:6.2.1]
	at org.springframework.beans.factory.support.ConstructorResolver.autowireConstructor(ConstructorResolver.java:206) ~[spring-beans-6.2.1.jar:6.2.1]
	at org.springframework.beans.factory.support.AbstractAutowireCapableBeanFactory.autowireConstructor(AbstractAutowireCapableBeanFactory.java:1377) ~[spring-beans-6.2.1.jar:6.2.1]
	at org.springframework.beans.factory.support.AbstractAutowireCapableBeanFactory.createBeanInstance(AbstractAutowireCapableBeanFactory.java:1214) ~[spring-beans-6.2.1.jar:6.2.1]
	at org.springframework.beans.factory.support.AbstractAutowireCapableBeanFactory.doCreateBean(AbstractAutowireCapableBeanFactory.java:563) ~[spring-beans-6.2.1.jar:6.2.1]
	at org.springframework.beans.factory.support.AbstractAutowireCapableBeanFactory.createBean(AbstractAutowireCapableBeanFactory.java:523) ~[spring-beans-6.2.1.jar:6.2.1]
	at org.springframework.beans.factory.support.AbstractBeanFactory.lambda$doGetBean$0(AbstractBeanFactory.java:336) ~[spring-beans-6.2.1.jar:6.2.1]
	at org.springframework.beans.factory.support.DefaultSingletonBeanRegistry.getSingleton(DefaultSingletonBeanRegistry.java:289) ~[spring-beans-6.2.1.jar:6.2.1]
	at org.springframework.beans.factory.support.AbstractBeanFactory.doGetBean(AbstractBeanFactory.java:334) ~[spring-beans-6.2.1.jar:6.2.1]
	at org.springframework.beans.factory.support.AbstractBeanFactory.getBean(AbstractBeanFactory.java:224) ~[spring-beans-6.2.1.jar:6.2.1]
	at org.springframework.beans.factory.support.DefaultListableBeanFactory.resolveNamedBean(DefaultListableBeanFactory.java:1489) ~[spring-beans-6.2.1.jar:6.2.1]
	at org.springframework.beans.factory.support.DefaultListableBeanFactory.resolveNamedBean(DefaultListableBeanFactory.java:1450) ~[spring-beans-6.2.1.jar:6.2.1]
	at org.springframework.beans.factory.support.DefaultListableBeanFactory.resolveBean(DefaultListableBeanFactory.java:516) ~[spring-beans-6.2.1.jar:6.2.1]
	at org.springframework.beans.factory.support.DefaultListableBeanFactory$1.getIfUnique(DefaultListableBeanFactory.java:468) ~[spring-beans-6.2.1.jar:6.2.1]
	at org.springframework.security.config.annotation.web.builders.WebSecurity.setApplicationContext(WebSecurity.java:428) ~[spring-security-config-6.4.2.jar:6.4.2]
	at org.springframework.context.support.ApplicationContextAwareProcessor.invokeAwareInterfaces(ApplicationContextAwareProcessor.java:110) ~[spring-context-6.2.1.jar:6.2.1]
	at org.springframework.context.support.ApplicationContextAwareProcessor.postProcessBeforeInitialization(ApplicationContextAwareProcessor.java:85) ~[spring-context-6.2.1.jar:6.2.1]
	at org.springframework.beans.factory.support.AbstractAutowireCapableBeanFactory.applyBeanPostProcessorsBeforeInitialization(AbstractAutowireCapableBeanFactory.java:423) ~[spring-beans-6.2.1.jar:6.2.1]
	at org.springframework.beans.factory.support.AbstractAutowireCapableBeanFactory.initializeBean(AbstractAutowireCapableBeanFactory.java:1800) ~[spring-beans-6.2.1.jar:6.2.1]
	at org.springframework.beans.factory.support.AbstractAutowireCapableBeanFactory.initializeBean(AbstractAutowireCapableBeanFactory.java:413) ~[spring-beans-6.2.1.jar:6.2.1]
	at org.springframework.security.config.annotation.configuration.AutowireBeanFactoryObjectPostProcessor.initializeBeanIfNeeded(AutowireBeanFactoryObjectPostProcessor.java:98) ~[spring-security-config-6.4.2.jar:6.4.2]
	at org.springframework.security.config.annotation.configuration.AutowireBeanFactoryObjectPostProcessor.postProcess(AutowireBeanFactoryObjectPostProcessor.java:67) ~[spring-security-config-6.4.2.jar:6.4.2]
	at org.springframework.security.config.annotation.web.configuration.WebSecurityConfiguration.setFilterChainProxySecurityConfigurer(WebSecurityConfiguration.java:145) ~[spring-security-config-6.4.2.jar:6.4.2]
	at java.base/jdk.internal.reflect.DirectMethodHandleAccessor.invoke(DirectMethodHandleAccessor.java:103) ~[?:?]
	at java.base/java.lang.reflect.Method.invoke(Method.java:580) ~[?:?]
	at org.springframework.beans.factory.annotation.AutowiredAnnotationBeanPostProcessor$AutowiredMethodElement.inject(AutowiredAnnotationBeanPostProcessor.java:854) ~[spring-beans-6.2.1.jar:6.2.1]
	at org.springframework.beans.factory.annotation.InjectionMetadata.inject(InjectionMetadata.java:146) ~[spring-beans-6.2.1.jar:6.2.1]
	at org.springframework.beans.factory.annotation.AutowiredAnnotationBeanPostProcessor.postProcessProperties(AutowiredAnnotationBeanPostProcessor.java:509) ~[spring-beans-6.2.1.jar:6.2.1]
	... 19 more
Caused by: java.lang.IllegalStateException: Ambiguous mapping. Cannot map 'productController' method 
com.ibrahim.bakkalApp.controller.ProductController#productManagement(Model)
to {GET [/admin/products]}: There is already 'adminController' bean method
com.ibrahim.bakkalApp.controller.AdminController#productsRedirect() mapped.
	at org.springframework.web.servlet.handler.AbstractHandlerMethodMapping$MappingRegistry.validateMethodMapping(AbstractHandlerMethodMapping.java:675) ~[spring-webmvc-6.2.1.jar:6.2.1]
	at org.springframework.web.servlet.handler.AbstractHandlerMethodMapping$MappingRegistry.register(AbstractHandlerMethodMapping.java:637) ~[spring-webmvc-6.2.1.jar:6.2.1]
	at org.springframework.web.servlet.handler.AbstractHandlerMethodMapping.registerHandlerMethod(AbstractHandlerMethodMapping.java:331) ~[spring-webmvc-6.2.1.jar:6.2.1]
	at org.springframework.web.servlet.mvc.method.annotation.RequestMappingHandlerMapping.registerHandlerMethod(RequestMappingHandlerMapping.java:509) ~[spring-webmvc-6.2.1.jar:6.2.1]
	at org.springframework.web.servlet.mvc.method.annotation.RequestMappingHandlerMapping.registerHandlerMethod(RequestMappingHandlerMapping.java:84) ~[spring-webmvc-6.2.1.jar:6.2.1]
	at org.springframework.web.servlet.handler.AbstractHandlerMethodMapping.lambda$detectHandlerMethods$2(AbstractHandlerMethodMapping.java:298) ~[spring-webmvc-6.2.1.jar:6.2.1]
	at java.base/java.util.LinkedHashMap.forEach(LinkedHashMap.java:987) ~[?:?]
	at org.springframework.web.servlet.handler.AbstractHandlerMethodMapping.detectHandlerMethods(AbstractHandlerMethodMapping.java:296) ~[spring-webmvc-6.2.1.jar:6.2.1]
	at org.springframework.web.servlet.handler.AbstractHandlerMethodMapping.processCandidateBean(AbstractHandlerMethodMapping.java:265) ~[spring-webmvc-6.2.1.jar:6.2.1]
	at org.springframework.web.servlet.handler.AbstractHandlerMethodMapping.initHandlerMethods(AbstractHandlerMethodMapping.java:224) ~[spring-webmvc-6.2.1.jar:6.2.1]
	at org.springframework.web.servlet.handler.AbstractHandlerMethodMapping.afterPropertiesSet(AbstractHandlerMethodMapping.java:212) ~[spring-webmvc-6.2.1.jar:6.2.1]
	at org.springframework.web.servlet.mvc.method.annotation.RequestMappingHandlerMapping.afterPropertiesSet(RequestMappingHandlerMapping.java:239) ~[spring-webmvc-6.2.1.jar:6.2.1]
	at org.springframework.beans.factory.support.AbstractAutowireCapableBeanFactory.invokeInitMethods(AbstractAutowireCapableBeanFactory.java:1855) ~[spring-beans-6.2.1.jar:6.2.1]
	at org.springframework.beans.factory.support.AbstractAutowireCapableBeanFactory.initializeBean(AbstractAutowireCapableBeanFactory.java:1804) ~[spring-beans-6.2.1.jar:6.2.1]
	at org.springframework.beans.factory.support.AbstractAutowireCapableBeanFactory.doCreateBean(AbstractAutowireCapableBeanFactory.java:601) ~[spring-beans-6.2.1.jar:6.2.1]
	at org.springframework.beans.factory.support.AbstractAutowireCapableBeanFactory.createBean(AbstractAutowireCapableBeanFactory.java:523) ~[spring-beans-6.2.1.jar:6.2.1]
	at org.springframework.beans.factory.support.AbstractBeanFactory.lambda$doGetBean$0(AbstractBeanFactory.java:336) ~[spring-beans-6.2.1.jar:6.2.1]
	at org.springframework.beans.factory.support.DefaultSingletonBeanRegistry.getSingleton(DefaultSingletonBeanRegistry.java:289) ~[spring-beans-6.2.1.jar:6.2.1]
	at org.springframework.beans.factory.support.AbstractBeanFactory.doGetBean(AbstractBeanFactory.java:334) ~[spring-beans-6.2.1.jar:6.2.1]
	at org.springframework.beans.factory.support.AbstractBeanFactory.getBean(AbstractBeanFactory.java:199) ~[spring-beans-6.2.1.jar:6.2.1]
	at org.springframework.beans.factory.support.DefaultListableBeanFactory.getBeansOfType(DefaultListableBeanFactory.java:695) ~[spring-beans-6.2.1.jar:6.2.1]
	at org.springframework.context.support.AbstractApplicationContext.getBeansOfType(AbstractApplicationContext.java:1426) ~[spring-context-6.2.1.jar:6.2.1]
	at org.springframework.beans.factory.BeanFactoryUtils.beansOfTypeIncludingAncestors(BeanFactoryUtils.java:368) ~[spring-beans-6.2.1.jar:6.2.1]
	at org.springframework.web.servlet.handler.HandlerMappingIntrospector.initHandlerMappings(HandlerMappingIntrospector.java:135) ~[spring-webmvc-6.2.1.jar:6.2.1]
	at org.springframework.web.servlet.handler.HandlerMappingIntrospector.afterPropertiesSet(HandlerMappingIntrospector.java:123) ~[spring-webmvc-6.2.1.jar:6.2.1]
	at org.springframework.beans.factory.support.AbstractAutowireCapableBeanFactory.invokeInitMethods(AbstractAutowireCapableBeanFactory.java:1855) ~[spring-beans-6.2.1.jar:6.2.1]
	at org.springframework.beans.factory.support.AbstractAutowireCapableBeanFactory.initializeBean(AbstractAutowireCapableBeanFactory.java:1804) ~[spring-beans-6.2.1.jar:6.2.1]
	at org.springframework.beans.factory.support.AbstractAutowireCapableBeanFactory.doCreateBean(AbstractAutowireCapableBeanFactory.java:601) ~[spring-beans-6.2.1.jar:6.2.1]
	at org.springframework.beans.factory.support.AbstractAutowireCapableBeanFactory.createBean(AbstractAutowireCapableBeanFactory.java:523) ~[spring-beans-6.2.1.jar:6.2.1]
	at org.springframework.beans.factory.support.AbstractBeanFactory.lambda$doGetBean$0(AbstractBeanFactory.java:336) ~[spring-beans-6.2.1.jar:6.2.1]
	at org.springframework.beans.factory.support.DefaultSingletonBeanRegistry.getSingleton(DefaultSingletonBeanRegistry.java:289) ~[spring-beans-6.2.1.jar:6.2.1]
	at org.springframework.beans.factory.support.AbstractBeanFactory.doGetBean(AbstractBeanFactory.java:334) ~[spring-beans-6.2.1.jar:6.2.1]
	at org.springframework.beans.factory.support.AbstractBeanFactory.getBean(AbstractBeanFactory.java:199) ~[spring-beans-6.2.1.jar:6.2.1]
	at org.springframework.beans.factory.support.BeanDefinitionValueResolver.resolveReference(BeanDefinitionValueResolver.java:365) ~[spring-beans-6.2.1.jar:6.2.1]
	at org.springframework.beans.factory.support.BeanDefinitionValueResolver.resolveValueIfNecessary(BeanDefinitionValueResolver.java:135) ~[spring-beans-6.2.1.jar:6.2.1]
	at org.springframework.beans.factory.support.ConstructorResolver.resolveConstructorArguments(ConstructorResolver.java:691) ~[spring-beans-6.2.1.jar:6.2.1]
	at org.springframework.beans.factory.support.ConstructorResolver.autowireConstructor(ConstructorResolver.java:206) ~[spring-beans-6.2.1.jar:6.2.1]
	at org.springframework.beans.factory.support.AbstractAutowireCapableBeanFactory.autowireConstructor(AbstractAutowireCapableBeanFactory.java:1377) ~[spring-beans-6.2.1.jar:6.2.1]
	at org.springframework.beans.factory.support.AbstractAutowireCapableBeanFactory.createBeanInstance(AbstractAutowireCapableBeanFactory.java:1214) ~[spring-beans-6.2.1.jar:6.2.1]
	at org.springframework.beans.factory.support.AbstractAutowireCapableBeanFactory.doCreateBean(AbstractAutowireCapableBeanFactory.java:563) ~[spring-beans-6.2.1.jar:6.2.1]
	at org.springframework.beans.factory.support.AbstractAutowireCapableBeanFactory.createBean(AbstractAutowireCapableBeanFactory.java:523) ~[spring-beans-6.2.1.jar:6.2.1]
	at org.springframework.beans.factory.support.AbstractBeanFactory.lambda$doGetBean$0(AbstractBeanFactory.java:336) ~[spring-beans-6.2.1.jar:6.2.1]
	at org.springframework.beans.factory.support.DefaultSingletonBeanRegistry.getSingleton(DefaultSingletonBeanRegistry.java:289) ~[spring-beans-6.2.1.jar:6.2.1]
	at org.springframework.beans.factory.support.AbstractBeanFactory.doGetBean(AbstractBeanFactory.java:334) ~[spring-beans-6.2.1.jar:6.2.1]
	at org.springframework.beans.factory.support.AbstractBeanFactory.getBean(AbstractBeanFactory.java:224) ~[spring-beans-6.2.1.jar:6.2.1]
	at org.springframework.beans.factory.support.DefaultListableBeanFactory.resolveNamedBean(DefaultListableBeanFactory.java:1489) ~[spring-beans-6.2.1.jar:6.2.1]
	at org.springframework.beans.factory.support.DefaultListableBeanFactory.resolveNamedBean(DefaultListableBeanFactory.java:1450) ~[spring-beans-6.2.1.jar:6.2.1]
	at org.springframework.beans.factory.support.DefaultListableBeanFactory.resolveBean(DefaultListableBeanFactory.java:516) ~[spring-beans-6.2.1.jar:6.2.1]
	at org.springframework.beans.factory.support.DefaultListableBeanFactory$1.getIfUnique(DefaultListableBeanFactory.java:468) ~[spring-beans-6.2.1.jar:6.2.1]
	at org.springframework.security.config.annotation.web.builders.WebSecurity.setApplicationContext(WebSecurity.java:428) ~[spring-security-config-6.4.2.jar:6.4.2]
	at org.springframework.context.support.ApplicationContextAwareProcessor.invokeAwareInterfaces(ApplicationContextAwareProcessor.java:110) ~[spring-context-6.2.1.jar:6.2.1]
	at org.springframework.context.support.ApplicationContextAwareProcessor.postProcessBeforeInitialization(ApplicationContextAwareProcessor.java:85) ~[spring-context-6.2.1.jar:6.2.1]
	at org.springframework.beans.factory.support.AbstractAutowireCapableBeanFactory.applyBeanPostProcessorsBeforeInitialization(AbstractAutowireCapableBeanFactory.java:423) ~[spring-beans-6.2.1.jar:6.2.1]
	at org.springframework.beans.factory.support.AbstractAutowireCapableBeanFactory.initializeBean(AbstractAutowireCapableBeanFactory.java:1800) ~[spring-beans-6.2.1.jar:6.2.1]
	at org.springframework.beans.factory.support.AbstractAutowireCapableBeanFactory.initializeBean(AbstractAutowireCapableBeanFactory.java:413) ~[spring-beans-6.2.1.jar:6.2.1]
	at org.springframework.security.config.annotation.configuration.AutowireBeanFactoryObjectPostProcessor.initializeBeanIfNeeded(AutowireBeanFactoryObjectPostProcessor.java:98) ~[spring-security-config-6.4.2.jar:6.4.2]
	at org.springframework.security.config.annotation.configuration.AutowireBeanFactoryObjectPostProcessor.postProcess(AutowireBeanFactoryObjectPostProcessor.java:67) ~[spring-security-config-6.4.2.jar:6.4.2]
	at org.springframework.security.config.annotation.web.configuration.WebSecurityConfiguration.setFilterChainProxySecurityConfigurer(WebSecurityConfiguration.java:145) ~[spring-security-config-6.4.2.jar:6.4.2]
	at java.base/jdk.internal.reflect.DirectMethodHandleAccessor.invoke(DirectMethodHandleAccessor.java:103) ~[?:?]
	at java.base/java.lang.reflect.Method.invoke(Method.java:580) ~[?:?]
	at org.springframework.beans.factory.annotation.AutowiredAnnotationBeanPostProcessor$AutowiredMethodElement.inject(AutowiredAnnotationBeanPostProcessor.java:854) ~[spring-beans-6.2.1.jar:6.2.1]
	at org.springframework.beans.factory.annotation.InjectionMetadata.inject(InjectionMetadata.java:146) ~[spring-beans-6.2.1.jar:6.2.1]
	at org.springframework.beans.factory.annotation.AutowiredAnnotationBeanPostProcessor.postProcessProperties(AutowiredAnnotationBeanPostProcessor.java:509) ~[spring-beans-6.2.1.jar:6.2.1]
	... 19 more
2026-02-20 11:40:35.436 [main] INFO  com.ibrahim.bakkalApp.BakkalAppApplication - Starting BakkalAppApplication using Java 23.0.1 with PID 24820 (C:\Users\8063\IdeaProjects\bakkalApp\bakkalApp\target\classes started by 8063 in C:\Users\8063\IdeaProjects\bakkalApp\bakkalApp)
2026-02-20 11:40:35.460 [main] INFO  com.ibrahim.bakkalApp.BakkalAppApplication - No active profile set, falling back to 1 default profile: "default"
2026-02-20 11:40:36.968 [main] INFO  org.springframework.data.repository.config.RepositoryConfigurationDelegate - Bootstrapping Spring Data JPA repositories in DEFAULT mode.
2026-02-20 11:40:37.074 [main] INFO  org.springframework.data.repository.config.RepositoryConfigurationDelegate - Finished Spring Data repository scanning in 85 ms. Found 5 JPA repository interfaces.
2026-02-20 11:40:37.891 [main] INFO  org.springframework.boot.web.embedded.tomcat.TomcatWebServer - Tomcat initialized with port 8085 (http)
2026-02-20 11:40:37.928 [main] INFO  org.apache.coyote.http11.Http11NioProtocol - Initializing ProtocolHandler ["http-nio-8085"]
2026-02-20 11:40:37.934 [main] INFO  org.apache.catalina.core.StandardService - Starting service [Tomcat]
2026-02-20 11:40:37.935 [main] INFO  org.apache.catalina.core.StandardEngine - Starting Servlet engine: [Apache Tomcat/10.1.34]
2026-02-20 11:40:38.015 [main] INFO  org.apache.catalina.core.ContainerBase.[Tomcat].[localhost].[/] - Initializing Spring embedded WebApplicationContext
2026-02-20 11:40:38.017 [main] INFO  org.springframework.boot.web.servlet.context.ServletWebServerApplicationContext - Root WebApplicationContext: initialization completed in 2424 ms
2026-02-20 11:40:38.934 [main] INFO  org.springframework.orm.jpa.persistenceunit.SpringPersistenceUnitInfo - No LoadTimeWeaver setup: ignoring JPA class transformer
2026-02-20 11:40:38.985 [main] INFO  com.zaxxer.hikari.HikariDataSource - HikariPool-1 - Starting...
2026-02-20 11:40:39.290 [main] INFO  com.zaxxer.hikari.pool.HikariPool - HikariPool-1 - Added connection conn0: url=jdbc:h2:file:./data/testdb user=SA
2026-02-20 11:40:39.295 [main] INFO  com.zaxxer.hikari.HikariDataSource - HikariPool-1 - Start completed.
2026-02-20 11:40:39.354 [main] WARN  org.hibernate.orm.deprecation - HHH90000025: H2Dialect does not need to be specified explicitly using 'hibernate.dialect' (remove the property setting and it will be selected by default)
2026-02-20 11:40:40.815 [main] INFO  org.springframework.orm.jpa.LocalContainerEntityManagerFactoryBean - Initialized JPA EntityManagerFactory for persistence unit 'default'
2026-02-20 11:40:41.672 [main] INFO  org.springframework.security.config.annotation.authentication.configuration.InitializeUserDetailsBeanManagerConfigurer$InitializeUserDetailsManagerConfigurer - Global AuthenticationManager configured with UserDetailsService bean with name customUserDetailsService
2026-02-20 11:40:41.883 [main] WARN  org.springframework.boot.web.servlet.context.AnnotationConfigServletWebServerApplicationContext - Exception encountered during context initialization - cancelling refresh attempt: org.springframework.beans.factory.BeanCreationException: Error creating bean with name 'org.springframework.security.config.annotation.web.configuration.WebSecurityConfiguration': Injection of autowired dependencies failed
2026-02-20 11:40:41.885 [main] INFO  org.springframework.orm.jpa.LocalContainerEntityManagerFactoryBean - Closing JPA EntityManagerFactory for persistence unit 'default'
2026-02-20 11:40:41.887 [main] INFO  com.zaxxer.hikari.HikariDataSource - HikariPool-1 - Shutdown initiated...
2026-02-20 11:40:41.906 [main] INFO  com.zaxxer.hikari.HikariDataSource - HikariPool-1 - Shutdown completed.
2026-02-20 11:40:41.909 [main] INFO  org.apache.catalina.core.StandardService - Stopping service [Tomcat]
2026-02-20 11:40:41.938 [main] INFO  org.springframework.boot.autoconfigure.logging.ConditionEvaluationReportLogger - 

Error starting ApplicationContext. To display the condition evaluation report re-run your application with 'debug' enabled.
2026-02-20 11:40:41.976 [main] ERROR org.springframework.boot.SpringApplication - Application run failed
org.springframework.beans.factory.BeanCreationException: Error creating bean with name 'org.springframework.security.config.annotation.web.configuration.WebSecurityConfiguration': Injection of autowired dependencies failed
	at org.springframework.beans.factory.annotation.AutowiredAnnotationBeanPostProcessor.postProcessProperties(AutowiredAnnotationBeanPostProcessor.java:515) ~[spring-beans-6.2.1.jar:6.2.1]
	at org.springframework.beans.factory.support.AbstractAutowireCapableBeanFactory.populateBean(AbstractAutowireCapableBeanFactory.java:1441) ~[spring-beans-6.2.1.jar:6.2.1]
	at org.springframework.beans.factory.support.AbstractAutowireCapableBeanFactory.doCreateBean(AbstractAutowireCapableBeanFactory.java:600) ~[spring-beans-6.2.1.jar:6.2.1]
	at org.springframework.beans.factory.support.AbstractAutowireCapableBeanFactory.createBean(AbstractAutowireCapableBeanFactory.java:523) ~[spring-beans-6.2.1.jar:6.2.1]
	at org.springframework.beans.factory.support.AbstractBeanFactory.lambda$doGetBean$0(AbstractBeanFactory.java:336) ~[spring-beans-6.2.1.jar:6.2.1]
	at org.springframework.beans.factory.support.DefaultSingletonBeanRegistry.getSingleton(DefaultSingletonBeanRegistry.java:289) ~[spring-beans-6.2.1.jar:6.2.1]
	at org.springframework.beans.factory.support.AbstractBeanFactory.doGetBean(AbstractBeanFactory.java:334) ~[spring-beans-6.2.1.jar:6.2.1]
	at org.springframework.beans.factory.support.AbstractBeanFactory.getBean(AbstractBeanFactory.java:199) ~[spring-beans-6.2.1.jar:6.2.1]
	at org.springframework.beans.factory.support.DefaultListableBeanFactory.instantiateSingleton(DefaultListableBeanFactory.java:1122) ~[spring-beans-6.2.1.jar:6.2.1]
	at org.springframework.beans.factory.support.DefaultListableBeanFactory.preInstantiateSingleton(DefaultListableBeanFactory.java:1093) ~[spring-beans-6.2.1.jar:6.2.1]
	at org.springframework.beans.factory.support.DefaultListableBeanFactory.preInstantiateSingletons(DefaultListableBeanFactory.java:1030) ~[spring-beans-6.2.1.jar:6.2.1]
	at org.springframework.context.support.AbstractApplicationContext.finishBeanFactoryInitialization(AbstractApplicationContext.java:987) ~[spring-context-6.2.1.jar:6.2.1]
	at org.springframework.context.support.AbstractApplicationContext.refresh(AbstractApplicationContext.java:627) ~[spring-context-6.2.1.jar:6.2.1]
	at org.springframework.boot.web.servlet.context.ServletWebServerApplicationContext.refresh(ServletWebServerApplicationContext.java:146) ~[spring-boot-3.4.1.jar:3.4.1]
	at org.springframework.boot.SpringApplication.refresh(SpringApplication.java:752) [spring-boot-3.4.1.jar:3.4.1]
	at org.springframework.boot.SpringApplication.refreshContext(SpringApplication.java:439) [spring-boot-3.4.1.jar:3.4.1]
	at org.springframework.boot.SpringApplication.run(SpringApplication.java:318) [spring-boot-3.4.1.jar:3.4.1]
	at org.springframework.boot.SpringApplication.run(SpringApplication.java:1361) [spring-boot-3.4.1.jar:3.4.1]
	at org.springframework.boot.SpringApplication.run(SpringApplication.java:1350) [spring-boot-3.4.1.jar:3.4.1]
	at com.ibrahim.bakkalApp.BakkalAppApplication.main(BakkalAppApplication.java:10) [classes/:?]
Caused by: java.lang.RuntimeException: Could not postProcess org.springframework.security.config.annotation.web.builders.WebSecurity@4ca6f587 of type class org.springframework.security.config.annotation.web.builders.WebSecurity
	at org.springframework.security.config.annotation.configuration.AutowireBeanFactoryObjectPostProcessor.postProcess(AutowireBeanFactoryObjectPostProcessor.java:71) ~[spring-security-config-6.4.2.jar:6.4.2]
	at org.springframework.security.config.annotation.web.configuration.WebSecurityConfiguration.setFilterChainProxySecurityConfigurer(WebSecurityConfiguration.java:145) ~[spring-security-config-6.4.2.jar:6.4.2]
	at java.base/jdk.internal.reflect.DirectMethodHandleAccessor.invoke(DirectMethodHandleAccessor.java:103) ~[?:?]
	at java.base/java.lang.reflect.Method.invoke(Method.java:580) ~[?:?]
	at org.springframework.beans.factory.annotation.AutowiredAnnotationBeanPostProcessor$AutowiredMethodElement.inject(AutowiredAnnotationBeanPostProcessor.java:854) ~[spring-beans-6.2.1.jar:6.2.1]
	at org.springframework.beans.factory.annotation.InjectionMetadata.inject(InjectionMetadata.java:146) ~[spring-beans-6.2.1.jar:6.2.1]
	at org.springframework.beans.factory.annotation.AutowiredAnnotationBeanPostProcessor.postProcessProperties(AutowiredAnnotationBeanPostProcessor.java:509) ~[spring-beans-6.2.1.jar:6.2.1]
	... 19 more
Caused by: org.springframework.beans.factory.BeanCreationException: Error creating bean with name 'mvcHandlerMappingIntrospectorRequestTransformer': Cannot resolve reference to bean 'mvcHandlerMappingIntrospector' while setting constructor argument
	at org.springframework.beans.factory.support.BeanDefinitionValueResolver.resolveReference(BeanDefinitionValueResolver.java:377) ~[spring-beans-6.2.1.jar:6.2.1]
	at org.springframework.beans.factory.support.BeanDefinitionValueResolver.resolveValueIfNecessary(BeanDefinitionValueResolver.java:135) ~[spring-beans-6.2.1.jar:6.2.1]
	at org.springframework.beans.factory.support.ConstructorResolver.resolveConstructorArguments(ConstructorResolver.java:691) ~[spring-beans-6.2.1.jar:6.2.1]
	at org.springframework.beans.factory.support.ConstructorResolver.autowireConstructor(ConstructorResolver.java:206) ~[spring-beans-6.2.1.jar:6.2.1]
	at org.springframework.beans.factory.support.AbstractAutowireCapableBeanFactory.autowireConstructor(AbstractAutowireCapableBeanFactory.java:1377) ~[spring-beans-6.2.1.jar:6.2.1]
	at org.springframework.beans.factory.support.AbstractAutowireCapableBeanFactory.createBeanInstance(AbstractAutowireCapableBeanFactory.java:1214) ~[spring-beans-6.2.1.jar:6.2.1]
	at org.springframework.beans.factory.support.AbstractAutowireCapableBeanFactory.doCreateBean(AbstractAutowireCapableBeanFactory.java:563) ~[spring-beans-6.2.1.jar:6.2.1]
	at org.springframework.beans.factory.support.AbstractAutowireCapableBeanFactory.createBean(AbstractAutowireCapableBeanFactory.java:523) ~[spring-beans-6.2.1.jar:6.2.1]
	at org.springframework.beans.factory.support.AbstractBeanFactory.lambda$doGetBean$0(AbstractBeanFactory.java:336) ~[spring-beans-6.2.1.jar:6.2.1]
	at org.springframework.beans.factory.support.DefaultSingletonBeanRegistry.getSingleton(DefaultSingletonBeanRegistry.java:289) ~[spring-beans-6.2.1.jar:6.2.1]
	at org.springframework.beans.factory.support.AbstractBeanFactory.doGetBean(AbstractBeanFactory.java:334) ~[spring-beans-6.2.1.jar:6.2.1]
	at org.springframework.beans.factory.support.AbstractBeanFactory.getBean(AbstractBeanFactory.java:224) ~[spring-beans-6.2.1.jar:6.2.1]
	at org.springframework.beans.factory.support.DefaultListableBeanFactory.resolveNamedBean(DefaultListableBeanFactory.java:1489) ~[spring-beans-6.2.1.jar:6.2.1]
	at org.springframework.beans.factory.support.DefaultListableBeanFactory.resolveNamedBean(DefaultListableBeanFactory.java:1450) ~[spring-beans-6.2.1.jar:6.2.1]
	at org.springframework.beans.factory.support.DefaultListableBeanFactory.resolveBean(DefaultListableBeanFactory.java:516) ~[spring-beans-6.2.1.jar:6.2.1]
	at org.springframework.beans.factory.support.DefaultListableBeanFactory$1.getIfUnique(DefaultListableBeanFactory.java:468) ~[spring-beans-6.2.1.jar:6.2.1]
	at org.springframework.security.config.annotation.web.builders.WebSecurity.setApplicationContext(WebSecurity.java:428) ~[spring-security-config-6.4.2.jar:6.4.2]
	at org.springframework.context.support.ApplicationContextAwareProcessor.invokeAwareInterfaces(ApplicationContextAwareProcessor.java:110) ~[spring-context-6.2.1.jar:6.2.1]
	at org.springframework.context.support.ApplicationContextAwareProcessor.postProcessBeforeInitialization(ApplicationContextAwareProcessor.java:85) ~[spring-context-6.2.1.jar:6.2.1]
	at org.springframework.beans.factory.support.AbstractAutowireCapableBeanFactory.applyBeanPostProcessorsBeforeInitialization(AbstractAutowireCapableBeanFactory.java:423) ~[spring-beans-6.2.1.jar:6.2.1]
	at org.springframework.beans.factory.support.AbstractAutowireCapableBeanFactory.initializeBean(AbstractAutowireCapableBeanFactory.java:1800) ~[spring-beans-6.2.1.jar:6.2.1]
	at org.springframework.beans.factory.support.AbstractAutowireCapableBeanFactory.initializeBean(AbstractAutowireCapableBeanFactory.java:413) ~[spring-beans-6.2.1.jar:6.2.1]
	at org.springframework.security.config.annotation.configuration.AutowireBeanFactoryObjectPostProcessor.initializeBeanIfNeeded(AutowireBeanFactoryObjectPostProcessor.java:98) ~[spring-security-config-6.4.2.jar:6.4.2]
	at org.springframework.security.config.annotation.configuration.AutowireBeanFactoryObjectPostProcessor.postProcess(AutowireBeanFactoryObjectPostProcessor.java:67) ~[spring-security-config-6.4.2.jar:6.4.2]
	at org.springframework.security.config.annotation.web.configuration.WebSecurityConfiguration.setFilterChainProxySecurityConfigurer(WebSecurityConfiguration.java:145) ~[spring-security-config-6.4.2.jar:6.4.2]
	at java.base/jdk.internal.reflect.DirectMethodHandleAccessor.invoke(DirectMethodHandleAccessor.java:103) ~[?:?]
	at java.base/java.lang.reflect.Method.invoke(Method.java:580) ~[?:?]
	at org.springframework.beans.factory.annotation.AutowiredAnnotationBeanPostProcessor$AutowiredMethodElement.inject(AutowiredAnnotationBeanPostProcessor.java:854) ~[spring-beans-6.2.1.jar:6.2.1]
	at org.springframework.beans.factory.annotation.InjectionMetadata.inject(InjectionMetadata.java:146) ~[spring-beans-6.2.1.jar:6.2.1]
	at org.springframework.beans.factory.annotation.AutowiredAnnotationBeanPostProcessor.postProcessProperties(AutowiredAnnotationBeanPostProcessor.java:509) ~[spring-beans-6.2.1.jar:6.2.1]
	... 19 more
Caused by: org.springframework.beans.factory.BeanCreationException: Error creating bean with name 'mvcHandlerMappingIntrospector' defined in class path resource [org/springframework/boot/autoconfigure/web/servlet/WebMvcAutoConfiguration$EnableWebMvcConfiguration.class]: Error creating bean with name 'requestMappingHandlerMapping' defined in class path resource [org/springframework/boot/autoconfigure/web/servlet/WebMvcAutoConfiguration$EnableWebMvcConfiguration.class]: Ambiguous mapping. Cannot map 'productController' method 
com.ibrahim.bakkalApp.controller.ProductController#productManagement(Model)
to {GET [/admin/products]}: There is already 'adminController' bean method
com.ibrahim.bakkalApp.controller.AdminController#productsRedirect() mapped.
	at org.springframework.beans.factory.support.AbstractAutowireCapableBeanFactory.initializeBean(AbstractAutowireCapableBeanFactory.java:1808) ~[spring-beans-6.2.1.jar:6.2.1]
	at org.springframework.beans.factory.support.AbstractAutowireCapableBeanFactory.doCreateBean(AbstractAutowireCapableBeanFactory.java:601) ~[spring-beans-6.2.1.jar:6.2.1]
	at org.springframework.beans.factory.support.AbstractAutowireCapableBeanFactory.createBean(AbstractAutowireCapableBeanFactory.java:523) ~[spring-beans-6.2.1.jar:6.2.1]
	at org.springframework.beans.factory.support.AbstractBeanFactory.lambda$doGetBean$0(AbstractBeanFactory.java:336) ~[spring-beans-6.2.1.jar:6.2.1]
	at org.springframework.beans.factory.support.DefaultSingletonBeanRegistry.getSingleton(DefaultSingletonBeanRegistry.java:289) ~[spring-beans-6.2.1.jar:6.2.1]
	at org.springframework.beans.factory.support.AbstractBeanFactory.doGetBean(AbstractBeanFactory.java:334) ~[spring-beans-6.2.1.jar:6.2.1]
	at org.springframework.beans.factory.support.AbstractBeanFactory.getBean(AbstractBeanFactory.java:199) ~[spring-beans-6.2.1.jar:6.2.1]
	at org.springframework.beans.factory.support.BeanDefinitionValueResolver.resolveReference(BeanDefinitionValueResolver.java:365) ~[spring-beans-6.2.1.jar:6.2.1]
	at org.springframework.beans.factory.support.BeanDefinitionValueResolver.resolveValueIfNecessary(BeanDefinitionValueResolver.java:135) ~[spring-beans-6.2.1.jar:6.2.1]
	at org.springframework.beans.factory.support.ConstructorResolver.resolveConstructorArguments(ConstructorResolver.java:691) ~[spring-beans-6.2.1.jar:6.2.1]
	at org.springframework.beans.factory.support.ConstructorResolver.autowireConstructor(ConstructorResolver.java:206) ~[spring-beans-6.2.1.jar:6.2.1]
	at org.springframework.beans.factory.support.AbstractAutowireCapableBeanFactory.autowireConstructor(AbstractAutowireCapableBeanFactory.java:1377) ~[spring-beans-6.2.1.jar:6.2.1]
	at org.springframework.beans.factory.support.AbstractAutowireCapableBeanFactory.createBeanInstance(AbstractAutowireCapableBeanFactory.java:1214) ~[spring-beans-6.2.1.jar:6.2.1]
	at org.springframework.beans.factory.support.AbstractAutowireCapableBeanFactory.doCreateBean(AbstractAutowireCapableBeanFactory.java:563) ~[spring-beans-6.2.1.jar:6.2.1]
	at org.springframework.beans.factory.support.AbstractAutowireCapableBeanFactory.createBean(AbstractAutowireCapableBeanFactory.java:523) ~[spring-beans-6.2.1.jar:6.2.1]
	at org.springframework.beans.factory.support.AbstractBeanFactory.lambda$doGetBean$0(AbstractBeanFactory.java:336) ~[spring-beans-6.2.1.jar:6.2.1]
	at org.springframework.beans.factory.support.DefaultSingletonBeanRegistry.getSingleton(DefaultSingletonBeanRegistry.java:289) ~[spring-beans-6.2.1.jar:6.2.1]
	at org.springframework.beans.factory.support.AbstractBeanFactory.doGetBean(AbstractBeanFactory.java:334) ~[spring-beans-6.2.1.jar:6.2.1]
	at org.springframework.beans.factory.support.AbstractBeanFactory.getBean(AbstractBeanFactory.java:224) ~[spring-beans-6.2.1.jar:6.2.1]
	at org.springframework.beans.factory.support.DefaultListableBeanFactory.resolveNamedBean(DefaultListableBeanFactory.java:1489) ~[spring-beans-6.2.1.jar:6.2.1]
	at org.springframework.beans.factory.support.DefaultListableBeanFactory.resolveNamedBean(DefaultListableBeanFactory.java:1450) ~[spring-beans-6.2.1.jar:6.2.1]
	at org.springframework.beans.factory.support.DefaultListableBeanFactory.resolveBean(DefaultListableBeanFactory.java:516) ~[spring-beans-6.2.1.jar:6.2.1]
	at org.springframework.beans.factory.support.DefaultListableBeanFactory$1.getIfUnique(DefaultListableBeanFactory.java:468) ~[spring-beans-6.2.1.jar:6.2.1]
	at org.springframework.security.config.annotation.web.builders.WebSecurity.setApplicationContext(WebSecurity.java:428) ~[spring-security-config-6.4.2.jar:6.4.2]
	at org.springframework.context.support.ApplicationContextAwareProcessor.invokeAwareInterfaces(ApplicationContextAwareProcessor.java:110) ~[spring-context-6.2.1.jar:6.2.1]
	at org.springframework.context.support.ApplicationContextAwareProcessor.postProcessBeforeInitialization(ApplicationContextAwareProcessor.java:85) ~[spring-context-6.2.1.jar:6.2.1]
	at org.springframework.beans.factory.support.AbstractAutowireCapableBeanFactory.applyBeanPostProcessorsBeforeInitialization(AbstractAutowireCapableBeanFactory.java:423) ~[spring-beans-6.2.1.jar:6.2.1]
	at org.springframework.beans.factory.support.AbstractAutowireCapableBeanFactory.initializeBean(AbstractAutowireCapableBeanFactory.java:1800) ~[spring-beans-6.2.1.jar:6.2.1]
	at org.springframework.beans.factory.support.AbstractAutowireCapableBeanFactory.initializeBean(AbstractAutowireCapableBeanFactory.java:413) ~[spring-beans-6.2.1.jar:6.2.1]
	at org.springframework.security.config.annotation.configuration.AutowireBeanFactoryObjectPostProcessor.initializeBeanIfNeeded(AutowireBeanFactoryObjectPostProcessor.java:98) ~[spring-security-config-6.4.2.jar:6.4.2]
	at org.springframework.security.config.annotation.configuration.AutowireBeanFactoryObjectPostProcessor.postProcess(AutowireBeanFactoryObjectPostProcessor.java:67) ~[spring-security-config-6.4.2.jar:6.4.2]
	at org.springframework.security.config.annotation.web.configuration.WebSecurityConfiguration.setFilterChainProxySecurityConfigurer(WebSecurityConfiguration.java:145) ~[spring-security-config-6.4.2.jar:6.4.2]
	at java.base/jdk.internal.reflect.DirectMethodHandleAccessor.invoke(DirectMethodHandleAccessor.java:103) ~[?:?]
	at java.base/java.lang.reflect.Method.invoke(Method.java:580) ~[?:?]
	at org.springframework.beans.factory.annotation.AutowiredAnnotationBeanPostProcessor$AutowiredMethodElement.inject(AutowiredAnnotationBeanPostProcessor.java:854) ~[spring-beans-6.2.1.jar:6.2.1]
	at org.springframework.beans.factory.annotation.InjectionMetadata.inject(InjectionMetadata.java:146) ~[spring-beans-6.2.1.jar:6.2.1]
	at org.springframework.beans.factory.annotation.AutowiredAnnotationBeanPostProcessor.postProcessProperties(AutowiredAnnotationBeanPostProcessor.java:509) ~[spring-beans-6.2.1.jar:6.2.1]
	... 19 more
Caused by: org.springframework.beans.factory.BeanCreationException: Error creating bean with name 'requestMappingHandlerMapping' defined in class path resource [org/springframework/boot/autoconfigure/web/servlet/WebMvcAutoConfiguration$EnableWebMvcConfiguration.class]: Ambiguous mapping. Cannot map 'productController' method 
com.ibrahim.bakkalApp.controller.ProductController#productManagement(Model)
to {GET [/admin/products]}: There is already 'adminController' bean method
com.ibrahim.bakkalApp.controller.AdminController#productsRedirect() mapped.
	at org.springframework.beans.factory.support.AbstractAutowireCapableBeanFactory.initializeBean(AbstractAutowireCapableBeanFactory.java:1808) ~[spring-beans-6.2.1.jar:6.2.1]
	at org.springframework.beans.factory.support.AbstractAutowireCapableBeanFactory.doCreateBean(AbstractAutowireCapableBeanFactory.java:601) ~[spring-beans-6.2.1.jar:6.2.1]
	at org.springframework.beans.factory.support.AbstractAutowireCapableBeanFactory.createBean(AbstractAutowireCapableBeanFactory.java:523) ~[spring-beans-6.2.1.jar:6.2.1]
	at org.springframework.beans.factory.support.AbstractBeanFactory.lambda$doGetBean$0(AbstractBeanFactory.java:336) ~[spring-beans-6.2.1.jar:6.2.1]
	at org.springframework.beans.factory.support.DefaultSingletonBeanRegistry.getSingleton(DefaultSingletonBeanRegistry.java:289) ~[spring-beans-6.2.1.jar:6.2.1]
	at org.springframework.beans.factory.support.AbstractBeanFactory.doGetBean(AbstractBeanFactory.java:334) ~[spring-beans-6.2.1.jar:6.2.1]
	at org.springframework.beans.factory.support.AbstractBeanFactory.getBean(AbstractBeanFactory.java:199) ~[spring-beans-6.2.1.jar:6.2.1]
	at org.springframework.beans.factory.support.DefaultListableBeanFactory.getBeansOfType(DefaultListableBeanFactory.java:695) ~[spring-beans-6.2.1.jar:6.2.1]
	at org.springframework.context.support.AbstractApplicationContext.getBeansOfType(AbstractApplicationContext.java:1426) ~[spring-context-6.2.1.jar:6.2.1]
	at org.springframework.beans.factory.BeanFactoryUtils.beansOfTypeIncludingAncestors(BeanFactoryUtils.java:368) ~[spring-beans-6.2.1.jar:6.2.1]
	at org.springframework.web.servlet.handler.HandlerMappingIntrospector.initHandlerMappings(HandlerMappingIntrospector.java:135) ~[spring-webmvc-6.2.1.jar:6.2.1]
	at org.springframework.web.servlet.handler.HandlerMappingIntrospector.afterPropertiesSet(HandlerMappingIntrospector.java:123) ~[spring-webmvc-6.2.1.jar:6.2.1]
	at org.springframework.beans.factory.support.AbstractAutowireCapableBeanFactory.invokeInitMethods(AbstractAutowireCapableBeanFactory.java:1855) ~[spring-beans-6.2.1.jar:6.2.1]
	at org.springframework.beans.factory.support.AbstractAutowireCapableBeanFactory.initializeBean(AbstractAutowireCapableBeanFactory.java:1804) ~[spring-beans-6.2.1.jar:6.2.1]
	at org.springframework.beans.factory.support.AbstractAutowireCapableBeanFactory.doCreateBean(AbstractAutowireCapableBeanFactory.java:601) ~[spring-beans-6.2.1.jar:6.2.1]
	at org.springframework.beans.factory.support.AbstractAutowireCapableBeanFactory.createBean(AbstractAutowireCapableBeanFactory.java:523) ~[spring-beans-6.2.1.jar:6.2.1]
	at org.springframework.beans.factory.support.AbstractBeanFactory.lambda$doGetBean$0(AbstractBeanFactory.java:336) ~[spring-beans-6.2.1.jar:6.2.1]
	at org.springframework.beans.factory.support.DefaultSingletonBeanRegistry.getSingleton(DefaultSingletonBeanRegistry.java:289) ~[spring-beans-6.2.1.jar:6.2.1]
	at org.springframework.beans.factory.support.AbstractBeanFactory.doGetBean(AbstractBeanFactory.java:334) ~[spring-beans-6.2.1.jar:6.2.1]
	at org.springframework.beans.factory.support.AbstractBeanFactory.getBean(AbstractBeanFactory.java:199) ~[spring-beans-6.2.1.jar:6.2.1]
	at org.springframework.beans.factory.support.BeanDefinitionValueResolver.resolveReference(BeanDefinitionValueResolver.java:365) ~[spring-beans-6.2.1.jar:6.2.1]
	at org.springframework.beans.factory.support.BeanDefinitionValueResolver.resolveValueIfNecessary(BeanDefinitionValueResolver.java:135) ~[spring-beans-6.2.1.jar:6.2.1]
	at org.springframework.beans.factory.support.ConstructorResolver.resolveConstructorArguments(ConstructorResolver.java:691) ~[spring-beans-6.2.1.jar:6.2.1]
	at org.springframework.beans.factory.support.ConstructorResolver.autowireConstructor(ConstructorResolver.java:206) ~[spring-beans-6.2.1.jar:6.2.1]
	at org.springframework.beans.factory.support.AbstractAutowireCapableBeanFactory.autowireConstructor(AbstractAutowireCapableBeanFactory.java:1377) ~[spring-beans-6.2.1.jar:6.2.1]
	at org.springframework.beans.factory.support.AbstractAutowireCapableBeanFactory.createBeanInstance(AbstractAutowireCapableBeanFactory.java:1214) ~[spring-beans-6.2.1.jar:6.2.1]
	at org.springframework.beans.factory.support.AbstractAutowireCapableBeanFactory.doCreateBean(AbstractAutowireCapableBeanFactory.java:563) ~[spring-beans-6.2.1.jar:6.2.1]
	at org.springframework.beans.factory.support.AbstractAutowireCapableBeanFactory.createBean(AbstractAutowireCapableBeanFactory.java:523) ~[spring-beans-6.2.1.jar:6.2.1]
	at org.springframework.beans.factory.support.AbstractBeanFactory.lambda$doGetBean$0(AbstractBeanFactory.java:336) ~[spring-beans-6.2.1.jar:6.2.1]
	at org.springframework.beans.factory.support.DefaultSingletonBeanRegistry.getSingleton(DefaultSingletonBeanRegistry.java:289) ~[spring-beans-6.2.1.jar:6.2.1]
	at org.springframework.beans.factory.support.AbstractBeanFactory.doGetBean(AbstractBeanFactory.java:334) ~[spring-beans-6.2.1.jar:6.2.1]
	at org.springframework.beans.factory.support.AbstractBeanFactory.getBean(AbstractBeanFactory.java:224) ~[spring-beans-6.2.1.jar:6.2.1]
	at org.springframework.beans.factory.support.DefaultListableBeanFactory.resolveNamedBean(DefaultListableBeanFactory.java:1489) ~[spring-beans-6.2.1.jar:6.2.1]
	at org.springframework.beans.factory.support.DefaultListableBeanFactory.resolveNamedBean(DefaultListableBeanFactory.java:1450) ~[spring-beans-6.2.1.jar:6.2.1]
	at org.springframework.beans.factory.support.DefaultListableBeanFactory.resolveBean(DefaultListableBeanFactory.java:516) ~[spring-beans-6.2.1.jar:6.2.1]
	at org.springframework.beans.factory.support.DefaultListableBeanFactory$1.getIfUnique(DefaultListableBeanFactory.java:468) ~[spring-beans-6.2.1.jar:6.2.1]
	at org.springframework.security.config.annotation.web.builders.WebSecurity.setApplicationContext(WebSecurity.java:428) ~[spring-security-config-6.4.2.jar:6.4.2]
	at org.springframework.context.support.ApplicationContextAwareProcessor.invokeAwareInterfaces(ApplicationContextAwareProcessor.java:110) ~[spring-context-6.2.1.jar:6.2.1]
	at org.springframework.context.support.ApplicationContextAwareProcessor.postProcessBeforeInitialization(ApplicationContextAwareProcessor.java:85) ~[spring-context-6.2.1.jar:6.2.1]
	at org.springframework.beans.factory.support.AbstractAutowireCapableBeanFactory.applyBeanPostProcessorsBeforeInitialization(AbstractAutowireCapableBeanFactory.java:423) ~[spring-beans-6.2.1.jar:6.2.1]
	at org.springframework.beans.factory.support.AbstractAutowireCapableBeanFactory.initializeBean(AbstractAutowireCapableBeanFactory.java:1800) ~[spring-beans-6.2.1.jar:6.2.1]
	at org.springframework.beans.factory.support.AbstractAutowireCapableBeanFactory.initializeBean(AbstractAutowireCapableBeanFactory.java:413) ~[spring-beans-6.2.1.jar:6.2.1]
	at org.springframework.security.config.annotation.configuration.AutowireBeanFactoryObjectPostProcessor.initializeBeanIfNeeded(AutowireBeanFactoryObjectPostProcessor.java:98) ~[spring-security-config-6.4.2.jar:6.4.2]
	at org.springframework.security.config.annotation.configuration.AutowireBeanFactoryObjectPostProcessor.postProcess(AutowireBeanFactoryObjectPostProcessor.java:67) ~[spring-security-config-6.4.2.jar:6.4.2]
	at org.springframework.security.config.annotation.web.configuration.WebSecurityConfiguration.setFilterChainProxySecurityConfigurer(WebSecurityConfiguration.java:145) ~[spring-security-config-6.4.2.jar:6.4.2]
	at java.base/jdk.internal.reflect.DirectMethodHandleAccessor.invoke(DirectMethodHandleAccessor.java:103) ~[?:?]
	at java.base/java.lang.reflect.Method.invoke(Method.java:580) ~[?:?]
	at org.springframework.beans.factory.annotation.AutowiredAnnotationBeanPostProcessor$AutowiredMethodElement.inject(AutowiredAnnotationBeanPostProcessor.java:854) ~[spring-beans-6.2.1.jar:6.2.1]
	at org.springframework.beans.factory.annotation.InjectionMetadata.inject(InjectionMetadata.java:146) ~[spring-beans-6.2.1.jar:6.2.1]
	at org.springframework.beans.factory.annotation.AutowiredAnnotationBeanPostProcessor.postProcessProperties(AutowiredAnnotationBeanPostProcessor.java:509) ~[spring-beans-6.2.1.jar:6.2.1]
	... 19 more
Caused by: java.lang.IllegalStateException: Ambiguous mapping. Cannot map 'productController' method 
com.ibrahim.bakkalApp.controller.ProductController#productManagement(Model)
to {GET [/admin/products]}: There is already 'adminController' bean method
com.ibrahim.bakkalApp.controller.AdminController#productsRedirect() mapped.
	at org.springframework.web.servlet.handler.AbstractHandlerMethodMapping$MappingRegistry.validateMethodMapping(AbstractHandlerMethodMapping.java:675) ~[spring-webmvc-6.2.1.jar:6.2.1]
	at org.springframework.web.servlet.handler.AbstractHandlerMethodMapping$MappingRegistry.register(AbstractHandlerMethodMapping.java:637) ~[spring-webmvc-6.2.1.jar:6.2.1]
	at org.springframework.web.servlet.handler.AbstractHandlerMethodMapping.registerHandlerMethod(AbstractHandlerMethodMapping.java:331) ~[spring-webmvc-6.2.1.jar:6.2.1]
	at org.springframework.web.servlet.mvc.method.annotation.RequestMappingHandlerMapping.registerHandlerMethod(RequestMappingHandlerMapping.java:509) ~[spring-webmvc-6.2.1.jar:6.2.1]
	at org.springframework.web.servlet.mvc.method.annotation.RequestMappingHandlerMapping.registerHandlerMethod(RequestMappingHandlerMapping.java:84) ~[spring-webmvc-6.2.1.jar:6.2.1]
	at org.springframework.web.servlet.handler.AbstractHandlerMethodMapping.lambda$detectHandlerMethods$2(AbstractHandlerMethodMapping.java:298) ~[spring-webmvc-6.2.1.jar:6.2.1]
	at java.base/java.util.LinkedHashMap.forEach(LinkedHashMap.java:987) ~[?:?]
	at org.springframework.web.servlet.handler.AbstractHandlerMethodMapping.detectHandlerMethods(AbstractHandlerMethodMapping.java:296) ~[spring-webmvc-6.2.1.jar:6.2.1]
	at org.springframework.web.servlet.handler.AbstractHandlerMethodMapping.processCandidateBean(AbstractHandlerMethodMapping.java:265) ~[spring-webmvc-6.2.1.jar:6.2.1]
	at org.springframework.web.servlet.handler.AbstractHandlerMethodMapping.initHandlerMethods(AbstractHandlerMethodMapping.java:224) ~[spring-webmvc-6.2.1.jar:6.2.1]
	at org.springframework.web.servlet.handler.AbstractHandlerMethodMapping.afterPropertiesSet(AbstractHandlerMethodMapping.java:212) ~[spring-webmvc-6.2.1.jar:6.2.1]
	at org.springframework.web.servlet.mvc.method.annotation.RequestMappingHandlerMapping.afterPropertiesSet(RequestMappingHandlerMapping.java:239) ~[spring-webmvc-6.2.1.jar:6.2.1]
	at org.springframework.beans.factory.support.AbstractAutowireCapableBeanFactory.invokeInitMethods(AbstractAutowireCapableBeanFactory.java:1855) ~[spring-beans-6.2.1.jar:6.2.1]
	at org.springframework.beans.factory.support.AbstractAutowireCapableBeanFactory.initializeBean(AbstractAutowireCapableBeanFactory.java:1804) ~[spring-beans-6.2.1.jar:6.2.1]
	at org.springframework.beans.factory.support.AbstractAutowireCapableBeanFactory.doCreateBean(AbstractAutowireCapableBeanFactory.java:601) ~[spring-beans-6.2.1.jar:6.2.1]
	at org.springframework.beans.factory.support.AbstractAutowireCapableBeanFactory.createBean(AbstractAutowireCapableBeanFactory.java:523) ~[spring-beans-6.2.1.jar:6.2.1]
	at org.springframework.beans.factory.support.AbstractBeanFactory.lambda$doGetBean$0(AbstractBeanFactory.java:336) ~[spring-beans-6.2.1.jar:6.2.1]
	at org.springframework.beans.factory.support.DefaultSingletonBeanRegistry.getSingleton(DefaultSingletonBeanRegistry.java:289) ~[spring-beans-6.2.1.jar:6.2.1]
	at org.springframework.beans.factory.support.AbstractBeanFactory.doGetBean(AbstractBeanFactory.java:334) ~[spring-beans-6.2.1.jar:6.2.1]
	at org.springframework.beans.factory.support.AbstractBeanFactory.getBean(AbstractBeanFactory.java:199) ~[spring-beans-6.2.1.jar:6.2.1]
	at org.springframework.beans.factory.support.DefaultListableBeanFactory.getBeansOfType(DefaultListableBeanFactory.java:695) ~[spring-beans-6.2.1.jar:6.2.1]
	at org.springframework.context.support.AbstractApplicationContext.getBeansOfType(AbstractApplicationContext.java:1426) ~[spring-context-6.2.1.jar:6.2.1]
	at org.springframework.beans.factory.BeanFactoryUtils.beansOfTypeIncludingAncestors(BeanFactoryUtils.java:368) ~[spring-beans-6.2.1.jar:6.2.1]
	at org.springframework.web.servlet.handler.HandlerMappingIntrospector.initHandlerMappings(HandlerMappingIntrospector.java:135) ~[spring-webmvc-6.2.1.jar:6.2.1]
	at org.springframework.web.servlet.handler.HandlerMappingIntrospector.afterPropertiesSet(HandlerMappingIntrospector.java:123) ~[spring-webmvc-6.2.1.jar:6.2.1]
	at org.springframework.beans.factory.support.AbstractAutowireCapableBeanFactory.invokeInitMethods(AbstractAutowireCapableBeanFactory.java:1855) ~[spring-beans-6.2.1.jar:6.2.1]
	at org.springframework.beans.factory.support.AbstractAutowireCapableBeanFactory.initializeBean(AbstractAutowireCapableBeanFactory.java:1804) ~[spring-beans-6.2.1.jar:6.2.1]
	at org.springframework.beans.factory.support.AbstractAutowireCapableBeanFactory.doCreateBean(AbstractAutowireCapableBeanFactory.java:601) ~[spring-beans-6.2.1.jar:6.2.1]
	at org.springframework.beans.factory.support.AbstractAutowireCapableBeanFactory.createBean(AbstractAutowireCapableBeanFactory.java:523) ~[spring-beans-6.2.1.jar:6.2.1]
	at org.springframework.beans.factory.support.AbstractBeanFactory.lambda$doGetBean$0(AbstractBeanFactory.java:336) ~[spring-beans-6.2.1.jar:6.2.1]
	at org.springframework.beans.factory.support.DefaultSingletonBeanRegistry.getSingleton(DefaultSingletonBeanRegistry.java:289) ~[spring-beans-6.2.1.jar:6.2.1]
	at org.springframework.beans.factory.support.AbstractBeanFactory.doGetBean(AbstractBeanFactory.java:334) ~[spring-beans-6.2.1.jar:6.2.1]
	at org.springframework.beans.factory.support.AbstractBeanFactory.getBean(AbstractBeanFactory.java:199) ~[spring-beans-6.2.1.jar:6.2.1]
	at org.springframework.beans.factory.support.BeanDefinitionValueResolver.resolveReference(BeanDefinitionValueResolver.java:365) ~[spring-beans-6.2.1.jar:6.2.1]
	at org.springframework.beans.factory.support.BeanDefinitionValueResolver.resolveValueIfNecessary(BeanDefinitionValueResolver.java:135) ~[spring-beans-6.2.1.jar:6.2.1]
	at org.springframework.beans.factory.support.ConstructorResolver.resolveConstructorArguments(ConstructorResolver.java:691) ~[spring-beans-6.2.1.jar:6.2.1]
	at org.springframework.beans.factory.support.ConstructorResolver.autowireConstructor(ConstructorResolver.java:206) ~[spring-beans-6.2.1.jar:6.2.1]
	at org.springframework.beans.factory.support.AbstractAutowireCapableBeanFactory.autowireConstructor(AbstractAutowireCapableBeanFactory.java:1377) ~[spring-beans-6.2.1.jar:6.2.1]
	at org.springframework.beans.factory.support.AbstractAutowireCapableBeanFactory.createBeanInstance(AbstractAutowireCapableBeanFactory.java:1214) ~[spring-beans-6.2.1.jar:6.2.1]
	at org.springframework.beans.factory.support.AbstractAutowireCapableBeanFactory.doCreateBean(AbstractAutowireCapableBeanFactory.java:563) ~[spring-beans-6.2.1.jar:6.2.1]
	at org.springframework.beans.factory.support.AbstractAutowireCapableBeanFactory.createBean(AbstractAutowireCapableBeanFactory.java:523) ~[spring-beans-6.2.1.jar:6.2.1]
	at org.springframework.beans.factory.support.AbstractBeanFactory.lambda$doGetBean$0(AbstractBeanFactory.java:336) ~[spring-beans-6.2.1.jar:6.2.1]
	at org.springframework.beans.factory.support.DefaultSingletonBeanRegistry.getSingleton(DefaultSingletonBeanRegistry.java:289) ~[spring-beans-6.2.1.jar:6.2.1]
	at org.springframework.beans.factory.support.AbstractBeanFactory.doGetBean(AbstractBeanFactory.java:334) ~[spring-beans-6.2.1.jar:6.2.1]
	at org.springframework.beans.factory.support.AbstractBeanFactory.getBean(AbstractBeanFactory.java:224) ~[spring-beans-6.2.1.jar:6.2.1]
	at org.springframework.beans.factory.support.DefaultListableBeanFactory.resolveNamedBean(DefaultListableBeanFactory.java:1489) ~[spring-beans-6.2.1.jar:6.2.1]
	at org.springframework.beans.factory.support.DefaultListableBeanFactory.resolveNamedBean(DefaultListableBeanFactory.java:1450) ~[spring-beans-6.2.1.jar:6.2.1]
	at org.springframework.beans.factory.support.DefaultListableBeanFactory.resolveBean(DefaultListableBeanFactory.java:516) ~[spring-beans-6.2.1.jar:6.2.1]
	at org.springframework.beans.factory.support.DefaultListableBeanFactory$1.getIfUnique(DefaultListableBeanFactory.java:468) ~[spring-beans-6.2.1.jar:6.2.1]
	at org.springframework.security.config.annotation.web.builders.WebSecurity.setApplicationContext(WebSecurity.java:428) ~[spring-security-config-6.4.2.jar:6.4.2]
	at org.springframework.context.support.ApplicationContextAwareProcessor.invokeAwareInterfaces(ApplicationContextAwareProcessor.java:110) ~[spring-context-6.2.1.jar:6.2.1]
	at org.springframework.context.support.ApplicationContextAwareProcessor.postProcessBeforeInitialization(ApplicationContextAwareProcessor.java:85) ~[spring-context-6.2.1.jar:6.2.1]
	at org.springframework.beans.factory.support.AbstractAutowireCapableBeanFactory.applyBeanPostProcessorsBeforeInitialization(AbstractAutowireCapableBeanFactory.java:423) ~[spring-beans-6.2.1.jar:6.2.1]
	at org.springframework.beans.factory.support.AbstractAutowireCapableBeanFactory.initializeBean(AbstractAutowireCapableBeanFactory.java:1800) ~[spring-beans-6.2.1.jar:6.2.1]
	at org.springframework.beans.factory.support.AbstractAutowireCapableBeanFactory.initializeBean(AbstractAutowireCapableBeanFactory.java:413) ~[spring-beans-6.2.1.jar:6.2.1]
	at org.springframework.security.config.annotation.configuration.AutowireBeanFactoryObjectPostProcessor.initializeBeanIfNeeded(AutowireBeanFactoryObjectPostProcessor.java:98) ~[spring-security-config-6.4.2.jar:6.4.2]
	at org.springframework.security.config.annotation.configuration.AutowireBeanFactoryObjectPostProcessor.postProcess(AutowireBeanFactoryObjectPostProcessor.java:67) ~[spring-security-config-6.4.2.jar:6.4.2]
	at org.springframework.security.config.annotation.web.configuration.WebSecurityConfiguration.setFilterChainProxySecurityConfigurer(WebSecurityConfiguration.java:145) ~[spring-security-config-6.4.2.jar:6.4.2]
	at java.base/jdk.internal.reflect.DirectMethodHandleAccessor.invoke(DirectMethodHandleAccessor.java:103) ~[?:?]
	at java.base/java.lang.reflect.Method.invoke(Method.java:580) ~[?:?]
	at org.springframework.beans.factory.annotation.AutowiredAnnotationBeanPostProcessor$AutowiredMethodElement.inject(AutowiredAnnotationBeanPostProcessor.java:854) ~[spring-beans-6.2.1.jar:6.2.1]
	at org.springframework.beans.factory.annotation.InjectionMetadata.inject(InjectionMetadata.java:146) ~[spring-beans-6.2.1.jar:6.2.1]
	at org.springframework.beans.factory.annotation.AutowiredAnnotationBeanPostProcessor.postProcessProperties(AutowiredAnnotationBeanPostProcessor.java:509) ~[spring-beans-6.2.1.jar:6.2.1]
	... 19 more
2026-02-20 11:41:00.669 [main] INFO  com.ibrahim.bakkalApp.BakkalAppApplication - Starting BakkalAppApplication using Java 23.0.1 with PID 14752 (C:\Users\8063\IdeaProjects\bakkalApp\bakkalApp\target\classes started by 8063 in C:\Users\8063\IdeaProjects\bakkalApp\bakkalApp)
2026-02-20 11:41:00.684 [main] INFO  com.ibrahim.bakkalApp.BakkalAppApplication - No active profile set, falling back to 1 default profile: "default"
2026-02-20 11:41:02.166 [main] INFO  org.springframework.data.repository.config.RepositoryConfigurationDelegate - Bootstrapping Spring Data JPA repositories in DEFAULT mode.
2026-02-20 11:41:02.279 [main] INFO  org.springframework.data.repository.config.RepositoryConfigurationDelegate - Finished Spring Data repository scanning in 94 ms. Found 5 JPA repository interfaces.
2026-02-20 11:41:03.814 [main] INFO  org.springframework.boot.web.embedded.tomcat.TomcatWebServer - Tomcat initialized with port 8085 (http)
2026-02-20 11:41:03.871 [main] INFO  org.apache.coyote.http11.Http11NioProtocol - Initializing ProtocolHandler ["http-nio-8085"]
2026-02-20 11:41:03.875 [main] INFO  org.apache.catalina.core.StandardService - Starting service [Tomcat]
2026-02-20 11:41:03.876 [main] INFO  org.apache.catalina.core.StandardEngine - Starting Servlet engine: [Apache Tomcat/10.1.34]
2026-02-20 11:41:04.021 [main] INFO  org.apache.catalina.core.ContainerBase.[Tomcat].[localhost].[/] - Initializing Spring embedded WebApplicationContext
2026-02-20 11:41:04.026 [main] INFO  org.springframework.boot.web.servlet.context.ServletWebServerApplicationContext - Root WebApplicationContext: initialization completed in 3274 ms
2026-02-20 11:41:05.543 [main] INFO  org.springframework.orm.jpa.persistenceunit.SpringPersistenceUnitInfo - No LoadTimeWeaver setup: ignoring JPA class transformer
2026-02-20 11:41:05.614 [main] INFO  com.zaxxer.hikari.HikariDataSource - HikariPool-1 - Starting...
2026-02-20 11:41:06.122 [main] INFO  com.zaxxer.hikari.pool.HikariPool - HikariPool-1 - Added connection conn0: url=jdbc:h2:file:./data/testdb user=SA
2026-02-20 11:41:06.127 [main] INFO  com.zaxxer.hikari.HikariDataSource - HikariPool-1 - Start completed.
2026-02-20 11:41:06.186 [main] WARN  org.hibernate.orm.deprecation - HHH90000025: H2Dialect does not need to be specified explicitly using 'hibernate.dialect' (remove the property setting and it will be selected by default)
2026-02-20 11:41:08.111 [main] INFO  org.springframework.orm.jpa.LocalContainerEntityManagerFactoryBean - Initialized JPA EntityManagerFactory for persistence unit 'default'
2026-02-20 11:41:08.935 [main] INFO  org.springframework.security.config.annotation.authentication.configuration.InitializeUserDetailsBeanManagerConfigurer$InitializeUserDetailsManagerConfigurer - Global AuthenticationManager configured with UserDetailsService bean with name customUserDetailsService
2026-02-20 11:41:09.148 [main] WARN  org.springframework.boot.web.servlet.context.AnnotationConfigServletWebServerApplicationContext - Exception encountered during context initialization - cancelling refresh attempt: org.springframework.beans.factory.BeanCreationException: Error creating bean with name 'org.springframework.security.config.annotation.web.configuration.WebSecurityConfiguration': Injection of autowired dependencies failed
2026-02-20 11:41:09.151 [main] INFO  org.springframework.orm.jpa.LocalContainerEntityManagerFactoryBean - Closing JPA EntityManagerFactory for persistence unit 'default'
2026-02-20 11:41:09.156 [main] INFO  com.zaxxer.hikari.HikariDataSource - HikariPool-1 - Shutdown initiated...
2026-02-20 11:41:09.164 [main] INFO  com.zaxxer.hikari.HikariDataSource - HikariPool-1 - Shutdown completed.
2026-02-20 11:41:09.175 [main] INFO  org.apache.catalina.core.StandardService - Stopping service [Tomcat]
2026-02-20 11:41:09.208 [main] INFO  org.springframework.boot.autoconfigure.logging.ConditionEvaluationReportLogger - 

Error starting ApplicationContext. To display the condition evaluation report re-run your application with 'debug' enabled.
2026-02-20 11:41:09.258 [main] ERROR org.springframework.boot.SpringApplication - Application run failed
org.springframework.beans.factory.BeanCreationException: Error creating bean with name 'org.springframework.security.config.annotation.web.configuration.WebSecurityConfiguration': Injection of autowired dependencies failed
	at org.springframework.beans.factory.annotation.AutowiredAnnotationBeanPostProcessor.postProcessProperties(AutowiredAnnotationBeanPostProcessor.java:515) ~[spring-beans-6.2.1.jar:6.2.1]
	at org.springframework.beans.factory.support.AbstractAutowireCapableBeanFactory.populateBean(AbstractAutowireCapableBeanFactory.java:1441) ~[spring-beans-6.2.1.jar:6.2.1]
	at org.springframework.beans.factory.support.AbstractAutowireCapableBeanFactory.doCreateBean(AbstractAutowireCapableBeanFactory.java:600) ~[spring-beans-6.2.1.jar:6.2.1]
	at org.springframework.beans.factory.support.AbstractAutowireCapableBeanFactory.createBean(AbstractAutowireCapableBeanFactory.java:523) ~[spring-beans-6.2.1.jar:6.2.1]
	at org.springframework.beans.factory.support.AbstractBeanFactory.lambda$doGetBean$0(AbstractBeanFactory.java:336) ~[spring-beans-6.2.1.jar:6.2.1]
	at org.springframework.beans.factory.support.DefaultSingletonBeanRegistry.getSingleton(DefaultSingletonBeanRegistry.java:289) ~[spring-beans-6.2.1.jar:6.2.1]
	at org.springframework.beans.factory.support.AbstractBeanFactory.doGetBean(AbstractBeanFactory.java:334) ~[spring-beans-6.2.1.jar:6.2.1]
	at org.springframework.beans.factory.support.AbstractBeanFactory.getBean(AbstractBeanFactory.java:199) ~[spring-beans-6.2.1.jar:6.2.1]
	at org.springframework.beans.factory.support.DefaultListableBeanFactory.instantiateSingleton(DefaultListableBeanFactory.java:1122) ~[spring-beans-6.2.1.jar:6.2.1]
	at org.springframework.beans.factory.support.DefaultListableBeanFactory.preInstantiateSingleton(DefaultListableBeanFactory.java:1093) ~[spring-beans-6.2.1.jar:6.2.1]
	at org.springframework.beans.factory.support.DefaultListableBeanFactory.preInstantiateSingletons(DefaultListableBeanFactory.java:1030) ~[spring-beans-6.2.1.jar:6.2.1]
	at org.springframework.context.support.AbstractApplicationContext.finishBeanFactoryInitialization(AbstractApplicationContext.java:987) ~[spring-context-6.2.1.jar:6.2.1]
	at org.springframework.context.support.AbstractApplicationContext.refresh(AbstractApplicationContext.java:627) ~[spring-context-6.2.1.jar:6.2.1]
	at org.springframework.boot.web.servlet.context.ServletWebServerApplicationContext.refresh(ServletWebServerApplicationContext.java:146) ~[spring-boot-3.4.1.jar:3.4.1]
	at org.springframework.boot.SpringApplication.refresh(SpringApplication.java:752) [spring-boot-3.4.1.jar:3.4.1]
	at org.springframework.boot.SpringApplication.refreshContext(SpringApplication.java:439) [spring-boot-3.4.1.jar:3.4.1]
	at org.springframework.boot.SpringApplication.run(SpringApplication.java:318) [spring-boot-3.4.1.jar:3.4.1]
	at org.springframework.boot.SpringApplication.run(SpringApplication.java:1361) [spring-boot-3.4.1.jar:3.4.1]
	at org.springframework.boot.SpringApplication.run(SpringApplication.java:1350) [spring-boot-3.4.1.jar:3.4.1]
	at com.ibrahim.bakkalApp.BakkalAppApplication.main(BakkalAppApplication.java:10) [classes/:?]
Caused by: java.lang.RuntimeException: Could not postProcess org.springframework.security.config.annotation.web.builders.WebSecurity@3f808ad9 of type class org.springframework.security.config.annotation.web.builders.WebSecurity
	at org.springframework.security.config.annotation.configuration.AutowireBeanFactoryObjectPostProcessor.postProcess(AutowireBeanFactoryObjectPostProcessor.java:71) ~[spring-security-config-6.4.2.jar:6.4.2]
	at org.springframework.security.config.annotation.web.configuration.WebSecurityConfiguration.setFilterChainProxySecurityConfigurer(WebSecurityConfiguration.java:145) ~[spring-security-config-6.4.2.jar:6.4.2]
	at java.base/jdk.internal.reflect.DirectMethodHandleAccessor.invoke(DirectMethodHandleAccessor.java:103) ~[?:?]
	at java.base/java.lang.reflect.Method.invoke(Method.java:580) ~[?:?]
	at org.springframework.beans.factory.annotation.AutowiredAnnotationBeanPostProcessor$AutowiredMethodElement.inject(AutowiredAnnotationBeanPostProcessor.java:854) ~[spring-beans-6.2.1.jar:6.2.1]
	at org.springframework.beans.factory.annotation.InjectionMetadata.inject(InjectionMetadata.java:146) ~[spring-beans-6.2.1.jar:6.2.1]
	at org.springframework.beans.factory.annotation.AutowiredAnnotationBeanPostProcessor.postProcessProperties(AutowiredAnnotationBeanPostProcessor.java:509) ~[spring-beans-6.2.1.jar:6.2.1]
	... 19 more
Caused by: org.springframework.beans.factory.BeanCreationException: Error creating bean with name 'mvcHandlerMappingIntrospectorRequestTransformer': Cannot resolve reference to bean 'mvcHandlerMappingIntrospector' while setting constructor argument
	at org.springframework.beans.factory.support.BeanDefinitionValueResolver.resolveReference(BeanDefinitionValueResolver.java:377) ~[spring-beans-6.2.1.jar:6.2.1]
	at org.springframework.beans.factory.support.BeanDefinitionValueResolver.resolveValueIfNecessary(BeanDefinitionValueResolver.java:135) ~[spring-beans-6.2.1.jar:6.2.1]
	at org.springframework.beans.factory.support.ConstructorResolver.resolveConstructorArguments(ConstructorResolver.java:691) ~[spring-beans-6.2.1.jar:6.2.1]
	at org.springframework.beans.factory.support.ConstructorResolver.autowireConstructor(ConstructorResolver.java:206) ~[spring-beans-6.2.1.jar:6.2.1]
	at org.springframework.beans.factory.support.AbstractAutowireCapableBeanFactory.autowireConstructor(AbstractAutowireCapableBeanFactory.java:1377) ~[spring-beans-6.2.1.jar:6.2.1]
	at org.springframework.beans.factory.support.AbstractAutowireCapableBeanFactory.createBeanInstance(AbstractAutowireCapableBeanFactory.java:1214) ~[spring-beans-6.2.1.jar:6.2.1]
	at org.springframework.beans.factory.support.AbstractAutowireCapableBeanFactory.doCreateBean(AbstractAutowireCapableBeanFactory.java:563) ~[spring-beans-6.2.1.jar:6.2.1]
	at org.springframework.beans.factory.support.AbstractAutowireCapableBeanFactory.createBean(AbstractAutowireCapableBeanFactory.java:523) ~[spring-beans-6.2.1.jar:6.2.1]
	at org.springframework.beans.factory.support.AbstractBeanFactory.lambda$doGetBean$0(AbstractBeanFactory.java:336) ~[spring-beans-6.2.1.jar:6.2.1]
	at org.springframework.beans.factory.support.DefaultSingletonBeanRegistry.getSingleton(DefaultSingletonBeanRegistry.java:289) ~[spring-beans-6.2.1.jar:6.2.1]
	at org.springframework.beans.factory.support.AbstractBeanFactory.doGetBean(AbstractBeanFactory.java:334) ~[spring-beans-6.2.1.jar:6.2.1]
	at org.springframework.beans.factory.support.AbstractBeanFactory.getBean(AbstractBeanFactory.java:224) ~[spring-beans-6.2.1.jar:6.2.1]
	at org.springframework.beans.factory.support.DefaultListableBeanFactory.resolveNamedBean(DefaultListableBeanFactory.java:1489) ~[spring-beans-6.2.1.jar:6.2.1]
	at org.springframework.beans.factory.support.DefaultListableBeanFactory.resolveNamedBean(DefaultListableBeanFactory.java:1450) ~[spring-beans-6.2.1.jar:6.2.1]
	at org.springframework.beans.factory.support.DefaultListableBeanFactory.resolveBean(DefaultListableBeanFactory.java:516) ~[spring-beans-6.2.1.jar:6.2.1]
	at org.springframework.beans.factory.support.DefaultListableBeanFactory$1.getIfUnique(DefaultListableBeanFactory.java:468) ~[spring-beans-6.2.1.jar:6.2.1]
	at org.springframework.security.config.annotation.web.builders.WebSecurity.setApplicationContext(WebSecurity.java:428) ~[spring-security-config-6.4.2.jar:6.4.2]
	at org.springframework.context.support.ApplicationContextAwareProcessor.invokeAwareInterfaces(ApplicationContextAwareProcessor.java:110) ~[spring-context-6.2.1.jar:6.2.1]
	at org.springframework.context.support.ApplicationContextAwareProcessor.postProcessBeforeInitialization(ApplicationContextAwareProcessor.java:85) ~[spring-context-6.2.1.jar:6.2.1]
	at org.springframework.beans.factory.support.AbstractAutowireCapableBeanFactory.applyBeanPostProcessorsBeforeInitialization(AbstractAutowireCapableBeanFactory.java:423) ~[spring-beans-6.2.1.jar:6.2.1]
	at org.springframework.beans.factory.support.AbstractAutowireCapableBeanFactory.initializeBean(AbstractAutowireCapableBeanFactory.java:1800) ~[spring-beans-6.2.1.jar:6.2.1]
	at org.springframework.beans.factory.support.AbstractAutowireCapableBeanFactory.initializeBean(AbstractAutowireCapableBeanFactory.java:413) ~[spring-beans-6.2.1.jar:6.2.1]
	at org.springframework.security.config.annotation.configuration.AutowireBeanFactoryObjectPostProcessor.initializeBeanIfNeeded(AutowireBeanFactoryObjectPostProcessor.java:98) ~[spring-security-config-6.4.2.jar:6.4.2]
	at org.springframework.security.config.annotation.configuration.AutowireBeanFactoryObjectPostProcessor.postProcess(AutowireBeanFactoryObjectPostProcessor.java:67) ~[spring-security-config-6.4.2.jar:6.4.2]
	at org.springframework.security.config.annotation.web.configuration.WebSecurityConfiguration.setFilterChainProxySecurityConfigurer(WebSecurityConfiguration.java:145) ~[spring-security-config-6.4.2.jar:6.4.2]
	at java.base/jdk.internal.reflect.DirectMethodHandleAccessor.invoke(DirectMethodHandleAccessor.java:103) ~[?:?]
	at java.base/java.lang.reflect.Method.invoke(Method.java:580) ~[?:?]
	at org.springframework.beans.factory.annotation.AutowiredAnnotationBeanPostProcessor$AutowiredMethodElement.inject(AutowiredAnnotationBeanPostProcessor.java:854) ~[spring-beans-6.2.1.jar:6.2.1]
	at org.springframework.beans.factory.annotation.InjectionMetadata.inject(InjectionMetadata.java:146) ~[spring-beans-6.2.1.jar:6.2.1]
	at org.springframework.beans.factory.annotation.AutowiredAnnotationBeanPostProcessor.postProcessProperties(AutowiredAnnotationBeanPostProcessor.java:509) ~[spring-beans-6.2.1.jar:6.2.1]
	... 19 more
Caused by: org.springframework.beans.factory.BeanCreationException: Error creating bean with name 'mvcHandlerMappingIntrospector' defined in class path resource [org/springframework/boot/autoconfigure/web/servlet/WebMvcAutoConfiguration$EnableWebMvcConfiguration.class]: Error creating bean with name 'requestMappingHandlerMapping' defined in class path resource [org/springframework/boot/autoconfigure/web/servlet/WebMvcAutoConfiguration$EnableWebMvcConfiguration.class]: Ambiguous mapping. Cannot map 'productController' method 
com.ibrahim.bakkalApp.controller.ProductController#productManagement(Model)
to {GET [/admin/products]}: There is already 'adminController' bean method
com.ibrahim.bakkalApp.controller.AdminController#productsRedirect() mapped.
	at org.springframework.beans.factory.support.AbstractAutowireCapableBeanFactory.initializeBean(AbstractAutowireCapableBeanFactory.java:1808) ~[spring-beans-6.2.1.jar:6.2.1]
	at org.springframework.beans.factory.support.AbstractAutowireCapableBeanFactory.doCreateBean(AbstractAutowireCapableBeanFactory.java:601) ~[spring-beans-6.2.1.jar:6.2.1]
	at org.springframework.beans.factory.support.AbstractAutowireCapableBeanFactory.createBean(AbstractAutowireCapableBeanFactory.java:523) ~[spring-beans-6.2.1.jar:6.2.1]
	at org.springframework.beans.factory.support.AbstractBeanFactory.lambda$doGetBean$0(AbstractBeanFactory.java:336) ~[spring-beans-6.2.1.jar:6.2.1]
	at org.springframework.beans.factory.support.DefaultSingletonBeanRegistry.getSingleton(DefaultSingletonBeanRegistry.java:289) ~[spring-beans-6.2.1.jar:6.2.1]
	at org.springframework.beans.factory.support.AbstractBeanFactory.doGetBean(AbstractBeanFactory.java:334) ~[spring-beans-6.2.1.jar:6.2.1]
	at org.springframework.beans.factory.support.AbstractBeanFactory.getBean(AbstractBeanFactory.java:199) ~[spring-beans-6.2.1.jar:6.2.1]
	at org.springframework.beans.factory.support.BeanDefinitionValueResolver.resolveReference(BeanDefinitionValueResolver.java:365) ~[spring-beans-6.2.1.jar:6.2.1]
	at org.springframework.beans.factory.support.BeanDefinitionValueResolver.resolveValueIfNecessary(BeanDefinitionValueResolver.java:135) ~[spring-beans-6.2.1.jar:6.2.1]
	at org.springframework.beans.factory.support.ConstructorResolver.resolveConstructorArguments(ConstructorResolver.java:691) ~[spring-beans-6.2.1.jar:6.2.1]
	at org.springframework.beans.factory.support.ConstructorResolver.autowireConstructor(ConstructorResolver.java:206) ~[spring-beans-6.2.1.jar:6.2.1]
	at org.springframework.beans.factory.support.AbstractAutowireCapableBeanFactory.autowireConstructor(AbstractAutowireCapableBeanFactory.java:1377) ~[spring-beans-6.2.1.jar:6.2.1]
	at org.springframework.beans.factory.support.AbstractAutowireCapableBeanFactory.createBeanInstance(AbstractAutowireCapableBeanFactory.java:1214) ~[spring-beans-6.2.1.jar:6.2.1]
	at org.springframework.beans.factory.support.AbstractAutowireCapableBeanFactory.doCreateBean(AbstractAutowireCapableBeanFactory.java:563) ~[spring-beans-6.2.1.jar:6.2.1]
	at org.springframework.beans.factory.support.AbstractAutowireCapableBeanFactory.createBean(AbstractAutowireCapableBeanFactory.java:523) ~[spring-beans-6.2.1.jar:6.2.1]
	at org.springframework.beans.factory.support.AbstractBeanFactory.lambda$doGetBean$0(AbstractBeanFactory.java:336) ~[spring-beans-6.2.1.jar:6.2.1]
	at org.springframework.beans.factory.support.DefaultSingletonBeanRegistry.getSingleton(DefaultSingletonBeanRegistry.java:289) ~[spring-beans-6.2.1.jar:6.2.1]
	at org.springframework.beans.factory.support.AbstractBeanFactory.doGetBean(AbstractBeanFactory.java:334) ~[spring-beans-6.2.1.jar:6.2.1]
	at org.springframework.beans.factory.support.AbstractBeanFactory.getBean(AbstractBeanFactory.java:224) ~[spring-beans-6.2.1.jar:6.2.1]
	at org.springframework.beans.factory.support.DefaultListableBeanFactory.resolveNamedBean(DefaultListableBeanFactory.java:1489) ~[spring-beans-6.2.1.jar:6.2.1]
	at org.springframework.beans.factory.support.DefaultListableBeanFactory.resolveNamedBean(DefaultListableBeanFactory.java:1450) ~[spring-beans-6.2.1.jar:6.2.1]
	at org.springframework.beans.factory.support.DefaultListableBeanFactory.resolveBean(DefaultListableBeanFactory.java:516) ~[spring-beans-6.2.1.jar:6.2.1]
	at org.springframework.beans.factory.support.DefaultListableBeanFactory$1.getIfUnique(DefaultListableBeanFactory.java:468) ~[spring-beans-6.2.1.jar:6.2.1]
	at org.springframework.security.config.annotation.web.builders.WebSecurity.setApplicationContext(WebSecurity.java:428) ~[spring-security-config-6.4.2.jar:6.4.2]
	at org.springframework.context.support.ApplicationContextAwareProcessor.invokeAwareInterfaces(ApplicationContextAwareProcessor.java:110) ~[spring-context-6.2.1.jar:6.2.1]
	at org.springframework.context.support.ApplicationContextAwareProcessor.postProcessBeforeInitialization(ApplicationContextAwareProcessor.java:85) ~[spring-context-6.2.1.jar:6.2.1]
	at org.springframework.beans.factory.support.AbstractAutowireCapableBeanFactory.applyBeanPostProcessorsBeforeInitialization(AbstractAutowireCapableBeanFactory.java:423) ~[spring-beans-6.2.1.jar:6.2.1]
	at org.springframework.beans.factory.support.AbstractAutowireCapableBeanFactory.initializeBean(AbstractAutowireCapableBeanFactory.java:1800) ~[spring-beans-6.2.1.jar:6.2.1]
	at org.springframework.beans.factory.support.AbstractAutowireCapableBeanFactory.initializeBean(AbstractAutowireCapableBeanFactory.java:413) ~[spring-beans-6.2.1.jar:6.2.1]
	at org.springframework.security.config.annotation.configuration.AutowireBeanFactoryObjectPostProcessor.initializeBeanIfNeeded(AutowireBeanFactoryObjectPostProcessor.java:98) ~[spring-security-config-6.4.2.jar:6.4.2]
	at org.springframework.security.config.annotation.configuration.AutowireBeanFactoryObjectPostProcessor.postProcess(AutowireBeanFactoryObjectPostProcessor.java:67) ~[spring-security-config-6.4.2.jar:6.4.2]
	at org.springframework.security.config.annotation.web.configuration.WebSecurityConfiguration.setFilterChainProxySecurityConfigurer(WebSecurityConfiguration.java:145) ~[spring-security-config-6.4.2.jar:6.4.2]
	at java.base/jdk.internal.reflect.DirectMethodHandleAccessor.invoke(DirectMethodHandleAccessor.java:103) ~[?:?]
	at java.base/java.lang.reflect.Method.invoke(Method.java:580) ~[?:?]
	at org.springframework.beans.factory.annotation.AutowiredAnnotationBeanPostProcessor$AutowiredMethodElement.inject(AutowiredAnnotationBeanPostProcessor.java:854) ~[spring-beans-6.2.1.jar:6.2.1]
	at org.springframework.beans.factory.annotation.InjectionMetadata.inject(InjectionMetadata.java:146) ~[spring-beans-6.2.1.jar:6.2.1]
	at org.springframework.beans.factory.annotation.AutowiredAnnotationBeanPostProcessor.postProcessProperties(AutowiredAnnotationBeanPostProcessor.java:509) ~[spring-beans-6.2.1.jar:6.2.1]
	... 19 more
Caused by: org.springframework.beans.factory.BeanCreationException: Error creating bean with name 'requestMappingHandlerMapping' defined in class path resource [org/springframework/boot/autoconfigure/web/servlet/WebMvcAutoConfiguration$EnableWebMvcConfiguration.class]: Ambiguous mapping. Cannot map 'productController' method 
com.ibrahim.bakkalApp.controller.ProductController#productManagement(Model)
to {GET [/admin/products]}: There is already 'adminController' bean method
com.ibrahim.bakkalApp.controller.AdminController#productsRedirect() mapped.
	at org.springframework.beans.factory.support.AbstractAutowireCapableBeanFactory.initializeBean(AbstractAutowireCapableBeanFactory.java:1808) ~[spring-beans-6.2.1.jar:6.2.1]
	at org.springframework.beans.factory.support.AbstractAutowireCapableBeanFactory.doCreateBean(AbstractAutowireCapableBeanFactory.java:601) ~[spring-beans-6.2.1.jar:6.2.1]
	at org.springframework.beans.factory.support.AbstractAutowireCapableBeanFactory.createBean(AbstractAutowireCapableBeanFactory.java:523) ~[spring-beans-6.2.1.jar:6.2.1]
	at org.springframework.beans.factory.support.AbstractBeanFactory.lambda$doGetBean$0(AbstractBeanFactory.java:336) ~[spring-beans-6.2.1.jar:6.2.1]
	at org.springframework.beans.factory.support.DefaultSingletonBeanRegistry.getSingleton(DefaultSingletonBeanRegistry.java:289) ~[spring-beans-6.2.1.jar:6.2.1]
	at org.springframework.beans.factory.support.AbstractBeanFactory.doGetBean(AbstractBeanFactory.java:334) ~[spring-beans-6.2.1.jar:6.2.1]
	at org.springframework.beans.factory.support.AbstractBeanFactory.getBean(AbstractBeanFactory.java:199) ~[spring-beans-6.2.1.jar:6.2.1]
	at org.springframework.beans.factory.support.DefaultListableBeanFactory.getBeansOfType(DefaultListableBeanFactory.java:695) ~[spring-beans-6.2.1.jar:6.2.1]
	at org.springframework.context.support.AbstractApplicationContext.getBeansOfType(AbstractApplicationContext.java:1426) ~[spring-context-6.2.1.jar:6.2.1]
	at org.springframework.beans.factory.BeanFactoryUtils.beansOfTypeIncludingAncestors(BeanFactoryUtils.java:368) ~[spring-beans-6.2.1.jar:6.2.1]
	at org.springframework.web.servlet.handler.HandlerMappingIntrospector.initHandlerMappings(HandlerMappingIntrospector.java:135) ~[spring-webmvc-6.2.1.jar:6.2.1]
	at org.springframework.web.servlet.handler.HandlerMappingIntrospector.afterPropertiesSet(HandlerMappingIntrospector.java:123) ~[spring-webmvc-6.2.1.jar:6.2.1]
	at org.springframework.beans.factory.support.AbstractAutowireCapableBeanFactory.invokeInitMethods(AbstractAutowireCapableBeanFactory.java:1855) ~[spring-beans-6.2.1.jar:6.2.1]
	at org.springframework.beans.factory.support.AbstractAutowireCapableBeanFactory.initializeBean(AbstractAutowireCapableBeanFactory.java:1804) ~[spring-beans-6.2.1.jar:6.2.1]
	at org.springframework.beans.factory.support.AbstractAutowireCapableBeanFactory.doCreateBean(AbstractAutowireCapableBeanFactory.java:601) ~[spring-beans-6.2.1.jar:6.2.1]
	at org.springframework.beans.factory.support.AbstractAutowireCapableBeanFactory.createBean(AbstractAutowireCapableBeanFactory.java:523) ~[spring-beans-6.2.1.jar:6.2.1]
	at org.springframework.beans.factory.support.AbstractBeanFactory.lambda$doGetBean$0(AbstractBeanFactory.java:336) ~[spring-beans-6.2.1.jar:6.2.1]
	at org.springframework.beans.factory.support.DefaultSingletonBeanRegistry.getSingleton(DefaultSingletonBeanRegistry.java:289) ~[spring-beans-6.2.1.jar:6.2.1]
	at org.springframework.beans.factory.support.AbstractBeanFactory.doGetBean(AbstractBeanFactory.java:334) ~[spring-beans-6.2.1.jar:6.2.1]
	at org.springframework.beans.factory.support.AbstractBeanFactory.getBean(AbstractBeanFactory.java:199) ~[spring-beans-6.2.1.jar:6.2.1]
	at org.springframework.beans.factory.support.BeanDefinitionValueResolver.resolveReference(BeanDefinitionValueResolver.java:365) ~[spring-beans-6.2.1.jar:6.2.1]
	at org.springframework.beans.factory.support.BeanDefinitionValueResolver.resolveValueIfNecessary(BeanDefinitionValueResolver.java:135) ~[spring-beans-6.2.1.jar:6.2.1]
	at org.springframework.beans.factory.support.ConstructorResolver.resolveConstructorArguments(ConstructorResolver.java:691) ~[spring-beans-6.2.1.jar:6.2.1]
	at org.springframework.beans.factory.support.ConstructorResolver.autowireConstructor(ConstructorResolver.java:206) ~[spring-beans-6.2.1.jar:6.2.1]
	at org.springframework.beans.factory.support.AbstractAutowireCapableBeanFactory.autowireConstructor(AbstractAutowireCapableBeanFactory.java:1377) ~[spring-beans-6.2.1.jar:6.2.1]
	at org.springframework.beans.factory.support.AbstractAutowireCapableBeanFactory.createBeanInstance(AbstractAutowireCapableBeanFactory.java:1214) ~[spring-beans-6.2.1.jar:6.2.1]
	at org.springframework.beans.factory.support.AbstractAutowireCapableBeanFactory.doCreateBean(AbstractAutowireCapableBeanFactory.java:563) ~[spring-beans-6.2.1.jar:6.2.1]
	at org.springframework.beans.factory.support.AbstractAutowireCapableBeanFactory.createBean(AbstractAutowireCapableBeanFactory.java:523) ~[spring-beans-6.2.1.jar:6.2.1]
	at org.springframework.beans.factory.support.AbstractBeanFactory.lambda$doGetBean$0(AbstractBeanFactory.java:336) ~[spring-beans-6.2.1.jar:6.2.1]
	at org.springframework.beans.factory.support.DefaultSingletonBeanRegistry.getSingleton(DefaultSingletonBeanRegistry.java:289) ~[spring-beans-6.2.1.jar:6.2.1]
	at org.springframework.beans.factory.support.AbstractBeanFactory.doGetBean(AbstractBeanFactory.java:334) ~[spring-beans-6.2.1.jar:6.2.1]
	at org.springframework.beans.factory.support.AbstractBeanFactory.getBean(AbstractBeanFactory.java:224) ~[spring-beans-6.2.1.jar:6.2.1]
	at org.springframework.beans.factory.support.DefaultListableBeanFactory.resolveNamedBean(DefaultListableBeanFactory.java:1489) ~[spring-beans-6.2.1.jar:6.2.1]
	at org.springframework.beans.factory.support.DefaultListableBeanFactory.resolveNamedBean(DefaultListableBeanFactory.java:1450) ~[spring-beans-6.2.1.jar:6.2.1]
	at org.springframework.beans.factory.support.DefaultListableBeanFactory.resolveBean(DefaultListableBeanFactory.java:516) ~[spring-beans-6.2.1.jar:6.2.1]
	at org.springframework.beans.factory.support.DefaultListableBeanFactory$1.getIfUnique(DefaultListableBeanFactory.java:468) ~[spring-beans-6.2.1.jar:6.2.1]
	at org.springframework.security.config.annotation.web.builders.WebSecurity.setApplicationContext(WebSecurity.java:428) ~[spring-security-config-6.4.2.jar:6.4.2]
	at org.springframework.context.support.ApplicationContextAwareProcessor.invokeAwareInterfaces(ApplicationContextAwareProcessor.java:110) ~[spring-context-6.2.1.jar:6.2.1]
	at org.springframework.context.support.ApplicationContextAwareProcessor.postProcessBeforeInitialization(ApplicationContextAwareProcessor.java:85) ~[spring-context-6.2.1.jar:6.2.1]
	at org.springframework.beans.factory.support.AbstractAutowireCapableBeanFactory.applyBeanPostProcessorsBeforeInitialization(AbstractAutowireCapableBeanFactory.java:423) ~[spring-beans-6.2.1.jar:6.2.1]
	at org.springframework.beans.factory.support.AbstractAutowireCapableBeanFactory.initializeBean(AbstractAutowireCapableBeanFactory.java:1800) ~[spring-beans-6.2.1.jar:6.2.1]
	at org.springframework.beans.factory.support.AbstractAutowireCapableBeanFactory.initializeBean(AbstractAutowireCapableBeanFactory.java:413) ~[spring-beans-6.2.1.jar:6.2.1]
	at org.springframework.security.config.annotation.configuration.AutowireBeanFactoryObjectPostProcessor.initializeBeanIfNeeded(AutowireBeanFactoryObjectPostProcessor.java:98) ~[spring-security-config-6.4.2.jar:6.4.2]
	at org.springframework.security.config.annotation.configuration.AutowireBeanFactoryObjectPostProcessor.postProcess(AutowireBeanFactoryObjectPostProcessor.java:67) ~[spring-security-config-6.4.2.jar:6.4.2]
	at org.springframework.security.config.annotation.web.configuration.WebSecurityConfiguration.setFilterChainProxySecurityConfigurer(WebSecurityConfiguration.java:145) ~[spring-security-config-6.4.2.jar:6.4.2]
	at java.base/jdk.internal.reflect.DirectMethodHandleAccessor.invoke(DirectMethodHandleAccessor.java:103) ~[?:?]
	at java.base/java.lang.reflect.Method.invoke(Method.java:580) ~[?:?]
	at org.springframework.beans.factory.annotation.AutowiredAnnotationBeanPostProcessor$AutowiredMethodElement.inject(AutowiredAnnotationBeanPostProcessor.java:854) ~[spring-beans-6.2.1.jar:6.2.1]
	at org.springframework.beans.factory.annotation.InjectionMetadata.inject(InjectionMetadata.java:146) ~[spring-beans-6.2.1.jar:6.2.1]
	at org.springframework.beans.factory.annotation.AutowiredAnnotationBeanPostProcessor.postProcessProperties(AutowiredAnnotationBeanPostProcessor.java:509) ~[spring-beans-6.2.1.jar:6.2.1]
	... 19 more
Caused by: java.lang.IllegalStateException: Ambiguous mapping. Cannot map 'productController' method 
com.ibrahim.bakkalApp.controller.ProductController#productManagement(Model)
to {GET [/admin/products]}: There is already 'adminController' bean method
com.ibrahim.bakkalApp.controller.AdminController#productsRedirect() mapped.
	at org.springframework.web.servlet.handler.AbstractHandlerMethodMapping$MappingRegistry.validateMethodMapping(AbstractHandlerMethodMapping.java:675) ~[spring-webmvc-6.2.1.jar:6.2.1]
	at org.springframework.web.servlet.handler.AbstractHandlerMethodMapping$MappingRegistry.register(AbstractHandlerMethodMapping.java:637) ~[spring-webmvc-6.2.1.jar:6.2.1]
	at org.springframework.web.servlet.handler.AbstractHandlerMethodMapping.registerHandlerMethod(AbstractHandlerMethodMapping.java:331) ~[spring-webmvc-6.2.1.jar:6.2.1]
	at org.springframework.web.servlet.mvc.method.annotation.RequestMappingHandlerMapping.registerHandlerMethod(RequestMappingHandlerMapping.java:509) ~[spring-webmvc-6.2.1.jar:6.2.1]
	at org.springframework.web.servlet.mvc.method.annotation.RequestMappingHandlerMapping.registerHandlerMethod(RequestMappingHandlerMapping.java:84) ~[spring-webmvc-6.2.1.jar:6.2.1]
	at org.springframework.web.servlet.handler.AbstractHandlerMethodMapping.lambda$detectHandlerMethods$2(AbstractHandlerMethodMapping.java:298) ~[spring-webmvc-6.2.1.jar:6.2.1]
	at java.base/java.util.LinkedHashMap.forEach(LinkedHashMap.java:987) ~[?:?]
	at org.springframework.web.servlet.handler.AbstractHandlerMethodMapping.detectHandlerMethods(AbstractHandlerMethodMapping.java:296) ~[spring-webmvc-6.2.1.jar:6.2.1]
	at org.springframework.web.servlet.handler.AbstractHandlerMethodMapping.processCandidateBean(AbstractHandlerMethodMapping.java:265) ~[spring-webmvc-6.2.1.jar:6.2.1]
	at org.springframework.web.servlet.handler.AbstractHandlerMethodMapping.initHandlerMethods(AbstractHandlerMethodMapping.java:224) ~[spring-webmvc-6.2.1.jar:6.2.1]
	at org.springframework.web.servlet.handler.AbstractHandlerMethodMapping.afterPropertiesSet(AbstractHandlerMethodMapping.java:212) ~[spring-webmvc-6.2.1.jar:6.2.1]
	at org.springframework.web.servlet.mvc.method.annotation.RequestMappingHandlerMapping.afterPropertiesSet(RequestMappingHandlerMapping.java:239) ~[spring-webmvc-6.2.1.jar:6.2.1]
	at org.springframework.beans.factory.support.AbstractAutowireCapableBeanFactory.invokeInitMethods(AbstractAutowireCapableBeanFactory.java:1855) ~[spring-beans-6.2.1.jar:6.2.1]
	at org.springframework.beans.factory.support.AbstractAutowireCapableBeanFactory.initializeBean(AbstractAutowireCapableBeanFactory.java:1804) ~[spring-beans-6.2.1.jar:6.2.1]
	at org.springframework.beans.factory.support.AbstractAutowireCapableBeanFactory.doCreateBean(AbstractAutowireCapableBeanFactory.java:601) ~[spring-beans-6.2.1.jar:6.2.1]
	at org.springframework.beans.factory.support.AbstractAutowireCapableBeanFactory.createBean(AbstractAutowireCapableBeanFactory.java:523) ~[spring-beans-6.2.1.jar:6.2.1]
	at org.springframework.beans.factory.support.AbstractBeanFactory.lambda$doGetBean$0(AbstractBeanFactory.java:336) ~[spring-beans-6.2.1.jar:6.2.1]
	at org.springframework.beans.factory.support.DefaultSingletonBeanRegistry.getSingleton(DefaultSingletonBeanRegistry.java:289) ~[spring-beans-6.2.1.jar:6.2.1]
	at org.springframework.beans.factory.support.AbstractBeanFactory.doGetBean(AbstractBeanFactory.java:334) ~[spring-beans-6.2.1.jar:6.2.1]
	at org.springframework.beans.factory.support.AbstractBeanFactory.getBean(AbstractBeanFactory.java:199) ~[spring-beans-6.2.1.jar:6.2.1]
	at org.springframework.beans.factory.support.DefaultListableBeanFactory.getBeansOfType(DefaultListableBeanFactory.java:695) ~[spring-beans-6.2.1.jar:6.2.1]
	at org.springframework.context.support.AbstractApplicationContext.getBeansOfType(AbstractApplicationContext.java:1426) ~[spring-context-6.2.1.jar:6.2.1]
	at org.springframework.beans.factory.BeanFactoryUtils.beansOfTypeIncludingAncestors(BeanFactoryUtils.java:368) ~[spring-beans-6.2.1.jar:6.2.1]
	at org.springframework.web.servlet.handler.HandlerMappingIntrospector.initHandlerMappings(HandlerMappingIntrospector.java:135) ~[spring-webmvc-6.2.1.jar:6.2.1]
	at org.springframework.web.servlet.handler.HandlerMappingIntrospector.afterPropertiesSet(HandlerMappingIntrospector.java:123) ~[spring-webmvc-6.2.1.jar:6.2.1]
	at org.springframework.beans.factory.support.AbstractAutowireCapableBeanFactory.invokeInitMethods(AbstractAutowireCapableBeanFactory.java:1855) ~[spring-beans-6.2.1.jar:6.2.1]
	at org.springframework.beans.factory.support.AbstractAutowireCapableBeanFactory.initializeBean(AbstractAutowireCapableBeanFactory.java:1804) ~[spring-beans-6.2.1.jar:6.2.1]
	at org.springframework.beans.factory.support.AbstractAutowireCapableBeanFactory.doCreateBean(AbstractAutowireCapableBeanFactory.java:601) ~[spring-beans-6.2.1.jar:6.2.1]
	at org.springframework.beans.factory.support.AbstractAutowireCapableBeanFactory.createBean(AbstractAutowireCapableBeanFactory.java:523) ~[spring-beans-6.2.1.jar:6.2.1]
	at org.springframework.beans.factory.support.AbstractBeanFactory.lambda$doGetBean$0(AbstractBeanFactory.java:336) ~[spring-beans-6.2.1.jar:6.2.1]
	at org.springframework.beans.factory.support.DefaultSingletonBeanRegistry.getSingleton(DefaultSingletonBeanRegistry.java:289) ~[spring-beans-6.2.1.jar:6.2.1]
	at org.springframework.beans.factory.support.AbstractBeanFactory.doGetBean(AbstractBeanFactory.java:334) ~[spring-beans-6.2.1.jar:6.2.1]
	at org.springframework.beans.factory.support.AbstractBeanFactory.getBean(AbstractBeanFactory.java:199) ~[spring-beans-6.2.1.jar:6.2.1]
	at org.springframework.beans.factory.support.BeanDefinitionValueResolver.resolveReference(BeanDefinitionValueResolver.java:365) ~[spring-beans-6.2.1.jar:6.2.1]
	at org.springframework.beans.factory.support.BeanDefinitionValueResolver.resolveValueIfNecessary(BeanDefinitionValueResolver.java:135) ~[spring-beans-6.2.1.jar:6.2.1]
	at org.springframework.beans.factory.support.ConstructorResolver.resolveConstructorArguments(ConstructorResolver.java:691) ~[spring-beans-6.2.1.jar:6.2.1]
	at org.springframework.beans.factory.support.ConstructorResolver.autowireConstructor(ConstructorResolver.java:206) ~[spring-beans-6.2.1.jar:6.2.1]
	at org.springframework.beans.factory.support.AbstractAutowireCapableBeanFactory.autowireConstructor(AbstractAutowireCapableBeanFactory.java:1377) ~[spring-beans-6.2.1.jar:6.2.1]
	at org.springframework.beans.factory.support.AbstractAutowireCapableBeanFactory.createBeanInstance(AbstractAutowireCapableBeanFactory.java:1214) ~[spring-beans-6.2.1.jar:6.2.1]
	at org.springframework.beans.factory.support.AbstractAutowireCapableBeanFactory.doCreateBean(AbstractAutowireCapableBeanFactory.java:563) ~[spring-beans-6.2.1.jar:6.2.1]
	at org.springframework.beans.factory.support.AbstractAutowireCapableBeanFactory.createBean(AbstractAutowireCapableBeanFactory.java:523) ~[spring-beans-6.2.1.jar:6.2.1]
	at org.springframework.beans.factory.support.AbstractBeanFactory.lambda$doGetBean$0(AbstractBeanFactory.java:336) ~[spring-beans-6.2.1.jar:6.2.1]
	at org.springframework.beans.factory.support.DefaultSingletonBeanRegistry.getSingleton(DefaultSingletonBeanRegistry.java:289) ~[spring-beans-6.2.1.jar:6.2.1]
	at org.springframework.beans.factory.support.AbstractBeanFactory.doGetBean(AbstractBeanFactory.java:334) ~[spring-beans-6.2.1.jar:6.2.1]
	at org.springframework.beans.factory.support.AbstractBeanFactory.getBean(AbstractBeanFactory.java:224) ~[spring-beans-6.2.1.jar:6.2.1]
	at org.springframework.beans.factory.support.DefaultListableBeanFactory.resolveNamedBean(DefaultListableBeanFactory.java:1489) ~[spring-beans-6.2.1.jar:6.2.1]
	at org.springframework.beans.factory.support.DefaultListableBeanFactory.resolveNamedBean(DefaultListableBeanFactory.java:1450) ~[spring-beans-6.2.1.jar:6.2.1]
	at org.springframework.beans.factory.support.DefaultListableBeanFactory.resolveBean(DefaultListableBeanFactory.java:516) ~[spring-beans-6.2.1.jar:6.2.1]
	at org.springframework.beans.factory.support.DefaultListableBeanFactory$1.getIfUnique(DefaultListableBeanFactory.java:468) ~[spring-beans-6.2.1.jar:6.2.1]
	at org.springframework.security.config.annotation.web.builders.WebSecurity.setApplicationContext(WebSecurity.java:428) ~[spring-security-config-6.4.2.jar:6.4.2]
	at org.springframework.context.support.ApplicationContextAwareProcessor.invokeAwareInterfaces(ApplicationContextAwareProcessor.java:110) ~[spring-context-6.2.1.jar:6.2.1]
	at org.springframework.context.support.ApplicationContextAwareProcessor.postProcessBeforeInitialization(ApplicationContextAwareProcessor.java:85) ~[spring-context-6.2.1.jar:6.2.1]
	at org.springframework.beans.factory.support.AbstractAutowireCapableBeanFactory.applyBeanPostProcessorsBeforeInitialization(AbstractAutowireCapableBeanFactory.java:423) ~[spring-beans-6.2.1.jar:6.2.1]
	at org.springframework.beans.factory.support.AbstractAutowireCapableBeanFactory.initializeBean(AbstractAutowireCapableBeanFactory.java:1800) ~[spring-beans-6.2.1.jar:6.2.1]
	at org.springframework.beans.factory.support.AbstractAutowireCapableBeanFactory.initializeBean(AbstractAutowireCapableBeanFactory.java:413) ~[spring-beans-6.2.1.jar:6.2.1]
	at org.springframework.security.config.annotation.configuration.AutowireBeanFactoryObjectPostProcessor.initializeBeanIfNeeded(AutowireBeanFactoryObjectPostProcessor.java:98) ~[spring-security-config-6.4.2.jar:6.4.2]
	at org.springframework.security.config.annotation.configuration.AutowireBeanFactoryObjectPostProcessor.postProcess(AutowireBeanFactoryObjectPostProcessor.java:67) ~[spring-security-config-6.4.2.jar:6.4.2]
	at org.springframework.security.config.annotation.web.configuration.WebSecurityConfiguration.setFilterChainProxySecurityConfigurer(WebSecurityConfiguration.java:145) ~[spring-security-config-6.4.2.jar:6.4.2]
	at java.base/jdk.internal.reflect.DirectMethodHandleAccessor.invoke(DirectMethodHandleAccessor.java:103) ~[?:?]
	at java.base/java.lang.reflect.Method.invoke(Method.java:580) ~[?:?]
	at org.springframework.beans.factory.annotation.AutowiredAnnotationBeanPostProcessor$AutowiredMethodElement.inject(AutowiredAnnotationBeanPostProcessor.java:854) ~[spring-beans-6.2.1.jar:6.2.1]
	at org.springframework.beans.factory.annotation.InjectionMetadata.inject(InjectionMetadata.java:146) ~[spring-beans-6.2.1.jar:6.2.1]
	at org.springframework.beans.factory.annotation.AutowiredAnnotationBeanPostProcessor.postProcessProperties(AutowiredAnnotationBeanPostProcessor.java:509) ~[spring-beans-6.2.1.jar:6.2.1]
	... 19 more
2026-02-20 11:41:49.611 [main] INFO  com.ibrahim.bakkalApp.BakkalAppApplication - Starting BakkalAppApplication using Java 23.0.1 with PID 29896 (C:\Users\8063\IdeaProjects\bakkalApp\bakkalApp\target\classes started by 8063 in C:\Users\8063\IdeaProjects\bakkalApp\bakkalApp)
2026-02-20 11:41:49.633 [main] INFO  com.ibrahim.bakkalApp.BakkalAppApplication - No active profile set, falling back to 1 default profile: "default"
2026-02-20 11:41:51.155 [main] INFO  org.springframework.data.repository.config.RepositoryConfigurationDelegate - Bootstrapping Spring Data JPA repositories in DEFAULT mode.
2026-02-20 11:41:51.271 [main] INFO  org.springframework.data.repository.config.RepositoryConfigurationDelegate - Finished Spring Data repository scanning in 102 ms. Found 5 JPA repository interfaces.
2026-02-20 11:41:52.214 [main] INFO  org.springframework.boot.web.embedded.tomcat.TomcatWebServer - Tomcat initialized with port 8085 (http)
2026-02-20 11:41:52.233 [main] INFO  org.apache.coyote.http11.Http11NioProtocol - Initializing ProtocolHandler ["http-nio-8085"]
2026-02-20 11:41:52.233 [main] INFO  org.apache.catalina.core.StandardService - Starting service [Tomcat]
2026-02-20 11:41:52.240 [main] INFO  org.apache.catalina.core.StandardEngine - Starting Servlet engine: [Apache Tomcat/10.1.34]
2026-02-20 11:41:52.410 [main] INFO  org.apache.catalina.core.ContainerBase.[Tomcat].[localhost].[/] - Initializing Spring embedded WebApplicationContext
2026-02-20 11:41:52.414 [main] INFO  org.springframework.boot.web.servlet.context.ServletWebServerApplicationContext - Root WebApplicationContext: initialization completed in 2627 ms
2026-02-20 11:41:53.482 [main] INFO  org.springframework.orm.jpa.persistenceunit.SpringPersistenceUnitInfo - No LoadTimeWeaver setup: ignoring JPA class transformer
2026-02-20 11:41:53.535 [main] INFO  com.zaxxer.hikari.HikariDataSource - HikariPool-1 - Starting...
2026-02-20 11:41:54.011 [main] INFO  com.zaxxer.hikari.pool.HikariPool - HikariPool-1 - Added connection conn0: url=jdbc:h2:file:./data/testdb user=SA
2026-02-20 11:41:54.015 [main] INFO  com.zaxxer.hikari.HikariDataSource - HikariPool-1 - Start completed.
2026-02-20 11:41:54.074 [main] WARN  org.hibernate.orm.deprecation - HHH90000025: H2Dialect does not need to be specified explicitly using 'hibernate.dialect' (remove the property setting and it will be selected by default)
2026-02-20 11:41:55.832 [main] INFO  org.springframework.orm.jpa.LocalContainerEntityManagerFactoryBean - Initialized JPA EntityManagerFactory for persistence unit 'default'
2026-02-20 11:41:56.405 [main] INFO  org.springframework.security.config.annotation.authentication.configuration.InitializeUserDetailsBeanManagerConfigurer$InitializeUserDetailsManagerConfigurer - Global AuthenticationManager configured with UserDetailsService bean with name customUserDetailsService
2026-02-20 11:41:56.574 [main] WARN  org.springframework.boot.web.servlet.context.AnnotationConfigServletWebServerApplicationContext - Exception encountered during context initialization - cancelling refresh attempt: org.springframework.beans.factory.BeanCreationException: Error creating bean with name 'org.springframework.security.config.annotation.web.configuration.WebSecurityConfiguration': Injection of autowired dependencies failed
2026-02-20 11:41:56.576 [main] INFO  org.springframework.orm.jpa.LocalContainerEntityManagerFactoryBean - Closing JPA EntityManagerFactory for persistence unit 'default'
2026-02-20 11:41:56.578 [main] INFO  com.zaxxer.hikari.HikariDataSource - HikariPool-1 - Shutdown initiated...
2026-02-20 11:41:56.582 [main] INFO  com.zaxxer.hikari.HikariDataSource - HikariPool-1 - Shutdown completed.
2026-02-20 11:41:56.582 [main] INFO  org.apache.catalina.core.StandardService - Stopping service [Tomcat]
2026-02-20 11:41:56.607 [main] INFO  org.springframework.boot.autoconfigure.logging.ConditionEvaluationReportLogger - 

Error starting ApplicationContext. To display the condition evaluation report re-run your application with 'debug' enabled.
2026-02-20 11:41:56.632 [main] ERROR org.springframework.boot.SpringApplication - Application run failed
org.springframework.beans.factory.BeanCreationException: Error creating bean with name 'org.springframework.security.config.annotation.web.configuration.WebSecurityConfiguration': Injection of autowired dependencies failed
	at org.springframework.beans.factory.annotation.AutowiredAnnotationBeanPostProcessor.postProcessProperties(AutowiredAnnotationBeanPostProcessor.java:515) ~[spring-beans-6.2.1.jar:6.2.1]
	at org.springframework.beans.factory.support.AbstractAutowireCapableBeanFactory.populateBean(AbstractAutowireCapableBeanFactory.java:1441) ~[spring-beans-6.2.1.jar:6.2.1]
	at org.springframework.beans.factory.support.AbstractAutowireCapableBeanFactory.doCreateBean(AbstractAutowireCapableBeanFactory.java:600) ~[spring-beans-6.2.1.jar:6.2.1]
	at org.springframework.beans.factory.support.AbstractAutowireCapableBeanFactory.createBean(AbstractAutowireCapableBeanFactory.java:523) ~[spring-beans-6.2.1.jar:6.2.1]
	at org.springframework.beans.factory.support.AbstractBeanFactory.lambda$doGetBean$0(AbstractBeanFactory.java:336) ~[spring-beans-6.2.1.jar:6.2.1]
	at org.springframework.beans.factory.support.DefaultSingletonBeanRegistry.getSingleton(DefaultSingletonBeanRegistry.java:289) ~[spring-beans-6.2.1.jar:6.2.1]
	at org.springframework.beans.factory.support.AbstractBeanFactory.doGetBean(AbstractBeanFactory.java:334) ~[spring-beans-6.2.1.jar:6.2.1]
	at org.springframework.beans.factory.support.AbstractBeanFactory.getBean(AbstractBeanFactory.java:199) ~[spring-beans-6.2.1.jar:6.2.1]
	at org.springframework.beans.factory.support.DefaultListableBeanFactory.instantiateSingleton(DefaultListableBeanFactory.java:1122) ~[spring-beans-6.2.1.jar:6.2.1]
	at org.springframework.beans.factory.support.DefaultListableBeanFactory.preInstantiateSingleton(DefaultListableBeanFactory.java:1093) ~[spring-beans-6.2.1.jar:6.2.1]
	at org.springframework.beans.factory.support.DefaultListableBeanFactory.preInstantiateSingletons(DefaultListableBeanFactory.java:1030) ~[spring-beans-6.2.1.jar:6.2.1]
	at org.springframework.context.support.AbstractApplicationContext.finishBeanFactoryInitialization(AbstractApplicationContext.java:987) ~[spring-context-6.2.1.jar:6.2.1]
	at org.springframework.context.support.AbstractApplicationContext.refresh(AbstractApplicationContext.java:627) ~[spring-context-6.2.1.jar:6.2.1]
	at org.springframework.boot.web.servlet.context.ServletWebServerApplicationContext.refresh(ServletWebServerApplicationContext.java:146) ~[spring-boot-3.4.1.jar:3.4.1]
	at org.springframework.boot.SpringApplication.refresh(SpringApplication.java:752) [spring-boot-3.4.1.jar:3.4.1]
	at org.springframework.boot.SpringApplication.refreshContext(SpringApplication.java:439) [spring-boot-3.4.1.jar:3.4.1]
	at org.springframework.boot.SpringApplication.run(SpringApplication.java:318) [spring-boot-3.4.1.jar:3.4.1]
	at org.springframework.boot.SpringApplication.run(SpringApplication.java:1361) [spring-boot-3.4.1.jar:3.4.1]
	at org.springframework.boot.SpringApplication.run(SpringApplication.java:1350) [spring-boot-3.4.1.jar:3.4.1]
	at com.ibrahim.bakkalApp.BakkalAppApplication.main(BakkalAppApplication.java:10) [classes/:?]
Caused by: java.lang.RuntimeException: Could not postProcess org.springframework.security.config.annotation.web.builders.WebSecurity@346d8002 of type class org.springframework.security.config.annotation.web.builders.WebSecurity
	at org.springframework.security.config.annotation.configuration.AutowireBeanFactoryObjectPostProcessor.postProcess(AutowireBeanFactoryObjectPostProcessor.java:71) ~[spring-security-config-6.4.2.jar:6.4.2]
	at org.springframework.security.config.annotation.web.configuration.WebSecurityConfiguration.setFilterChainProxySecurityConfigurer(WebSecurityConfiguration.java:145) ~[spring-security-config-6.4.2.jar:6.4.2]
	at java.base/jdk.internal.reflect.DirectMethodHandleAccessor.invoke(DirectMethodHandleAccessor.java:103) ~[?:?]
	at java.base/java.lang.reflect.Method.invoke(Method.java:580) ~[?:?]
	at org.springframework.beans.factory.annotation.AutowiredAnnotationBeanPostProcessor$AutowiredMethodElement.inject(AutowiredAnnotationBeanPostProcessor.java:854) ~[spring-beans-6.2.1.jar:6.2.1]
	at org.springframework.beans.factory.annotation.InjectionMetadata.inject(InjectionMetadata.java:146) ~[spring-beans-6.2.1.jar:6.2.1]
	at org.springframework.beans.factory.annotation.AutowiredAnnotationBeanPostProcessor.postProcessProperties(AutowiredAnnotationBeanPostProcessor.java:509) ~[spring-beans-6.2.1.jar:6.2.1]
	... 19 more
Caused by: org.springframework.beans.factory.BeanCreationException: Error creating bean with name 'mvcHandlerMappingIntrospectorRequestTransformer': Cannot resolve reference to bean 'mvcHandlerMappingIntrospector' while setting constructor argument
	at org.springframework.beans.factory.support.BeanDefinitionValueResolver.resolveReference(BeanDefinitionValueResolver.java:377) ~[spring-beans-6.2.1.jar:6.2.1]
	at org.springframework.beans.factory.support.BeanDefinitionValueResolver.resolveValueIfNecessary(BeanDefinitionValueResolver.java:135) ~[spring-beans-6.2.1.jar:6.2.1]
	at org.springframework.beans.factory.support.ConstructorResolver.resolveConstructorArguments(ConstructorResolver.java:691) ~[spring-beans-6.2.1.jar:6.2.1]
	at org.springframework.beans.factory.support.ConstructorResolver.autowireConstructor(ConstructorResolver.java:206) ~[spring-beans-6.2.1.jar:6.2.1]
	at org.springframework.beans.factory.support.AbstractAutowireCapableBeanFactory.autowireConstructor(AbstractAutowireCapableBeanFactory.java:1377) ~[spring-beans-6.2.1.jar:6.2.1]
	at org.springframework.beans.factory.support.AbstractAutowireCapableBeanFactory.createBeanInstance(AbstractAutowireCapableBeanFactory.java:1214) ~[spring-beans-6.2.1.jar:6.2.1]
	at org.springframework.beans.factory.support.AbstractAutowireCapableBeanFactory.doCreateBean(AbstractAutowireCapableBeanFactory.java:563) ~[spring-beans-6.2.1.jar:6.2.1]
	at org.springframework.beans.factory.support.AbstractAutowireCapableBeanFactory.createBean(AbstractAutowireCapableBeanFactory.java:523) ~[spring-beans-6.2.1.jar:6.2.1]
	at org.springframework.beans.factory.support.AbstractBeanFactory.lambda$doGetBean$0(AbstractBeanFactory.java:336) ~[spring-beans-6.2.1.jar:6.2.1]
	at org.springframework.beans.factory.support.DefaultSingletonBeanRegistry.getSingleton(DefaultSingletonBeanRegistry.java:289) ~[spring-beans-6.2.1.jar:6.2.1]
	at org.springframework.beans.factory.support.AbstractBeanFactory.doGetBean(AbstractBeanFactory.java:334) ~[spring-beans-6.2.1.jar:6.2.1]
	at org.springframework.beans.factory.support.AbstractBeanFactory.getBean(AbstractBeanFactory.java:224) ~[spring-beans-6.2.1.jar:6.2.1]
	at org.springframework.beans.factory.support.DefaultListableBeanFactory.resolveNamedBean(DefaultListableBeanFactory.java:1489) ~[spring-beans-6.2.1.jar:6.2.1]
	at org.springframework.beans.factory.support.DefaultListableBeanFactory.resolveNamedBean(DefaultListableBeanFactory.java:1450) ~[spring-beans-6.2.1.jar:6.2.1]
	at org.springframework.beans.factory.support.DefaultListableBeanFactory.resolveBean(DefaultListableBeanFactory.java:516) ~[spring-beans-6.2.1.jar:6.2.1]
	at org.springframework.beans.factory.support.DefaultListableBeanFactory$1.getIfUnique(DefaultListableBeanFactory.java:468) ~[spring-beans-6.2.1.jar:6.2.1]
	at org.springframework.security.config.annotation.web.builders.WebSecurity.setApplicationContext(WebSecurity.java:428) ~[spring-security-config-6.4.2.jar:6.4.2]
	at org.springframework.context.support.ApplicationContextAwareProcessor.invokeAwareInterfaces(ApplicationContextAwareProcessor.java:110) ~[spring-context-6.2.1.jar:6.2.1]
	at org.springframework.context.support.ApplicationContextAwareProcessor.postProcessBeforeInitialization(ApplicationContextAwareProcessor.java:85) ~[spring-context-6.2.1.jar:6.2.1]
	at org.springframework.beans.factory.support.AbstractAutowireCapableBeanFactory.applyBeanPostProcessorsBeforeInitialization(AbstractAutowireCapableBeanFactory.java:423) ~[spring-beans-6.2.1.jar:6.2.1]
	at org.springframework.beans.factory.support.AbstractAutowireCapableBeanFactory.initializeBean(AbstractAutowireCapableBeanFactory.java:1800) ~[spring-beans-6.2.1.jar:6.2.1]
	at org.springframework.beans.factory.support.AbstractAutowireCapableBeanFactory.initializeBean(AbstractAutowireCapableBeanFactory.java:413) ~[spring-beans-6.2.1.jar:6.2.1]
	at org.springframework.security.config.annotation.configuration.AutowireBeanFactoryObjectPostProcessor.initializeBeanIfNeeded(AutowireBeanFactoryObjectPostProcessor.java:98) ~[spring-security-config-6.4.2.jar:6.4.2]
	at org.springframework.security.config.annotation.configuration.AutowireBeanFactoryObjectPostProcessor.postProcess(AutowireBeanFactoryObjectPostProcessor.java:67) ~[spring-security-config-6.4.2.jar:6.4.2]
	at org.springframework.security.config.annotation.web.configuration.WebSecurityConfiguration.setFilterChainProxySecurityConfigurer(WebSecurityConfiguration.java:145) ~[spring-security-config-6.4.2.jar:6.4.2]
	at java.base/jdk.internal.reflect.DirectMethodHandleAccessor.invoke(DirectMethodHandleAccessor.java:103) ~[?:?]
	at java.base/java.lang.reflect.Method.invoke(Method.java:580) ~[?:?]
	at org.springframework.beans.factory.annotation.AutowiredAnnotationBeanPostProcessor$AutowiredMethodElement.inject(AutowiredAnnotationBeanPostProcessor.java:854) ~[spring-beans-6.2.1.jar:6.2.1]
	at org.springframework.beans.factory.annotation.InjectionMetadata.inject(InjectionMetadata.java:146) ~[spring-beans-6.2.1.jar:6.2.1]
	at org.springframework.beans.factory.annotation.AutowiredAnnotationBeanPostProcessor.postProcessProperties(AutowiredAnnotationBeanPostProcessor.java:509) ~[spring-beans-6.2.1.jar:6.2.1]
	... 19 more
Caused by: org.springframework.beans.factory.BeanCreationException: Error creating bean with name 'mvcHandlerMappingIntrospector' defined in class path resource [org/springframework/boot/autoconfigure/web/servlet/WebMvcAutoConfiguration$EnableWebMvcConfiguration.class]: Error creating bean with name 'requestMappingHandlerMapping' defined in class path resource [org/springframework/boot/autoconfigure/web/servlet/WebMvcAutoConfiguration$EnableWebMvcConfiguration.class]: Ambiguous mapping. Cannot map 'productController' method 
com.ibrahim.bakkalApp.controller.ProductController#productManagement(Model)
to {GET [/admin/products]}: There is already 'adminController' bean method
com.ibrahim.bakkalApp.controller.AdminController#productsRedirect() mapped.
	at org.springframework.beans.factory.support.AbstractAutowireCapableBeanFactory.initializeBean(AbstractAutowireCapableBeanFactory.java:1808) ~[spring-beans-6.2.1.jar:6.2.1]
	at org.springframework.beans.factory.support.AbstractAutowireCapableBeanFactory.doCreateBean(AbstractAutowireCapableBeanFactory.java:601) ~[spring-beans-6.2.1.jar:6.2.1]
	at org.springframework.beans.factory.support.AbstractAutowireCapableBeanFactory.createBean(AbstractAutowireCapableBeanFactory.java:523) ~[spring-beans-6.2.1.jar:6.2.1]
	at org.springframework.beans.factory.support.AbstractBeanFactory.lambda$doGetBean$0(AbstractBeanFactory.java:336) ~[spring-beans-6.2.1.jar:6.2.1]
	at org.springframework.beans.factory.support.DefaultSingletonBeanRegistry.getSingleton(DefaultSingletonBeanRegistry.java:289) ~[spring-beans-6.2.1.jar:6.2.1]
	at org.springframework.beans.factory.support.AbstractBeanFactory.doGetBean(AbstractBeanFactory.java:334) ~[spring-beans-6.2.1.jar:6.2.1]
	at org.springframework.beans.factory.support.AbstractBeanFactory.getBean(AbstractBeanFactory.java:199) ~[spring-beans-6.2.1.jar:6.2.1]
	at org.springframework.beans.factory.support.BeanDefinitionValueResolver.resolveReference(BeanDefinitionValueResolver.java:365) ~[spring-beans-6.2.1.jar:6.2.1]
	at org.springframework.beans.factory.support.BeanDefinitionValueResolver.resolveValueIfNecessary(BeanDefinitionValueResolver.java:135) ~[spring-beans-6.2.1.jar:6.2.1]
	at org.springframework.beans.factory.support.ConstructorResolver.resolveConstructorArguments(ConstructorResolver.java:691) ~[spring-beans-6.2.1.jar:6.2.1]
	at org.springframework.beans.factory.support.ConstructorResolver.autowireConstructor(ConstructorResolver.java:206) ~[spring-beans-6.2.1.jar:6.2.1]
	at org.springframework.beans.factory.support.AbstractAutowireCapableBeanFactory.autowireConstructor(AbstractAutowireCapableBeanFactory.java:1377) ~[spring-beans-6.2.1.jar:6.2.1]
	at org.springframework.beans.factory.support.AbstractAutowireCapableBeanFactory.createBeanInstance(AbstractAutowireCapableBeanFactory.java:1214) ~[spring-beans-6.2.1.jar:6.2.1]
	at org.springframework.beans.factory.support.AbstractAutowireCapableBeanFactory.doCreateBean(AbstractAutowireCapableBeanFactory.java:563) ~[spring-beans-6.2.1.jar:6.2.1]
	at org.springframework.beans.factory.support.AbstractAutowireCapableBeanFactory.createBean(AbstractAutowireCapableBeanFactory.java:523) ~[spring-beans-6.2.1.jar:6.2.1]
	at org.springframework.beans.factory.support.AbstractBeanFactory.lambda$doGetBean$0(AbstractBeanFactory.java:336) ~[spring-beans-6.2.1.jar:6.2.1]
	at org.springframework.beans.factory.support.DefaultSingletonBeanRegistry.getSingleton(DefaultSingletonBeanRegistry.java:289) ~[spring-beans-6.2.1.jar:6.2.1]
	at org.springframework.beans.factory.support.AbstractBeanFactory.doGetBean(AbstractBeanFactory.java:334) ~[spring-beans-6.2.1.jar:6.2.1]
	at org.springframework.beans.factory.support.AbstractBeanFactory.getBean(AbstractBeanFactory.java:224) ~[spring-beans-6.2.1.jar:6.2.1]
	at org.springframework.beans.factory.support.DefaultListableBeanFactory.resolveNamedBean(DefaultListableBeanFactory.java:1489) ~[spring-beans-6.2.1.jar:6.2.1]
	at org.springframework.beans.factory.support.DefaultListableBeanFactory.resolveNamedBean(DefaultListableBeanFactory.java:1450) ~[spring-beans-6.2.1.jar:6.2.1]
	at org.springframework.beans.factory.support.DefaultListableBeanFactory.resolveBean(DefaultListableBeanFactory.java:516) ~[spring-beans-6.2.1.jar:6.2.1]
	at org.springframework.beans.factory.support.DefaultListableBeanFactory$1.getIfUnique(DefaultListableBeanFactory.java:468) ~[spring-beans-6.2.1.jar:6.2.1]
	at org.springframework.security.config.annotation.web.builders.WebSecurity.setApplicationContext(WebSecurity.java:428) ~[spring-security-config-6.4.2.jar:6.4.2]
	at org.springframework.context.support.ApplicationContextAwareProcessor.invokeAwareInterfaces(ApplicationContextAwareProcessor.java:110) ~[spring-context-6.2.1.jar:6.2.1]
	at org.springframework.context.support.ApplicationContextAwareProcessor.postProcessBeforeInitialization(ApplicationContextAwareProcessor.java:85) ~[spring-context-6.2.1.jar:6.2.1]
	at org.springframework.beans.factory.support.AbstractAutowireCapableBeanFactory.applyBeanPostProcessorsBeforeInitialization(AbstractAutowireCapableBeanFactory.java:423) ~[spring-beans-6.2.1.jar:6.2.1]
	at org.springframework.beans.factory.support.AbstractAutowireCapableBeanFactory.initializeBean(AbstractAutowireCapableBeanFactory.java:1800) ~[spring-beans-6.2.1.jar:6.2.1]
	at org.springframework.beans.factory.support.AbstractAutowireCapableBeanFactory.initializeBean(AbstractAutowireCapableBeanFactory.java:413) ~[spring-beans-6.2.1.jar:6.2.1]
	at org.springframework.security.config.annotation.configuration.AutowireBeanFactoryObjectPostProcessor.initializeBeanIfNeeded(AutowireBeanFactoryObjectPostProcessor.java:98) ~[spring-security-config-6.4.2.jar:6.4.2]
	at org.springframework.security.config.annotation.configuration.AutowireBeanFactoryObjectPostProcessor.postProcess(AutowireBeanFactoryObjectPostProcessor.java:67) ~[spring-security-config-6.4.2.jar:6.4.2]
	at org.springframework.security.config.annotation.web.configuration.WebSecurityConfiguration.setFilterChainProxySecurityConfigurer(WebSecurityConfiguration.java:145) ~[spring-security-config-6.4.2.jar:6.4.2]
	at java.base/jdk.internal.reflect.DirectMethodHandleAccessor.invoke(DirectMethodHandleAccessor.java:103) ~[?:?]
	at java.base/java.lang.reflect.Method.invoke(Method.java:580) ~[?:?]
	at org.springframework.beans.factory.annotation.AutowiredAnnotationBeanPostProcessor$AutowiredMethodElement.inject(AutowiredAnnotationBeanPostProcessor.java:854) ~[spring-beans-6.2.1.jar:6.2.1]
	at org.springframework.beans.factory.annotation.InjectionMetadata.inject(InjectionMetadata.java:146) ~[spring-beans-6.2.1.jar:6.2.1]
	at org.springframework.beans.factory.annotation.AutowiredAnnotationBeanPostProcessor.postProcessProperties(AutowiredAnnotationBeanPostProcessor.java:509) ~[spring-beans-6.2.1.jar:6.2.1]
	... 19 more
Caused by: org.springframework.beans.factory.BeanCreationException: Error creating bean with name 'requestMappingHandlerMapping' defined in class path resource [org/springframework/boot/autoconfigure/web/servlet/WebMvcAutoConfiguration$EnableWebMvcConfiguration.class]: Ambiguous mapping. Cannot map 'productController' method 
com.ibrahim.bakkalApp.controller.ProductController#productManagement(Model)
to {GET [/admin/products]}: There is already 'adminController' bean method
com.ibrahim.bakkalApp.controller.AdminController#productsRedirect() mapped.
	at org.springframework.beans.factory.support.AbstractAutowireCapableBeanFactory.initializeBean(AbstractAutowireCapableBeanFactory.java:1808) ~[spring-beans-6.2.1.jar:6.2.1]
	at org.springframework.beans.factory.support.AbstractAutowireCapableBeanFactory.doCreateBean(AbstractAutowireCapableBeanFactory.java:601) ~[spring-beans-6.2.1.jar:6.2.1]
	at org.springframework.beans.factory.support.AbstractAutowireCapableBeanFactory.createBean(AbstractAutowireCapableBeanFactory.java:523) ~[spring-beans-6.2.1.jar:6.2.1]
	at org.springframework.beans.factory.support.AbstractBeanFactory.lambda$doGetBean$0(AbstractBeanFactory.java:336) ~[spring-beans-6.2.1.jar:6.2.1]
	at org.springframework.beans.factory.support.DefaultSingletonBeanRegistry.getSingleton(DefaultSingletonBeanRegistry.java:289) ~[spring-beans-6.2.1.jar:6.2.1]
	at org.springframework.beans.factory.support.AbstractBeanFactory.doGetBean(AbstractBeanFactory.java:334) ~[spring-beans-6.2.1.jar:6.2.1]
	at org.springframework.beans.factory.support.AbstractBeanFactory.getBean(AbstractBeanFactory.java:199) ~[spring-beans-6.2.1.jar:6.2.1]
	at org.springframework.beans.factory.support.DefaultListableBeanFactory.getBeansOfType(DefaultListableBeanFactory.java:695) ~[spring-beans-6.2.1.jar:6.2.1]
	at org.springframework.context.support.AbstractApplicationContext.getBeansOfType(AbstractApplicationContext.java:1426) ~[spring-context-6.2.1.jar:6.2.1]
	at org.springframework.beans.factory.BeanFactoryUtils.beansOfTypeIncludingAncestors(BeanFactoryUtils.java:368) ~[spring-beans-6.2.1.jar:6.2.1]
	at org.springframework.web.servlet.handler.HandlerMappingIntrospector.initHandlerMappings(HandlerMappingIntrospector.java:135) ~[spring-webmvc-6.2.1.jar:6.2.1]
	at org.springframework.web.servlet.handler.HandlerMappingIntrospector.afterPropertiesSet(HandlerMappingIntrospector.java:123) ~[spring-webmvc-6.2.1.jar:6.2.1]
	at org.springframework.beans.factory.support.AbstractAutowireCapableBeanFactory.invokeInitMethods(AbstractAutowireCapableBeanFactory.java:1855) ~[spring-beans-6.2.1.jar:6.2.1]
	at org.springframework.beans.factory.support.AbstractAutowireCapableBeanFactory.initializeBean(AbstractAutowireCapableBeanFactory.java:1804) ~[spring-beans-6.2.1.jar:6.2.1]
	at org.springframework.beans.factory.support.AbstractAutowireCapableBeanFactory.doCreateBean(AbstractAutowireCapableBeanFactory.java:601) ~[spring-beans-6.2.1.jar:6.2.1]
	at org.springframework.beans.factory.support.AbstractAutowireCapableBeanFactory.createBean(AbstractAutowireCapableBeanFactory.java:523) ~[spring-beans-6.2.1.jar:6.2.1]
	at org.springframework.beans.factory.support.AbstractBeanFactory.lambda$doGetBean$0(AbstractBeanFactory.java:336) ~[spring-beans-6.2.1.jar:6.2.1]
	at org.springframework.beans.factory.support.DefaultSingletonBeanRegistry.getSingleton(DefaultSingletonBeanRegistry.java:289) ~[spring-beans-6.2.1.jar:6.2.1]
	at org.springframework.beans.factory.support.AbstractBeanFactory.doGetBean(AbstractBeanFactory.java:334) ~[spring-beans-6.2.1.jar:6.2.1]
	at org.springframework.beans.factory.support.AbstractBeanFactory.getBean(AbstractBeanFactory.java:199) ~[spring-beans-6.2.1.jar:6.2.1]
	at org.springframework.beans.factory.support.BeanDefinitionValueResolver.resolveReference(BeanDefinitionValueResolver.java:365) ~[spring-beans-6.2.1.jar:6.2.1]
	at org.springframework.beans.factory.support.BeanDefinitionValueResolver.resolveValueIfNecessary(BeanDefinitionValueResolver.java:135) ~[spring-beans-6.2.1.jar:6.2.1]
	at org.springframework.beans.factory.support.ConstructorResolver.resolveConstructorArguments(ConstructorResolver.java:691) ~[spring-beans-6.2.1.jar:6.2.1]
	at org.springframework.beans.factory.support.ConstructorResolver.autowireConstructor(ConstructorResolver.java:206) ~[spring-beans-6.2.1.jar:6.2.1]
	at org.springframework.beans.factory.support.AbstractAutowireCapableBeanFactory.autowireConstructor(AbstractAutowireCapableBeanFactory.java:1377) ~[spring-beans-6.2.1.jar:6.2.1]
	at org.springframework.beans.factory.support.AbstractAutowireCapableBeanFactory.createBeanInstance(AbstractAutowireCapableBeanFactory.java:1214) ~[spring-beans-6.2.1.jar:6.2.1]
	at org.springframework.beans.factory.support.AbstractAutowireCapableBeanFactory.doCreateBean(AbstractAutowireCapableBeanFactory.java:563) ~[spring-beans-6.2.1.jar:6.2.1]
	at org.springframework.beans.factory.support.AbstractAutowireCapableBeanFactory.createBean(AbstractAutowireCapableBeanFactory.java:523) ~[spring-beans-6.2.1.jar:6.2.1]
	at org.springframework.beans.factory.support.AbstractBeanFactory.lambda$doGetBean$0(AbstractBeanFactory.java:336) ~[spring-beans-6.2.1.jar:6.2.1]
	at org.springframework.beans.factory.support.DefaultSingletonBeanRegistry.getSingleton(DefaultSingletonBeanRegistry.java:289) ~[spring-beans-6.2.1.jar:6.2.1]
	at org.springframework.beans.factory.support.AbstractBeanFactory.doGetBean(AbstractBeanFactory.java:334) ~[spring-beans-6.2.1.jar:6.2.1]
	at org.springframework.beans.factory.support.AbstractBeanFactory.getBean(AbstractBeanFactory.java:224) ~[spring-beans-6.2.1.jar:6.2.1]
	at org.springframework.beans.factory.support.DefaultListableBeanFactory.resolveNamedBean(DefaultListableBeanFactory.java:1489) ~[spring-beans-6.2.1.jar:6.2.1]
	at org.springframework.beans.factory.support.DefaultListableBeanFactory.resolveNamedBean(DefaultListableBeanFactory.java:1450) ~[spring-beans-6.2.1.jar:6.2.1]
	at org.springframework.beans.factory.support.DefaultListableBeanFactory.resolveBean(DefaultListableBeanFactory.java:516) ~[spring-beans-6.2.1.jar:6.2.1]
	at org.springframework.beans.factory.support.DefaultListableBeanFactory$1.getIfUnique(DefaultListableBeanFactory.java:468) ~[spring-beans-6.2.1.jar:6.2.1]
	at org.springframework.security.config.annotation.web.builders.WebSecurity.setApplicationContext(WebSecurity.java:428) ~[spring-security-config-6.4.2.jar:6.4.2]
	at org.springframework.context.support.ApplicationContextAwareProcessor.invokeAwareInterfaces(ApplicationContextAwareProcessor.java:110) ~[spring-context-6.2.1.jar:6.2.1]
	at org.springframework.context.support.ApplicationContextAwareProcessor.postProcessBeforeInitialization(ApplicationContextAwareProcessor.java:85) ~[spring-context-6.2.1.jar:6.2.1]
	at org.springframework.beans.factory.support.AbstractAutowireCapableBeanFactory.applyBeanPostProcessorsBeforeInitialization(AbstractAutowireCapableBeanFactory.java:423) ~[spring-beans-6.2.1.jar:6.2.1]
	at org.springframework.beans.factory.support.AbstractAutowireCapableBeanFactory.initializeBean(AbstractAutowireCapableBeanFactory.java:1800) ~[spring-beans-6.2.1.jar:6.2.1]
	at org.springframework.beans.factory.support.AbstractAutowireCapableBeanFactory.initializeBean(AbstractAutowireCapableBeanFactory.java:413) ~[spring-beans-6.2.1.jar:6.2.1]
	at org.springframework.security.config.annotation.configuration.AutowireBeanFactoryObjectPostProcessor.initializeBeanIfNeeded(AutowireBeanFactoryObjectPostProcessor.java:98) ~[spring-security-config-6.4.2.jar:6.4.2]
	at org.springframework.security.config.annotation.configuration.AutowireBeanFactoryObjectPostProcessor.postProcess(AutowireBeanFactoryObjectPostProcessor.java:67) ~[spring-security-config-6.4.2.jar:6.4.2]
	at org.springframework.security.config.annotation.web.configuration.WebSecurityConfiguration.setFilterChainProxySecurityConfigurer(WebSecurityConfiguration.java:145) ~[spring-security-config-6.4.2.jar:6.4.2]
	at java.base/jdk.internal.reflect.DirectMethodHandleAccessor.invoke(DirectMethodHandleAccessor.java:103) ~[?:?]
	at java.base/java.lang.reflect.Method.invoke(Method.java:580) ~[?:?]
	at org.springframework.beans.factory.annotation.AutowiredAnnotationBeanPostProcessor$AutowiredMethodElement.inject(AutowiredAnnotationBeanPostProcessor.java:854) ~[spring-beans-6.2.1.jar:6.2.1]
	at org.springframework.beans.factory.annotation.InjectionMetadata.inject(InjectionMetadata.java:146) ~[spring-beans-6.2.1.jar:6.2.1]
	at org.springframework.beans.factory.annotation.AutowiredAnnotationBeanPostProcessor.postProcessProperties(AutowiredAnnotationBeanPostProcessor.java:509) ~[spring-beans-6.2.1.jar:6.2.1]
	... 19 more
Caused by: java.lang.IllegalStateException: Ambiguous mapping. Cannot map 'productController' method 
com.ibrahim.bakkalApp.controller.ProductController#productManagement(Model)
to {GET [/admin/products]}: There is already 'adminController' bean method
com.ibrahim.bakkalApp.controller.AdminController#productsRedirect() mapped.
	at org.springframework.web.servlet.handler.AbstractHandlerMethodMapping$MappingRegistry.validateMethodMapping(AbstractHandlerMethodMapping.java:675) ~[spring-webmvc-6.2.1.jar:6.2.1]
	at org.springframework.web.servlet.handler.AbstractHandlerMethodMapping$MappingRegistry.register(AbstractHandlerMethodMapping.java:637) ~[spring-webmvc-6.2.1.jar:6.2.1]
	at org.springframework.web.servlet.handler.AbstractHandlerMethodMapping.registerHandlerMethod(AbstractHandlerMethodMapping.java:331) ~[spring-webmvc-6.2.1.jar:6.2.1]
	at org.springframework.web.servlet.mvc.method.annotation.RequestMappingHandlerMapping.registerHandlerMethod(RequestMappingHandlerMapping.java:509) ~[spring-webmvc-6.2.1.jar:6.2.1]
	at org.springframework.web.servlet.mvc.method.annotation.RequestMappingHandlerMapping.registerHandlerMethod(RequestMappingHandlerMapping.java:84) ~[spring-webmvc-6.2.1.jar:6.2.1]
	at org.springframework.web.servlet.handler.AbstractHandlerMethodMapping.lambda$detectHandlerMethods$2(AbstractHandlerMethodMapping.java:298) ~[spring-webmvc-6.2.1.jar:6.2.1]
	at java.base/java.util.LinkedHashMap.forEach(LinkedHashMap.java:987) ~[?:?]
	at org.springframework.web.servlet.handler.AbstractHandlerMethodMapping.detectHandlerMethods(AbstractHandlerMethodMapping.java:296) ~[spring-webmvc-6.2.1.jar:6.2.1]
	at org.springframework.web.servlet.handler.AbstractHandlerMethodMapping.processCandidateBean(AbstractHandlerMethodMapping.java:265) ~[spring-webmvc-6.2.1.jar:6.2.1]
	at org.springframework.web.servlet.handler.AbstractHandlerMethodMapping.initHandlerMethods(AbstractHandlerMethodMapping.java:224) ~[spring-webmvc-6.2.1.jar:6.2.1]
	at org.springframework.web.servlet.handler.AbstractHandlerMethodMapping.afterPropertiesSet(AbstractHandlerMethodMapping.java:212) ~[spring-webmvc-6.2.1.jar:6.2.1]
	at org.springframework.web.servlet.mvc.method.annotation.RequestMappingHandlerMapping.afterPropertiesSet(RequestMappingHandlerMapping.java:239) ~[spring-webmvc-6.2.1.jar:6.2.1]
	at org.springframework.beans.factory.support.AbstractAutowireCapableBeanFactory.invokeInitMethods(AbstractAutowireCapableBeanFactory.java:1855) ~[spring-beans-6.2.1.jar:6.2.1]
	at org.springframework.beans.factory.support.AbstractAutowireCapableBeanFactory.initializeBean(AbstractAutowireCapableBeanFactory.java:1804) ~[spring-beans-6.2.1.jar:6.2.1]
	at org.springframework.beans.factory.support.AbstractAutowireCapableBeanFactory.doCreateBean(AbstractAutowireCapableBeanFactory.java:601) ~[spring-beans-6.2.1.jar:6.2.1]
	at org.springframework.beans.factory.support.AbstractAutowireCapableBeanFactory.createBean(AbstractAutowireCapableBeanFactory.java:523) ~[spring-beans-6.2.1.jar:6.2.1]
	at org.springframework.beans.factory.support.AbstractBeanFactory.lambda$doGetBean$0(AbstractBeanFactory.java:336) ~[spring-beans-6.2.1.jar:6.2.1]
	at org.springframework.beans.factory.support.DefaultSingletonBeanRegistry.getSingleton(DefaultSingletonBeanRegistry.java:289) ~[spring-beans-6.2.1.jar:6.2.1]
	at org.springframework.beans.factory.support.AbstractBeanFactory.doGetBean(AbstractBeanFactory.java:334) ~[spring-beans-6.2.1.jar:6.2.1]
	at org.springframework.beans.factory.support.AbstractBeanFactory.getBean(AbstractBeanFactory.java:199) ~[spring-beans-6.2.1.jar:6.2.1]
	at org.springframework.beans.factory.support.DefaultListableBeanFactory.getBeansOfType(DefaultListableBeanFactory.java:695) ~[spring-beans-6.2.1.jar:6.2.1]
	at org.springframework.context.support.AbstractApplicationContext.getBeansOfType(AbstractApplicationContext.java:1426) ~[spring-context-6.2.1.jar:6.2.1]
	at org.springframework.beans.factory.BeanFactoryUtils.beansOfTypeIncludingAncestors(BeanFactoryUtils.java:368) ~[spring-beans-6.2.1.jar:6.2.1]
	at org.springframework.web.servlet.handler.HandlerMappingIntrospector.initHandlerMappings(HandlerMappingIntrospector.java:135) ~[spring-webmvc-6.2.1.jar:6.2.1]
	at org.springframework.web.servlet.handler.HandlerMappingIntrospector.afterPropertiesSet(HandlerMappingIntrospector.java:123) ~[spring-webmvc-6.2.1.jar:6.2.1]
	at org.springframework.beans.factory.support.AbstractAutowireCapableBeanFactory.invokeInitMethods(AbstractAutowireCapableBeanFactory.java:1855) ~[spring-beans-6.2.1.jar:6.2.1]
	at org.springframework.beans.factory.support.AbstractAutowireCapableBeanFactory.initializeBean(AbstractAutowireCapableBeanFactory.java:1804) ~[spring-beans-6.2.1.jar:6.2.1]
	at org.springframework.beans.factory.support.AbstractAutowireCapableBeanFactory.doCreateBean(AbstractAutowireCapableBeanFactory.java:601) ~[spring-beans-6.2.1.jar:6.2.1]
	at org.springframework.beans.factory.support.AbstractAutowireCapableBeanFactory.createBean(AbstractAutowireCapableBeanFactory.java:523) ~[spring-beans-6.2.1.jar:6.2.1]
	at org.springframework.beans.factory.support.AbstractBeanFactory.lambda$doGetBean$0(AbstractBeanFactory.java:336) ~[spring-beans-6.2.1.jar:6.2.1]
	at org.springframework.beans.factory.support.DefaultSingletonBeanRegistry.getSingleton(DefaultSingletonBeanRegistry.java:289) ~[spring-beans-6.2.1.jar:6.2.1]
	at org.springframework.beans.factory.support.AbstractBeanFactory.doGetBean(AbstractBeanFactory.java:334) ~[spring-beans-6.2.1.jar:6.2.1]
	at org.springframework.beans.factory.support.AbstractBeanFactory.getBean(AbstractBeanFactory.java:199) ~[spring-beans-6.2.1.jar:6.2.1]
	at org.springframework.beans.factory.support.BeanDefinitionValueResolver.resolveReference(BeanDefinitionValueResolver.java:365) ~[spring-beans-6.2.1.jar:6.2.1]
	at org.springframework.beans.factory.support.BeanDefinitionValueResolver.resolveValueIfNecessary(BeanDefinitionValueResolver.java:135) ~[spring-beans-6.2.1.jar:6.2.1]
	at org.springframework.beans.factory.support.ConstructorResolver.resolveConstructorArguments(ConstructorResolver.java:691) ~[spring-beans-6.2.1.jar:6.2.1]
	at org.springframework.beans.factory.support.ConstructorResolver.autowireConstructor(ConstructorResolver.java:206) ~[spring-beans-6.2.1.jar:6.2.1]
	at org.springframework.beans.factory.support.AbstractAutowireCapableBeanFactory.autowireConstructor(AbstractAutowireCapableBeanFactory.java:1377) ~[spring-beans-6.2.1.jar:6.2.1]
	at org.springframework.beans.factory.support.AbstractAutowireCapableBeanFactory.createBeanInstance(AbstractAutowireCapableBeanFactory.java:1214) ~[spring-beans-6.2.1.jar:6.2.1]
	at org.springframework.beans.factory.support.AbstractAutowireCapableBeanFactory.doCreateBean(AbstractAutowireCapableBeanFactory.java:563) ~[spring-beans-6.2.1.jar:6.2.1]
	at org.springframework.beans.factory.support.AbstractAutowireCapableBeanFactory.createBean(AbstractAutowireCapableBeanFactory.java:523) ~[spring-beans-6.2.1.jar:6.2.1]
	at org.springframework.beans.factory.support.AbstractBeanFactory.lambda$doGetBean$0(AbstractBeanFactory.java:336) ~[spring-beans-6.2.1.jar:6.2.1]
	at org.springframework.beans.factory.support.DefaultSingletonBeanRegistry.getSingleton(DefaultSingletonBeanRegistry.java:289) ~[spring-beans-6.2.1.jar:6.2.1]
	at org.springframework.beans.factory.support.AbstractBeanFactory.doGetBean(AbstractBeanFactory.java:334) ~[spring-beans-6.2.1.jar:6.2.1]
	at org.springframework.beans.factory.support.AbstractBeanFactory.getBean(AbstractBeanFactory.java:224) ~[spring-beans-6.2.1.jar:6.2.1]
	at org.springframework.beans.factory.support.DefaultListableBeanFactory.resolveNamedBean(DefaultListableBeanFactory.java:1489) ~[spring-beans-6.2.1.jar:6.2.1]
	at org.springframework.beans.factory.support.DefaultListableBeanFactory.resolveNamedBean(DefaultListableBeanFactory.java:1450) ~[spring-beans-6.2.1.jar:6.2.1]
	at org.springframework.beans.factory.support.DefaultListableBeanFactory.resolveBean(DefaultListableBeanFactory.java:516) ~[spring-beans-6.2.1.jar:6.2.1]
	at org.springframework.beans.factory.support.DefaultListableBeanFactory$1.getIfUnique(DefaultListableBeanFactory.java:468) ~[spring-beans-6.2.1.jar:6.2.1]
	at org.springframework.security.config.annotation.web.builders.WebSecurity.setApplicationContext(WebSecurity.java:428) ~[spring-security-config-6.4.2.jar:6.4.2]
	at org.springframework.context.support.ApplicationContextAwareProcessor.invokeAwareInterfaces(ApplicationContextAwareProcessor.java:110) ~[spring-context-6.2.1.jar:6.2.1]
	at org.springframework.context.support.ApplicationContextAwareProcessor.postProcessBeforeInitialization(ApplicationContextAwareProcessor.java:85) ~[spring-context-6.2.1.jar:6.2.1]
	at org.springframework.beans.factory.support.AbstractAutowireCapableBeanFactory.applyBeanPostProcessorsBeforeInitialization(AbstractAutowireCapableBeanFactory.java:423) ~[spring-beans-6.2.1.jar:6.2.1]
	at org.springframework.beans.factory.support.AbstractAutowireCapableBeanFactory.initializeBean(AbstractAutowireCapableBeanFactory.java:1800) ~[spring-beans-6.2.1.jar:6.2.1]
	at org.springframework.beans.factory.support.AbstractAutowireCapableBeanFactory.initializeBean(AbstractAutowireCapableBeanFactory.java:413) ~[spring-beans-6.2.1.jar:6.2.1]
	at org.springframework.security.config.annotation.configuration.AutowireBeanFactoryObjectPostProcessor.initializeBeanIfNeeded(AutowireBeanFactoryObjectPostProcessor.java:98) ~[spring-security-config-6.4.2.jar:6.4.2]
	at org.springframework.security.config.annotation.configuration.AutowireBeanFactoryObjectPostProcessor.postProcess(AutowireBeanFactoryObjectPostProcessor.java:67) ~[spring-security-config-6.4.2.jar:6.4.2]
	at org.springframework.security.config.annotation.web.configuration.WebSecurityConfiguration.setFilterChainProxySecurityConfigurer(WebSecurityConfiguration.java:145) ~[spring-security-config-6.4.2.jar:6.4.2]
	at java.base/jdk.internal.reflect.DirectMethodHandleAccessor.invoke(DirectMethodHandleAccessor.java:103) ~[?:?]
	at java.base/java.lang.reflect.Method.invoke(Method.java:580) ~[?:?]
	at org.springframework.beans.factory.annotation.AutowiredAnnotationBeanPostProcessor$AutowiredMethodElement.inject(AutowiredAnnotationBeanPostProcessor.java:854) ~[spring-beans-6.2.1.jar:6.2.1]
	at org.springframework.beans.factory.annotation.InjectionMetadata.inject(InjectionMetadata.java:146) ~[spring-beans-6.2.1.jar:6.2.1]
	at org.springframework.beans.factory.annotation.AutowiredAnnotationBeanPostProcessor.postProcessProperties(AutowiredAnnotationBeanPostProcessor.java:509) ~[spring-beans-6.2.1.jar:6.2.1]
	... 19 more
2026-02-20 11:42:12.913 [main] INFO  com.ibrahim.bakkalApp.BakkalAppApplication - Starting BakkalAppApplication using Java 23.0.1 with PID 400 (C:\Users\8063\IdeaProjects\bakkalApp\bakkalApp\target\classes started by 8063 in C:\Users\8063\IdeaProjects\bakkalApp\bakkalApp)
2026-02-20 11:42:12.928 [main] INFO  com.ibrahim.bakkalApp.BakkalAppApplication - No active profile set, falling back to 1 default profile: "default"
2026-02-20 11:42:14.531 [main] INFO  org.springframework.data.repository.config.RepositoryConfigurationDelegate - Bootstrapping Spring Data JPA repositories in DEFAULT mode.
2026-02-20 11:42:14.614 [main] INFO  org.springframework.data.repository.config.RepositoryConfigurationDelegate - Finished Spring Data repository scanning in 72 ms. Found 5 JPA repository interfaces.
2026-02-20 11:42:15.854 [main] INFO  org.springframework.boot.web.embedded.tomcat.TomcatWebServer - Tomcat initialized with port 8085 (http)
2026-02-20 11:42:15.871 [main] INFO  org.apache.coyote.http11.Http11NioProtocol - Initializing ProtocolHandler ["http-nio-8085"]
2026-02-20 11:42:15.875 [main] INFO  org.apache.catalina.core.StandardService - Starting service [Tomcat]
2026-02-20 11:42:15.875 [main] INFO  org.apache.catalina.core.StandardEngine - Starting Servlet engine: [Apache Tomcat/10.1.34]
2026-02-20 11:42:16.023 [main] INFO  org.apache.catalina.core.ContainerBase.[Tomcat].[localhost].[/] - Initializing Spring embedded WebApplicationContext
2026-02-20 11:42:16.034 [main] INFO  org.springframework.boot.web.servlet.context.ServletWebServerApplicationContext - Root WebApplicationContext: initialization completed in 2971 ms
2026-02-20 11:42:17.279 [main] INFO  org.springframework.orm.jpa.persistenceunit.SpringPersistenceUnitInfo - No LoadTimeWeaver setup: ignoring JPA class transformer
2026-02-20 11:42:17.338 [main] INFO  com.zaxxer.hikari.HikariDataSource - HikariPool-1 - Starting...
2026-02-20 11:42:17.709 [main] INFO  com.zaxxer.hikari.pool.HikariPool - HikariPool-1 - Added connection conn0: url=jdbc:h2:file:./data/testdb user=SA
2026-02-20 11:42:17.712 [main] INFO  com.zaxxer.hikari.HikariDataSource - HikariPool-1 - Start completed.
2026-02-20 11:42:17.745 [main] WARN  org.hibernate.orm.deprecation - HHH90000025: H2Dialect does not need to be specified explicitly using 'hibernate.dialect' (remove the property setting and it will be selected by default)
2026-02-20 11:42:19.150 [main] INFO  org.springframework.orm.jpa.LocalContainerEntityManagerFactoryBean - Initialized JPA EntityManagerFactory for persistence unit 'default'
2026-02-20 11:42:20.038 [main] INFO  org.springframework.security.config.annotation.authentication.configuration.InitializeUserDetailsBeanManagerConfigurer$InitializeUserDetailsManagerConfigurer - Global AuthenticationManager configured with UserDetailsService bean with name customUserDetailsService
2026-02-20 11:42:20.232 [main] WARN  org.springframework.boot.web.servlet.context.AnnotationConfigServletWebServerApplicationContext - Exception encountered during context initialization - cancelling refresh attempt: org.springframework.beans.factory.BeanCreationException: Error creating bean with name 'org.springframework.security.config.annotation.web.configuration.WebSecurityConfiguration': Injection of autowired dependencies failed
2026-02-20 11:42:20.234 [main] INFO  org.springframework.orm.jpa.LocalContainerEntityManagerFactoryBean - Closing JPA EntityManagerFactory for persistence unit 'default'
2026-02-20 11:42:20.238 [main] INFO  com.zaxxer.hikari.HikariDataSource - HikariPool-1 - Shutdown initiated...
2026-02-20 11:42:20.244 [main] INFO  com.zaxxer.hikari.HikariDataSource - HikariPool-1 - Shutdown completed.
2026-02-20 11:42:20.246 [main] INFO  org.apache.catalina.core.StandardService - Stopping service [Tomcat]
2026-02-20 11:42:20.269 [main] INFO  org.springframework.boot.autoconfigure.logging.ConditionEvaluationReportLogger - 

Error starting ApplicationContext. To display the condition evaluation report re-run your application with 'debug' enabled.
2026-02-20 11:42:20.291 [main] ERROR org.springframework.boot.SpringApplication - Application run failed
org.springframework.beans.factory.BeanCreationException: Error creating bean with name 'org.springframework.security.config.annotation.web.configuration.WebSecurityConfiguration': Injection of autowired dependencies failed
	at org.springframework.beans.factory.annotation.AutowiredAnnotationBeanPostProcessor.postProcessProperties(AutowiredAnnotationBeanPostProcessor.java:515) ~[spring-beans-6.2.1.jar:6.2.1]
	at org.springframework.beans.factory.support.AbstractAutowireCapableBeanFactory.populateBean(AbstractAutowireCapableBeanFactory.java:1441) ~[spring-beans-6.2.1.jar:6.2.1]
	at org.springframework.beans.factory.support.AbstractAutowireCapableBeanFactory.doCreateBean(AbstractAutowireCapableBeanFactory.java:600) ~[spring-beans-6.2.1.jar:6.2.1]
	at org.springframework.beans.factory.support.AbstractAutowireCapableBeanFactory.createBean(AbstractAutowireCapableBeanFactory.java:523) ~[spring-beans-6.2.1.jar:6.2.1]
	at org.springframework.beans.factory.support.AbstractBeanFactory.lambda$doGetBean$0(AbstractBeanFactory.java:336) ~[spring-beans-6.2.1.jar:6.2.1]
	at org.springframework.beans.factory.support.DefaultSingletonBeanRegistry.getSingleton(DefaultSingletonBeanRegistry.java:289) ~[spring-beans-6.2.1.jar:6.2.1]
	at org.springframework.beans.factory.support.AbstractBeanFactory.doGetBean(AbstractBeanFactory.java:334) ~[spring-beans-6.2.1.jar:6.2.1]
	at org.springframework.beans.factory.support.AbstractBeanFactory.getBean(AbstractBeanFactory.java:199) ~[spring-beans-6.2.1.jar:6.2.1]
	at org.springframework.beans.factory.support.DefaultListableBeanFactory.instantiateSingleton(DefaultListableBeanFactory.java:1122) ~[spring-beans-6.2.1.jar:6.2.1]
	at org.springframework.beans.factory.support.DefaultListableBeanFactory.preInstantiateSingleton(DefaultListableBeanFactory.java:1093) ~[spring-beans-6.2.1.jar:6.2.1]
	at org.springframework.beans.factory.support.DefaultListableBeanFactory.preInstantiateSingletons(DefaultListableBeanFactory.java:1030) ~[spring-beans-6.2.1.jar:6.2.1]
	at org.springframework.context.support.AbstractApplicationContext.finishBeanFactoryInitialization(AbstractApplicationContext.java:987) ~[spring-context-6.2.1.jar:6.2.1]
	at org.springframework.context.support.AbstractApplicationContext.refresh(AbstractApplicationContext.java:627) ~[spring-context-6.2.1.jar:6.2.1]
	at org.springframework.boot.web.servlet.context.ServletWebServerApplicationContext.refresh(ServletWebServerApplicationContext.java:146) ~[spring-boot-3.4.1.jar:3.4.1]
	at org.springframework.boot.SpringApplication.refresh(SpringApplication.java:752) [spring-boot-3.4.1.jar:3.4.1]
	at org.springframework.boot.SpringApplication.refreshContext(SpringApplication.java:439) [spring-boot-3.4.1.jar:3.4.1]
	at org.springframework.boot.SpringApplication.run(SpringApplication.java:318) [spring-boot-3.4.1.jar:3.4.1]
	at org.springframework.boot.SpringApplication.run(SpringApplication.java:1361) [spring-boot-3.4.1.jar:3.4.1]
	at org.springframework.boot.SpringApplication.run(SpringApplication.java:1350) [spring-boot-3.4.1.jar:3.4.1]
	at com.ibrahim.bakkalApp.BakkalAppApplication.main(BakkalAppApplication.java:10) [classes/:?]
Caused by: java.lang.RuntimeException: Could not postProcess org.springframework.security.config.annotation.web.builders.WebSecurity@762e3836 of type class org.springframework.security.config.annotation.web.builders.WebSecurity
	at org.springframework.security.config.annotation.configuration.AutowireBeanFactoryObjectPostProcessor.postProcess(AutowireBeanFactoryObjectPostProcessor.java:71) ~[spring-security-config-6.4.2.jar:6.4.2]
	at org.springframework.security.config.annotation.web.configuration.WebSecurityConfiguration.setFilterChainProxySecurityConfigurer(WebSecurityConfiguration.java:145) ~[spring-security-config-6.4.2.jar:6.4.2]
	at java.base/jdk.internal.reflect.DirectMethodHandleAccessor.invoke(DirectMethodHandleAccessor.java:103) ~[?:?]
	at java.base/java.lang.reflect.Method.invoke(Method.java:580) ~[?:?]
	at org.springframework.beans.factory.annotation.AutowiredAnnotationBeanPostProcessor$AutowiredMethodElement.inject(AutowiredAnnotationBeanPostProcessor.java:854) ~[spring-beans-6.2.1.jar:6.2.1]
	at org.springframework.beans.factory.annotation.InjectionMetadata.inject(InjectionMetadata.java:146) ~[spring-beans-6.2.1.jar:6.2.1]
	at org.springframework.beans.factory.annotation.AutowiredAnnotationBeanPostProcessor.postProcessProperties(AutowiredAnnotationBeanPostProcessor.java:509) ~[spring-beans-6.2.1.jar:6.2.1]
	... 19 more
Caused by: org.springframework.beans.factory.BeanCreationException: Error creating bean with name 'mvcHandlerMappingIntrospectorRequestTransformer': Cannot resolve reference to bean 'mvcHandlerMappingIntrospector' while setting constructor argument
	at org.springframework.beans.factory.support.BeanDefinitionValueResolver.resolveReference(BeanDefinitionValueResolver.java:377) ~[spring-beans-6.2.1.jar:6.2.1]
	at org.springframework.beans.factory.support.BeanDefinitionValueResolver.resolveValueIfNecessary(BeanDefinitionValueResolver.java:135) ~[spring-beans-6.2.1.jar:6.2.1]
	at org.springframework.beans.factory.support.ConstructorResolver.resolveConstructorArguments(ConstructorResolver.java:691) ~[spring-beans-6.2.1.jar:6.2.1]
	at org.springframework.beans.factory.support.ConstructorResolver.autowireConstructor(ConstructorResolver.java:206) ~[spring-beans-6.2.1.jar:6.2.1]
	at org.springframework.beans.factory.support.AbstractAutowireCapableBeanFactory.autowireConstructor(AbstractAutowireCapableBeanFactory.java:1377) ~[spring-beans-6.2.1.jar:6.2.1]
	at org.springframework.beans.factory.support.AbstractAutowireCapableBeanFactory.createBeanInstance(AbstractAutowireCapableBeanFactory.java:1214) ~[spring-beans-6.2.1.jar:6.2.1]
	at org.springframework.beans.factory.support.AbstractAutowireCapableBeanFactory.doCreateBean(AbstractAutowireCapableBeanFactory.java:563) ~[spring-beans-6.2.1.jar:6.2.1]
	at org.springframework.beans.factory.support.AbstractAutowireCapableBeanFactory.createBean(AbstractAutowireCapableBeanFactory.java:523) ~[spring-beans-6.2.1.jar:6.2.1]
	at org.springframework.beans.factory.support.AbstractBeanFactory.lambda$doGetBean$0(AbstractBeanFactory.java:336) ~[spring-beans-6.2.1.jar:6.2.1]
	at org.springframework.beans.factory.support.DefaultSingletonBeanRegistry.getSingleton(DefaultSingletonBeanRegistry.java:289) ~[spring-beans-6.2.1.jar:6.2.1]
	at org.springframework.beans.factory.support.AbstractBeanFactory.doGetBean(AbstractBeanFactory.java:334) ~[spring-beans-6.2.1.jar:6.2.1]
	at org.springframework.beans.factory.support.AbstractBeanFactory.getBean(AbstractBeanFactory.java:224) ~[spring-beans-6.2.1.jar:6.2.1]
	at org.springframework.beans.factory.support.DefaultListableBeanFactory.resolveNamedBean(DefaultListableBeanFactory.java:1489) ~[spring-beans-6.2.1.jar:6.2.1]
	at org.springframework.beans.factory.support.DefaultListableBeanFactory.resolveNamedBean(DefaultListableBeanFactory.java:1450) ~[spring-beans-6.2.1.jar:6.2.1]
	at org.springframework.beans.factory.support.DefaultListableBeanFactory.resolveBean(DefaultListableBeanFactory.java:516) ~[spring-beans-6.2.1.jar:6.2.1]
	at org.springframework.beans.factory.support.DefaultListableBeanFactory$1.getIfUnique(DefaultListableBeanFactory.java:468) ~[spring-beans-6.2.1.jar:6.2.1]
	at org.springframework.security.config.annotation.web.builders.WebSecurity.setApplicationContext(WebSecurity.java:428) ~[spring-security-config-6.4.2.jar:6.4.2]
	at org.springframework.context.support.ApplicationContextAwareProcessor.invokeAwareInterfaces(ApplicationContextAwareProcessor.java:110) ~[spring-context-6.2.1.jar:6.2.1]
	at org.springframework.context.support.ApplicationContextAwareProcessor.postProcessBeforeInitialization(ApplicationContextAwareProcessor.java:85) ~[spring-context-6.2.1.jar:6.2.1]
	at org.springframework.beans.factory.support.AbstractAutowireCapableBeanFactory.applyBeanPostProcessorsBeforeInitialization(AbstractAutowireCapableBeanFactory.java:423) ~[spring-beans-6.2.1.jar:6.2.1]
	at org.springframework.beans.factory.support.AbstractAutowireCapableBeanFactory.initializeBean(AbstractAutowireCapableBeanFactory.java:1800) ~[spring-beans-6.2.1.jar:6.2.1]
	at org.springframework.beans.factory.support.AbstractAutowireCapableBeanFactory.initializeBean(AbstractAutowireCapableBeanFactory.java:413) ~[spring-beans-6.2.1.jar:6.2.1]
	at org.springframework.security.config.annotation.configuration.AutowireBeanFactoryObjectPostProcessor.initializeBeanIfNeeded(AutowireBeanFactoryObjectPostProcessor.java:98) ~[spring-security-config-6.4.2.jar:6.4.2]
	at org.springframework.security.config.annotation.configuration.AutowireBeanFactoryObjectPostProcessor.postProcess(AutowireBeanFactoryObjectPostProcessor.java:67) ~[spring-security-config-6.4.2.jar:6.4.2]
	at org.springframework.security.config.annotation.web.configuration.WebSecurityConfiguration.setFilterChainProxySecurityConfigurer(WebSecurityConfiguration.java:145) ~[spring-security-config-6.4.2.jar:6.4.2]
	at java.base/jdk.internal.reflect.DirectMethodHandleAccessor.invoke(DirectMethodHandleAccessor.java:103) ~[?:?]
	at java.base/java.lang.reflect.Method.invoke(Method.java:580) ~[?:?]
	at org.springframework.beans.factory.annotation.AutowiredAnnotationBeanPostProcessor$AutowiredMethodElement.inject(AutowiredAnnotationBeanPostProcessor.java:854) ~[spring-beans-6.2.1.jar:6.2.1]
	at org.springframework.beans.factory.annotation.InjectionMetadata.inject(InjectionMetadata.java:146) ~[spring-beans-6.2.1.jar:6.2.1]
	at org.springframework.beans.factory.annotation.AutowiredAnnotationBeanPostProcessor.postProcessProperties(AutowiredAnnotationBeanPostProcessor.java:509) ~[spring-beans-6.2.1.jar:6.2.1]
	... 19 more
Caused by: org.springframework.beans.factory.BeanCreationException: Error creating bean with name 'mvcHandlerMappingIntrospector' defined in class path resource [org/springframework/boot/autoconfigure/web/servlet/WebMvcAutoConfiguration$EnableWebMvcConfiguration.class]: Error creating bean with name 'requestMappingHandlerMapping' defined in class path resource [org/springframework/boot/autoconfigure/web/servlet/WebMvcAutoConfiguration$EnableWebMvcConfiguration.class]: Ambiguous mapping. Cannot map 'productController' method 
com.ibrahim.bakkalApp.controller.ProductController#productManagement(Model)
to {GET [/admin/products]}: There is already 'adminController' bean method
com.ibrahim.bakkalApp.controller.AdminController#productsRedirect() mapped.
	at org.springframework.beans.factory.support.AbstractAutowireCapableBeanFactory.initializeBean(AbstractAutowireCapableBeanFactory.java:1808) ~[spring-beans-6.2.1.jar:6.2.1]
	at org.springframework.beans.factory.support.AbstractAutowireCapableBeanFactory.doCreateBean(AbstractAutowireCapableBeanFactory.java:601) ~[spring-beans-6.2.1.jar:6.2.1]
	at org.springframework.beans.factory.support.AbstractAutowireCapableBeanFactory.createBean(AbstractAutowireCapableBeanFactory.java:523) ~[spring-beans-6.2.1.jar:6.2.1]
	at org.springframework.beans.factory.support.AbstractBeanFactory.lambda$doGetBean$0(AbstractBeanFactory.java:336) ~[spring-beans-6.2.1.jar:6.2.1]
	at org.springframework.beans.factory.support.DefaultSingletonBeanRegistry.getSingleton(DefaultSingletonBeanRegistry.java:289) ~[spring-beans-6.2.1.jar:6.2.1]
	at org.springframework.beans.factory.support.AbstractBeanFactory.doGetBean(AbstractBeanFactory.java:334) ~[spring-beans-6.2.1.jar:6.2.1]
	at org.springframework.beans.factory.support.AbstractBeanFactory.getBean(AbstractBeanFactory.java:199) ~[spring-beans-6.2.1.jar:6.2.1]
	at org.springframework.beans.factory.support.BeanDefinitionValueResolver.resolveReference(BeanDefinitionValueResolver.java:365) ~[spring-beans-6.2.1.jar:6.2.1]
	at org.springframework.beans.factory.support.BeanDefinitionValueResolver.resolveValueIfNecessary(BeanDefinitionValueResolver.java:135) ~[spring-beans-6.2.1.jar:6.2.1]
	at org.springframework.beans.factory.support.ConstructorResolver.resolveConstructorArguments(ConstructorResolver.java:691) ~[spring-beans-6.2.1.jar:6.2.1]
	at org.springframework.beans.factory.support.ConstructorResolver.autowireConstructor(ConstructorResolver.java:206) ~[spring-beans-6.2.1.jar:6.2.1]
	at org.springframework.beans.factory.support.AbstractAutowireCapableBeanFactory.autowireConstructor(AbstractAutowireCapableBeanFactory.java:1377) ~[spring-beans-6.2.1.jar:6.2.1]
	at org.springframework.beans.factory.support.AbstractAutowireCapableBeanFactory.createBeanInstance(AbstractAutowireCapableBeanFactory.java:1214) ~[spring-beans-6.2.1.jar:6.2.1]
	at org.springframework.beans.factory.support.AbstractAutowireCapableBeanFactory.doCreateBean(AbstractAutowireCapableBeanFactory.java:563) ~[spring-beans-6.2.1.jar:6.2.1]
	at org.springframework.beans.factory.support.AbstractAutowireCapableBeanFactory.createBean(AbstractAutowireCapableBeanFactory.java:523) ~[spring-beans-6.2.1.jar:6.2.1]
	at org.springframework.beans.factory.support.AbstractBeanFactory.lambda$doGetBean$0(AbstractBeanFactory.java:336) ~[spring-beans-6.2.1.jar:6.2.1]
	at org.springframework.beans.factory.support.DefaultSingletonBeanRegistry.getSingleton(DefaultSingletonBeanRegistry.java:289) ~[spring-beans-6.2.1.jar:6.2.1]
	at org.springframework.beans.factory.support.AbstractBeanFactory.doGetBean(AbstractBeanFactory.java:334) ~[spring-beans-6.2.1.jar:6.2.1]
	at org.springframework.beans.factory.support.AbstractBeanFactory.getBean(AbstractBeanFactory.java:224) ~[spring-beans-6.2.1.jar:6.2.1]
	at org.springframework.beans.factory.support.DefaultListableBeanFactory.resolveNamedBean(DefaultListableBeanFactory.java:1489) ~[spring-beans-6.2.1.jar:6.2.1]
	at org.springframework.beans.factory.support.DefaultListableBeanFactory.resolveNamedBean(DefaultListableBeanFactory.java:1450) ~[spring-beans-6.2.1.jar:6.2.1]
	at org.springframework.beans.factory.support.DefaultListableBeanFactory.resolveBean(DefaultListableBeanFactory.java:516) ~[spring-beans-6.2.1.jar:6.2.1]
	at org.springframework.beans.factory.support.DefaultListableBeanFactory$1.getIfUnique(DefaultListableBeanFactory.java:468) ~[spring-beans-6.2.1.jar:6.2.1]
	at org.springframework.security.config.annotation.web.builders.WebSecurity.setApplicationContext(WebSecurity.java:428) ~[spring-security-config-6.4.2.jar:6.4.2]
	at org.springframework.context.support.ApplicationContextAwareProcessor.invokeAwareInterfaces(ApplicationContextAwareProcessor.java:110) ~[spring-context-6.2.1.jar:6.2.1]
	at org.springframework.context.support.ApplicationContextAwareProcessor.postProcessBeforeInitialization(ApplicationContextAwareProcessor.java:85) ~[spring-context-6.2.1.jar:6.2.1]
	at org.springframework.beans.factory.support.AbstractAutowireCapableBeanFactory.applyBeanPostProcessorsBeforeInitialization(AbstractAutowireCapableBeanFactory.java:423) ~[spring-beans-6.2.1.jar:6.2.1]
	at org.springframework.beans.factory.support.AbstractAutowireCapableBeanFactory.initializeBean(AbstractAutowireCapableBeanFactory.java:1800) ~[spring-beans-6.2.1.jar:6.2.1]
	at org.springframework.beans.factory.support.AbstractAutowireCapableBeanFactory.initializeBean(AbstractAutowireCapableBeanFactory.java:413) ~[spring-beans-6.2.1.jar:6.2.1]
	at org.springframework.security.config.annotation.configuration.AutowireBeanFactoryObjectPostProcessor.initializeBeanIfNeeded(AutowireBeanFactoryObjectPostProcessor.java:98) ~[spring-security-config-6.4.2.jar:6.4.2]
	at org.springframework.security.config.annotation.configuration.AutowireBeanFactoryObjectPostProcessor.postProcess(AutowireBeanFactoryObjectPostProcessor.java:67) ~[spring-security-config-6.4.2.jar:6.4.2]
	at org.springframework.security.config.annotation.web.configuration.WebSecurityConfiguration.setFilterChainProxySecurityConfigurer(WebSecurityConfiguration.java:145) ~[spring-security-config-6.4.2.jar:6.4.2]
	at java.base/jdk.internal.reflect.DirectMethodHandleAccessor.invoke(DirectMethodHandleAccessor.java:103) ~[?:?]
	at java.base/java.lang.reflect.Method.invoke(Method.java:580) ~[?:?]
	at org.springframework.beans.factory.annotation.AutowiredAnnotationBeanPostProcessor$AutowiredMethodElement.inject(AutowiredAnnotationBeanPostProcessor.java:854) ~[spring-beans-6.2.1.jar:6.2.1]
	at org.springframework.beans.factory.annotation.InjectionMetadata.inject(InjectionMetadata.java:146) ~[spring-beans-6.2.1.jar:6.2.1]
	at org.springframework.beans.factory.annotation.AutowiredAnnotationBeanPostProcessor.postProcessProperties(AutowiredAnnotationBeanPostProcessor.java:509) ~[spring-beans-6.2.1.jar:6.2.1]
	... 19 more
Caused by: org.springframework.beans.factory.BeanCreationException: Error creating bean with name 'requestMappingHandlerMapping' defined in class path resource [org/springframework/boot/autoconfigure/web/servlet/WebMvcAutoConfiguration$EnableWebMvcConfiguration.class]: Ambiguous mapping. Cannot map 'productController' method 
com.ibrahim.bakkalApp.controller.ProductController#productManagement(Model)
to {GET [/admin/products]}: There is already 'adminController' bean method
com.ibrahim.bakkalApp.controller.AdminController#productsRedirect() mapped.
	at org.springframework.beans.factory.support.AbstractAutowireCapableBeanFactory.initializeBean(AbstractAutowireCapableBeanFactory.java:1808) ~[spring-beans-6.2.1.jar:6.2.1]
	at org.springframework.beans.factory.support.AbstractAutowireCapableBeanFactory.doCreateBean(AbstractAutowireCapableBeanFactory.java:601) ~[spring-beans-6.2.1.jar:6.2.1]
	at org.springframework.beans.factory.support.AbstractAutowireCapableBeanFactory.createBean(AbstractAutowireCapableBeanFactory.java:523) ~[spring-beans-6.2.1.jar:6.2.1]
	at org.springframework.beans.factory.support.AbstractBeanFactory.lambda$doGetBean$0(AbstractBeanFactory.java:336) ~[spring-beans-6.2.1.jar:6.2.1]
	at org.springframework.beans.factory.support.DefaultSingletonBeanRegistry.getSingleton(DefaultSingletonBeanRegistry.java:289) ~[spring-beans-6.2.1.jar:6.2.1]
	at org.springframework.beans.factory.support.AbstractBeanFactory.doGetBean(AbstractBeanFactory.java:334) ~[spring-beans-6.2.1.jar:6.2.1]
	at org.springframework.beans.factory.support.AbstractBeanFactory.getBean(AbstractBeanFactory.java:199) ~[spring-beans-6.2.1.jar:6.2.1]
	at org.springframework.beans.factory.support.DefaultListableBeanFactory.getBeansOfType(DefaultListableBeanFactory.java:695) ~[spring-beans-6.2.1.jar:6.2.1]
	at org.springframework.context.support.AbstractApplicationContext.getBeansOfType(AbstractApplicationContext.java:1426) ~[spring-context-6.2.1.jar:6.2.1]
	at org.springframework.beans.factory.BeanFactoryUtils.beansOfTypeIncludingAncestors(BeanFactoryUtils.java:368) ~[spring-beans-6.2.1.jar:6.2.1]
	at org.springframework.web.servlet.handler.HandlerMappingIntrospector.initHandlerMappings(HandlerMappingIntrospector.java:135) ~[spring-webmvc-6.2.1.jar:6.2.1]
	at org.springframework.web.servlet.handler.HandlerMappingIntrospector.afterPropertiesSet(HandlerMappingIntrospector.java:123) ~[spring-webmvc-6.2.1.jar:6.2.1]
	at org.springframework.beans.factory.support.AbstractAutowireCapableBeanFactory.invokeInitMethods(AbstractAutowireCapableBeanFactory.java:1855) ~[spring-beans-6.2.1.jar:6.2.1]
	at org.springframework.beans.factory.support.AbstractAutowireCapableBeanFactory.initializeBean(AbstractAutowireCapableBeanFactory.java:1804) ~[spring-beans-6.2.1.jar:6.2.1]
	at org.springframework.beans.factory.support.AbstractAutowireCapableBeanFactory.doCreateBean(AbstractAutowireCapableBeanFactory.java:601) ~[spring-beans-6.2.1.jar:6.2.1]
	at org.springframework.beans.factory.support.AbstractAutowireCapableBeanFactory.createBean(AbstractAutowireCapableBeanFactory.java:523) ~[spring-beans-6.2.1.jar:6.2.1]
	at org.springframework.beans.factory.support.AbstractBeanFactory.lambda$doGetBean$0(AbstractBeanFactory.java:336) ~[spring-beans-6.2.1.jar:6.2.1]
	at org.springframework.beans.factory.support.DefaultSingletonBeanRegistry.getSingleton(DefaultSingletonBeanRegistry.java:289) ~[spring-beans-6.2.1.jar:6.2.1]
	at org.springframework.beans.factory.support.AbstractBeanFactory.doGetBean(AbstractBeanFactory.java:334) ~[spring-beans-6.2.1.jar:6.2.1]
	at org.springframework.beans.factory.support.AbstractBeanFactory.getBean(AbstractBeanFactory.java:199) ~[spring-beans-6.2.1.jar:6.2.1]
	at org.springframework.beans.factory.support.BeanDefinitionValueResolver.resolveReference(BeanDefinitionValueResolver.java:365) ~[spring-beans-6.2.1.jar:6.2.1]
	at org.springframework.beans.factory.support.BeanDefinitionValueResolver.resolveValueIfNecessary(BeanDefinitionValueResolver.java:135) ~[spring-beans-6.2.1.jar:6.2.1]
	at org.springframework.beans.factory.support.ConstructorResolver.resolveConstructorArguments(ConstructorResolver.java:691) ~[spring-beans-6.2.1.jar:6.2.1]
	at org.springframework.beans.factory.support.ConstructorResolver.autowireConstructor(ConstructorResolver.java:206) ~[spring-beans-6.2.1.jar:6.2.1]
	at org.springframework.beans.factory.support.AbstractAutowireCapableBeanFactory.autowireConstructor(AbstractAutowireCapableBeanFactory.java:1377) ~[spring-beans-6.2.1.jar:6.2.1]
	at org.springframework.beans.factory.support.AbstractAutowireCapableBeanFactory.createBeanInstance(AbstractAutowireCapableBeanFactory.java:1214) ~[spring-beans-6.2.1.jar:6.2.1]
	at org.springframework.beans.factory.support.AbstractAutowireCapableBeanFactory.doCreateBean(AbstractAutowireCapableBeanFactory.java:563) ~[spring-beans-6.2.1.jar:6.2.1]
	at org.springframework.beans.factory.support.AbstractAutowireCapableBeanFactory.createBean(AbstractAutowireCapableBeanFactory.java:523) ~[spring-beans-6.2.1.jar:6.2.1]
	at org.springframework.beans.factory.support.AbstractBeanFactory.lambda$doGetBean$0(AbstractBeanFactory.java:336) ~[spring-beans-6.2.1.jar:6.2.1]
	at org.springframework.beans.factory.support.DefaultSingletonBeanRegistry.getSingleton(DefaultSingletonBeanRegistry.java:289) ~[spring-beans-6.2.1.jar:6.2.1]
	at org.springframework.beans.factory.support.AbstractBeanFactory.doGetBean(AbstractBeanFactory.java:334) ~[spring-beans-6.2.1.jar:6.2.1]
	at org.springframework.beans.factory.support.AbstractBeanFactory.getBean(AbstractBeanFactory.java:224) ~[spring-beans-6.2.1.jar:6.2.1]
	at org.springframework.beans.factory.support.DefaultListableBeanFactory.resolveNamedBean(DefaultListableBeanFactory.java:1489) ~[spring-beans-6.2.1.jar:6.2.1]
	at org.springframework.beans.factory.support.DefaultListableBeanFactory.resolveNamedBean(DefaultListableBeanFactory.java:1450) ~[spring-beans-6.2.1.jar:6.2.1]
	at org.springframework.beans.factory.support.DefaultListableBeanFactory.resolveBean(DefaultListableBeanFactory.java:516) ~[spring-beans-6.2.1.jar:6.2.1]
	at org.springframework.beans.factory.support.DefaultListableBeanFactory$1.getIfUnique(DefaultListableBeanFactory.java:468) ~[spring-beans-6.2.1.jar:6.2.1]
	at org.springframework.security.config.annotation.web.builders.WebSecurity.setApplicationContext(WebSecurity.java:428) ~[spring-security-config-6.4.2.jar:6.4.2]
	at org.springframework.context.support.ApplicationContextAwareProcessor.invokeAwareInterfaces(ApplicationContextAwareProcessor.java:110) ~[spring-context-6.2.1.jar:6.2.1]
	at org.springframework.context.support.ApplicationContextAwareProcessor.postProcessBeforeInitialization(ApplicationContextAwareProcessor.java:85) ~[spring-context-6.2.1.jar:6.2.1]
	at org.springframework.beans.factory.support.AbstractAutowireCapableBeanFactory.applyBeanPostProcessorsBeforeInitialization(AbstractAutowireCapableBeanFactory.java:423) ~[spring-beans-6.2.1.jar:6.2.1]
	at org.springframework.beans.factory.support.AbstractAutowireCapableBeanFactory.initializeBean(AbstractAutowireCapableBeanFactory.java:1800) ~[spring-beans-6.2.1.jar:6.2.1]
	at org.springframework.beans.factory.support.AbstractAutowireCapableBeanFactory.initializeBean(AbstractAutowireCapableBeanFactory.java:413) ~[spring-beans-6.2.1.jar:6.2.1]
	at org.springframework.security.config.annotation.configuration.AutowireBeanFactoryObjectPostProcessor.initializeBeanIfNeeded(AutowireBeanFactoryObjectPostProcessor.java:98) ~[spring-security-config-6.4.2.jar:6.4.2]
	at org.springframework.security.config.annotation.configuration.AutowireBeanFactoryObjectPostProcessor.postProcess(AutowireBeanFactoryObjectPostProcessor.java:67) ~[spring-security-config-6.4.2.jar:6.4.2]
	at org.springframework.security.config.annotation.web.configuration.WebSecurityConfiguration.setFilterChainProxySecurityConfigurer(WebSecurityConfiguration.java:145) ~[spring-security-config-6.4.2.jar:6.4.2]
	at java.base/jdk.internal.reflect.DirectMethodHandleAccessor.invoke(DirectMethodHandleAccessor.java:103) ~[?:?]
	at java.base/java.lang.reflect.Method.invoke(Method.java:580) ~[?:?]
	at org.springframework.beans.factory.annotation.AutowiredAnnotationBeanPostProcessor$AutowiredMethodElement.inject(AutowiredAnnotationBeanPostProcessor.java:854) ~[spring-beans-6.2.1.jar:6.2.1]
	at org.springframework.beans.factory.annotation.InjectionMetadata.inject(InjectionMetadata.java:146) ~[spring-beans-6.2.1.jar:6.2.1]
	at org.springframework.beans.factory.annotation.AutowiredAnnotationBeanPostProcessor.postProcessProperties(AutowiredAnnotationBeanPostProcessor.java:509) ~[spring-beans-6.2.1.jar:6.2.1]
	... 19 more
Caused by: java.lang.IllegalStateException: Ambiguous mapping. Cannot map 'productController' method 
com.ibrahim.bakkalApp.controller.ProductController#productManagement(Model)
to {GET [/admin/products]}: There is already 'adminController' bean method
com.ibrahim.bakkalApp.controller.AdminController#productsRedirect() mapped.
	at org.springframework.web.servlet.handler.AbstractHandlerMethodMapping$MappingRegistry.validateMethodMapping(AbstractHandlerMethodMapping.java:675) ~[spring-webmvc-6.2.1.jar:6.2.1]
	at org.springframework.web.servlet.handler.AbstractHandlerMethodMapping$MappingRegistry.register(AbstractHandlerMethodMapping.java:637) ~[spring-webmvc-6.2.1.jar:6.2.1]
	at org.springframework.web.servlet.handler.AbstractHandlerMethodMapping.registerHandlerMethod(AbstractHandlerMethodMapping.java:331) ~[spring-webmvc-6.2.1.jar:6.2.1]
	at org.springframework.web.servlet.mvc.method.annotation.RequestMappingHandlerMapping.registerHandlerMethod(RequestMappingHandlerMapping.java:509) ~[spring-webmvc-6.2.1.jar:6.2.1]
	at org.springframework.web.servlet.mvc.method.annotation.RequestMappingHandlerMapping.registerHandlerMethod(RequestMappingHandlerMapping.java:84) ~[spring-webmvc-6.2.1.jar:6.2.1]
	at org.springframework.web.servlet.handler.AbstractHandlerMethodMapping.lambda$detectHandlerMethods$2(AbstractHandlerMethodMapping.java:298) ~[spring-webmvc-6.2.1.jar:6.2.1]
	at java.base/java.util.LinkedHashMap.forEach(LinkedHashMap.java:987) ~[?:?]
	at org.springframework.web.servlet.handler.AbstractHandlerMethodMapping.detectHandlerMethods(AbstractHandlerMethodMapping.java:296) ~[spring-webmvc-6.2.1.jar:6.2.1]
	at org.springframework.web.servlet.handler.AbstractHandlerMethodMapping.processCandidateBean(AbstractHandlerMethodMapping.java:265) ~[spring-webmvc-6.2.1.jar:6.2.1]
	at org.springframework.web.servlet.handler.AbstractHandlerMethodMapping.initHandlerMethods(AbstractHandlerMethodMapping.java:224) ~[spring-webmvc-6.2.1.jar:6.2.1]
	at org.springframework.web.servlet.handler.AbstractHandlerMethodMapping.afterPropertiesSet(AbstractHandlerMethodMapping.java:212) ~[spring-webmvc-6.2.1.jar:6.2.1]
	at org.springframework.web.servlet.mvc.method.annotation.RequestMappingHandlerMapping.afterPropertiesSet(RequestMappingHandlerMapping.java:239) ~[spring-webmvc-6.2.1.jar:6.2.1]
	at org.springframework.beans.factory.support.AbstractAutowireCapableBeanFactory.invokeInitMethods(AbstractAutowireCapableBeanFactory.java:1855) ~[spring-beans-6.2.1.jar:6.2.1]
	at org.springframework.beans.factory.support.AbstractAutowireCapableBeanFactory.initializeBean(AbstractAutowireCapableBeanFactory.java:1804) ~[spring-beans-6.2.1.jar:6.2.1]
	at org.springframework.beans.factory.support.AbstractAutowireCapableBeanFactory.doCreateBean(AbstractAutowireCapableBeanFactory.java:601) ~[spring-beans-6.2.1.jar:6.2.1]
	at org.springframework.beans.factory.support.AbstractAutowireCapableBeanFactory.createBean(AbstractAutowireCapableBeanFactory.java:523) ~[spring-beans-6.2.1.jar:6.2.1]
	at org.springframework.beans.factory.support.AbstractBeanFactory.lambda$doGetBean$0(AbstractBeanFactory.java:336) ~[spring-beans-6.2.1.jar:6.2.1]
	at org.springframework.beans.factory.support.DefaultSingletonBeanRegistry.getSingleton(DefaultSingletonBeanRegistry.java:289) ~[spring-beans-6.2.1.jar:6.2.1]
	at org.springframework.beans.factory.support.AbstractBeanFactory.doGetBean(AbstractBeanFactory.java:334) ~[spring-beans-6.2.1.jar:6.2.1]
	at org.springframework.beans.factory.support.AbstractBeanFactory.getBean(AbstractBeanFactory.java:199) ~[spring-beans-6.2.1.jar:6.2.1]
	at org.springframework.beans.factory.support.DefaultListableBeanFactory.getBeansOfType(DefaultListableBeanFactory.java:695) ~[spring-beans-6.2.1.jar:6.2.1]
	at org.springframework.context.support.AbstractApplicationContext.getBeansOfType(AbstractApplicationContext.java:1426) ~[spring-context-6.2.1.jar:6.2.1]
	at org.springframework.beans.factory.BeanFactoryUtils.beansOfTypeIncludingAncestors(BeanFactoryUtils.java:368) ~[spring-beans-6.2.1.jar:6.2.1]
	at org.springframework.web.servlet.handler.HandlerMappingIntrospector.initHandlerMappings(HandlerMappingIntrospector.java:135) ~[spring-webmvc-6.2.1.jar:6.2.1]
	at org.springframework.web.servlet.handler.HandlerMappingIntrospector.afterPropertiesSet(HandlerMappingIntrospector.java:123) ~[spring-webmvc-6.2.1.jar:6.2.1]
	at org.springframework.beans.factory.support.AbstractAutowireCapableBeanFactory.invokeInitMethods(AbstractAutowireCapableBeanFactory.java:1855) ~[spring-beans-6.2.1.jar:6.2.1]
	at org.springframework.beans.factory.support.AbstractAutowireCapableBeanFactory.initializeBean(AbstractAutowireCapableBeanFactory.java:1804) ~[spring-beans-6.2.1.jar:6.2.1]
	at org.springframework.beans.factory.support.AbstractAutowireCapableBeanFactory.doCreateBean(AbstractAutowireCapableBeanFactory.java:601) ~[spring-beans-6.2.1.jar:6.2.1]
	at org.springframework.beans.factory.support.AbstractAutowireCapableBeanFactory.createBean(AbstractAutowireCapableBeanFactory.java:523) ~[spring-beans-6.2.1.jar:6.2.1]
	at org.springframework.beans.factory.support.AbstractBeanFactory.lambda$doGetBean$0(AbstractBeanFactory.java:336) ~[spring-beans-6.2.1.jar:6.2.1]
	at org.springframework.beans.factory.support.DefaultSingletonBeanRegistry.getSingleton(DefaultSingletonBeanRegistry.java:289) ~[spring-beans-6.2.1.jar:6.2.1]
	at org.springframework.beans.factory.support.AbstractBeanFactory.doGetBean(AbstractBeanFactory.java:334) ~[spring-beans-6.2.1.jar:6.2.1]
	at org.springframework.beans.factory.support.AbstractBeanFactory.getBean(AbstractBeanFactory.java:199) ~[spring-beans-6.2.1.jar:6.2.1]
	at org.springframework.beans.factory.support.BeanDefinitionValueResolver.resolveReference(BeanDefinitionValueResolver.java:365) ~[spring-beans-6.2.1.jar:6.2.1]
	at org.springframework.beans.factory.support.BeanDefinitionValueResolver.resolveValueIfNecessary(BeanDefinitionValueResolver.java:135) ~[spring-beans-6.2.1.jar:6.2.1]
	at org.springframework.beans.factory.support.ConstructorResolver.resolveConstructorArguments(ConstructorResolver.java:691) ~[spring-beans-6.2.1.jar:6.2.1]
	at org.springframework.beans.factory.support.ConstructorResolver.autowireConstructor(ConstructorResolver.java:206) ~[spring-beans-6.2.1.jar:6.2.1]
	at org.springframework.beans.factory.support.AbstractAutowireCapableBeanFactory.autowireConstructor(AbstractAutowireCapableBeanFactory.java:1377) ~[spring-beans-6.2.1.jar:6.2.1]
	at org.springframework.beans.factory.support.AbstractAutowireCapableBeanFactory.createBeanInstance(AbstractAutowireCapableBeanFactory.java:1214) ~[spring-beans-6.2.1.jar:6.2.1]
	at org.springframework.beans.factory.support.AbstractAutowireCapableBeanFactory.doCreateBean(AbstractAutowireCapableBeanFactory.java:563) ~[spring-beans-6.2.1.jar:6.2.1]
	at org.springframework.beans.factory.support.AbstractAutowireCapableBeanFactory.createBean(AbstractAutowireCapableBeanFactory.java:523) ~[spring-beans-6.2.1.jar:6.2.1]
	at org.springframework.beans.factory.support.AbstractBeanFactory.lambda$doGetBean$0(AbstractBeanFactory.java:336) ~[spring-beans-6.2.1.jar:6.2.1]
	at org.springframework.beans.factory.support.DefaultSingletonBeanRegistry.getSingleton(DefaultSingletonBeanRegistry.java:289) ~[spring-beans-6.2.1.jar:6.2.1]
	at org.springframework.beans.factory.support.AbstractBeanFactory.doGetBean(AbstractBeanFactory.java:334) ~[spring-beans-6.2.1.jar:6.2.1]
	at org.springframework.beans.factory.support.AbstractBeanFactory.getBean(AbstractBeanFactory.java:224) ~[spring-beans-6.2.1.jar:6.2.1]
	at org.springframework.beans.factory.support.DefaultListableBeanFactory.resolveNamedBean(DefaultListableBeanFactory.java:1489) ~[spring-beans-6.2.1.jar:6.2.1]
	at org.springframework.beans.factory.support.DefaultListableBeanFactory.resolveNamedBean(DefaultListableBeanFactory.java:1450) ~[spring-beans-6.2.1.jar:6.2.1]
	at org.springframework.beans.factory.support.DefaultListableBeanFactory.resolveBean(DefaultListableBeanFactory.java:516) ~[spring-beans-6.2.1.jar:6.2.1]
	at org.springframework.beans.factory.support.DefaultListableBeanFactory$1.getIfUnique(DefaultListableBeanFactory.java:468) ~[spring-beans-6.2.1.jar:6.2.1]
	at org.springframework.security.config.annotation.web.builders.WebSecurity.setApplicationContext(WebSecurity.java:428) ~[spring-security-config-6.4.2.jar:6.4.2]
	at org.springframework.context.support.ApplicationContextAwareProcessor.invokeAwareInterfaces(ApplicationContextAwareProcessor.java:110) ~[spring-context-6.2.1.jar:6.2.1]
	at org.springframework.context.support.ApplicationContextAwareProcessor.postProcessBeforeInitialization(ApplicationContextAwareProcessor.java:85) ~[spring-context-6.2.1.jar:6.2.1]
	at org.springframework.beans.factory.support.AbstractAutowireCapableBeanFactory.applyBeanPostProcessorsBeforeInitialization(AbstractAutowireCapableBeanFactory.java:423) ~[spring-beans-6.2.1.jar:6.2.1]
	at org.springframework.beans.factory.support.AbstractAutowireCapableBeanFactory.initializeBean(AbstractAutowireCapableBeanFactory.java:1800) ~[spring-beans-6.2.1.jar:6.2.1]
	at org.springframework.beans.factory.support.AbstractAutowireCapableBeanFactory.initializeBean(AbstractAutowireCapableBeanFactory.java:413) ~[spring-beans-6.2.1.jar:6.2.1]
	at org.springframework.security.config.annotation.configuration.AutowireBeanFactoryObjectPostProcessor.initializeBeanIfNeeded(AutowireBeanFactoryObjectPostProcessor.java:98) ~[spring-security-config-6.4.2.jar:6.4.2]
	at org.springframework.security.config.annotation.configuration.AutowireBeanFactoryObjectPostProcessor.postProcess(AutowireBeanFactoryObjectPostProcessor.java:67) ~[spring-security-config-6.4.2.jar:6.4.2]
	at org.springframework.security.config.annotation.web.configuration.WebSecurityConfiguration.setFilterChainProxySecurityConfigurer(WebSecurityConfiguration.java:145) ~[spring-security-config-6.4.2.jar:6.4.2]
	at java.base/jdk.internal.reflect.DirectMethodHandleAccessor.invoke(DirectMethodHandleAccessor.java:103) ~[?:?]
	at java.base/java.lang.reflect.Method.invoke(Method.java:580) ~[?:?]
	at org.springframework.beans.factory.annotation.AutowiredAnnotationBeanPostProcessor$AutowiredMethodElement.inject(AutowiredAnnotationBeanPostProcessor.java:854) ~[spring-beans-6.2.1.jar:6.2.1]
	at org.springframework.beans.factory.annotation.InjectionMetadata.inject(InjectionMetadata.java:146) ~[spring-beans-6.2.1.jar:6.2.1]
	at org.springframework.beans.factory.annotation.AutowiredAnnotationBeanPostProcessor.postProcessProperties(AutowiredAnnotationBeanPostProcessor.java:509) ~[spring-beans-6.2.1.jar:6.2.1]
	... 19 more
2026-02-20 11:43:24.517 [main] INFO  com.ibrahim.bakkalApp.BakkalAppApplication - Starting BakkalAppApplication using Java 23.0.1 with PID 15180 (C:\Users\8063\IdeaProjects\bakkalApp\bakkalApp\target\classes started by 8063 in C:\Users\8063\IdeaProjects\bakkalApp\bakkalApp)
2026-02-20 11:43:24.527 [main] INFO  com.ibrahim.bakkalApp.BakkalAppApplication - No active profile set, falling back to 1 default profile: "default"
2026-02-20 11:43:25.790 [main] INFO  org.springframework.data.repository.config.RepositoryConfigurationDelegate - Bootstrapping Spring Data JPA repositories in DEFAULT mode.
2026-02-20 11:43:25.874 [main] INFO  org.springframework.data.repository.config.RepositoryConfigurationDelegate - Finished Spring Data repository scanning in 72 ms. Found 5 JPA repository interfaces.
2026-02-20 11:43:26.795 [main] INFO  org.springframework.boot.web.embedded.tomcat.TomcatWebServer - Tomcat initialized with port 8085 (http)
2026-02-20 11:43:26.822 [main] INFO  org.apache.coyote.http11.Http11NioProtocol - Initializing ProtocolHandler ["http-nio-8085"]
2026-02-20 11:43:26.826 [main] INFO  org.apache.catalina.core.StandardService - Starting service [Tomcat]
2026-02-20 11:43:26.826 [main] INFO  org.apache.catalina.core.StandardEngine - Starting Servlet engine: [Apache Tomcat/10.1.34]
2026-02-20 11:43:26.932 [main] INFO  org.apache.catalina.core.ContainerBase.[Tomcat].[localhost].[/] - Initializing Spring embedded WebApplicationContext
2026-02-20 11:43:26.933 [main] INFO  org.springframework.boot.web.servlet.context.ServletWebServerApplicationContext - Root WebApplicationContext: initialization completed in 2312 ms
2026-02-20 11:43:27.863 [main] INFO  org.springframework.orm.jpa.persistenceunit.SpringPersistenceUnitInfo - No LoadTimeWeaver setup: ignoring JPA class transformer
2026-02-20 11:43:27.896 [main] INFO  com.zaxxer.hikari.HikariDataSource - HikariPool-1 - Starting...
2026-02-20 11:43:28.222 [main] INFO  com.zaxxer.hikari.pool.HikariPool - HikariPool-1 - Added connection conn0: url=jdbc:h2:file:./data/testdb user=SA
2026-02-20 11:43:28.224 [main] INFO  com.zaxxer.hikari.HikariDataSource - HikariPool-1 - Start completed.
2026-02-20 11:43:28.257 [main] WARN  org.hibernate.orm.deprecation - HHH90000025: H2Dialect does not need to be specified explicitly using 'hibernate.dialect' (remove the property setting and it will be selected by default)
2026-02-20 11:43:29.841 [main] INFO  org.springframework.orm.jpa.LocalContainerEntityManagerFactoryBean - Initialized JPA EntityManagerFactory for persistence unit 'default'
2026-02-20 11:43:30.924 [main] INFO  org.springframework.security.config.annotation.authentication.configuration.InitializeUserDetailsBeanManagerConfigurer$InitializeUserDetailsManagerConfigurer - Global AuthenticationManager configured with UserDetailsService bean with name customUserDetailsService
2026-02-20 11:43:31.260 [main] WARN  org.springframework.boot.web.servlet.context.AnnotationConfigServletWebServerApplicationContext - Exception encountered during context initialization - cancelling refresh attempt: org.springframework.beans.factory.BeanCreationException: Error creating bean with name 'org.springframework.security.config.annotation.web.configuration.WebSecurityConfiguration': Injection of autowired dependencies failed
2026-02-20 11:43:31.264 [main] INFO  org.springframework.orm.jpa.LocalContainerEntityManagerFactoryBean - Closing JPA EntityManagerFactory for persistence unit 'default'
2026-02-20 11:43:31.269 [main] INFO  com.zaxxer.hikari.HikariDataSource - HikariPool-1 - Shutdown initiated...
2026-02-20 11:43:31.314 [main] INFO  com.zaxxer.hikari.HikariDataSource - HikariPool-1 - Shutdown completed.
2026-02-20 11:43:31.325 [main] INFO  org.apache.catalina.core.StandardService - Stopping service [Tomcat]
2026-02-20 11:43:31.365 [main] INFO  org.springframework.boot.autoconfigure.logging.ConditionEvaluationReportLogger - 

Error starting ApplicationContext. To display the condition evaluation report re-run your application with 'debug' enabled.
2026-02-20 11:43:31.390 [main] ERROR org.springframework.boot.SpringApplication - Application run failed
org.springframework.beans.factory.BeanCreationException: Error creating bean with name 'org.springframework.security.config.annotation.web.configuration.WebSecurityConfiguration': Injection of autowired dependencies failed
	at org.springframework.beans.factory.annotation.AutowiredAnnotationBeanPostProcessor.postProcessProperties(AutowiredAnnotationBeanPostProcessor.java:515) ~[spring-beans-6.2.1.jar:6.2.1]
	at org.springframework.beans.factory.support.AbstractAutowireCapableBeanFactory.populateBean(AbstractAutowireCapableBeanFactory.java:1441) ~[spring-beans-6.2.1.jar:6.2.1]
	at org.springframework.beans.factory.support.AbstractAutowireCapableBeanFactory.doCreateBean(AbstractAutowireCapableBeanFactory.java:600) ~[spring-beans-6.2.1.jar:6.2.1]
	at org.springframework.beans.factory.support.AbstractAutowireCapableBeanFactory.createBean(AbstractAutowireCapableBeanFactory.java:523) ~[spring-beans-6.2.1.jar:6.2.1]
	at org.springframework.beans.factory.support.AbstractBeanFactory.lambda$doGetBean$0(AbstractBeanFactory.java:336) ~[spring-beans-6.2.1.jar:6.2.1]
	at org.springframework.beans.factory.support.DefaultSingletonBeanRegistry.getSingleton(DefaultSingletonBeanRegistry.java:289) ~[spring-beans-6.2.1.jar:6.2.1]
	at org.springframework.beans.factory.support.AbstractBeanFactory.doGetBean(AbstractBeanFactory.java:334) ~[spring-beans-6.2.1.jar:6.2.1]
	at org.springframework.beans.factory.support.AbstractBeanFactory.getBean(AbstractBeanFactory.java:199) ~[spring-beans-6.2.1.jar:6.2.1]
	at org.springframework.beans.factory.support.DefaultListableBeanFactory.instantiateSingleton(DefaultListableBeanFactory.java:1122) ~[spring-beans-6.2.1.jar:6.2.1]
	at org.springframework.beans.factory.support.DefaultListableBeanFactory.preInstantiateSingleton(DefaultListableBeanFactory.java:1093) ~[spring-beans-6.2.1.jar:6.2.1]
	at org.springframework.beans.factory.support.DefaultListableBeanFactory.preInstantiateSingletons(DefaultListableBeanFactory.java:1030) ~[spring-beans-6.2.1.jar:6.2.1]
	at org.springframework.context.support.AbstractApplicationContext.finishBeanFactoryInitialization(AbstractApplicationContext.java:987) ~[spring-context-6.2.1.jar:6.2.1]
	at org.springframework.context.support.AbstractApplicationContext.refresh(AbstractApplicationContext.java:627) ~[spring-context-6.2.1.jar:6.2.1]
	at org.springframework.boot.web.servlet.context.ServletWebServerApplicationContext.refresh(ServletWebServerApplicationContext.java:146) ~[spring-boot-3.4.1.jar:3.4.1]
	at org.springframework.boot.SpringApplication.refresh(SpringApplication.java:752) [spring-boot-3.4.1.jar:3.4.1]
	at org.springframework.boot.SpringApplication.refreshContext(SpringApplication.java:439) [spring-boot-3.4.1.jar:3.4.1]
	at org.springframework.boot.SpringApplication.run(SpringApplication.java:318) [spring-boot-3.4.1.jar:3.4.1]
	at org.springframework.boot.SpringApplication.run(SpringApplication.java:1361) [spring-boot-3.4.1.jar:3.4.1]
	at org.springframework.boot.SpringApplication.run(SpringApplication.java:1350) [spring-boot-3.4.1.jar:3.4.1]
	at com.ibrahim.bakkalApp.BakkalAppApplication.main(BakkalAppApplication.java:10) [classes/:?]
Caused by: java.lang.RuntimeException: Could not postProcess org.springframework.security.config.annotation.web.builders.WebSecurity@4eb313ed of type class org.springframework.security.config.annotation.web.builders.WebSecurity
	at org.springframework.security.config.annotation.configuration.AutowireBeanFactoryObjectPostProcessor.postProcess(AutowireBeanFactoryObjectPostProcessor.java:71) ~[spring-security-config-6.4.2.jar:6.4.2]
	at org.springframework.security.config.annotation.web.configuration.WebSecurityConfiguration.setFilterChainProxySecurityConfigurer(WebSecurityConfiguration.java:145) ~[spring-security-config-6.4.2.jar:6.4.2]
	at java.base/jdk.internal.reflect.DirectMethodHandleAccessor.invoke(DirectMethodHandleAccessor.java:103) ~[?:?]
	at java.base/java.lang.reflect.Method.invoke(Method.java:580) ~[?:?]
	at org.springframework.beans.factory.annotation.AutowiredAnnotationBeanPostProcessor$AutowiredMethodElement.inject(AutowiredAnnotationBeanPostProcessor.java:854) ~[spring-beans-6.2.1.jar:6.2.1]
	at org.springframework.beans.factory.annotation.InjectionMetadata.inject(InjectionMetadata.java:146) ~[spring-beans-6.2.1.jar:6.2.1]
	at org.springframework.beans.factory.annotation.AutowiredAnnotationBeanPostProcessor.postProcessProperties(AutowiredAnnotationBeanPostProcessor.java:509) ~[spring-beans-6.2.1.jar:6.2.1]
	... 19 more
Caused by: org.springframework.beans.factory.BeanCreationException: Error creating bean with name 'mvcHandlerMappingIntrospectorRequestTransformer': Cannot resolve reference to bean 'mvcHandlerMappingIntrospector' while setting constructor argument
	at org.springframework.beans.factory.support.BeanDefinitionValueResolver.resolveReference(BeanDefinitionValueResolver.java:377) ~[spring-beans-6.2.1.jar:6.2.1]
	at org.springframework.beans.factory.support.BeanDefinitionValueResolver.resolveValueIfNecessary(BeanDefinitionValueResolver.java:135) ~[spring-beans-6.2.1.jar:6.2.1]
	at org.springframework.beans.factory.support.ConstructorResolver.resolveConstructorArguments(ConstructorResolver.java:691) ~[spring-beans-6.2.1.jar:6.2.1]
	at org.springframework.beans.factory.support.ConstructorResolver.autowireConstructor(ConstructorResolver.java:206) ~[spring-beans-6.2.1.jar:6.2.1]
	at org.springframework.beans.factory.support.AbstractAutowireCapableBeanFactory.autowireConstructor(AbstractAutowireCapableBeanFactory.java:1377) ~[spring-beans-6.2.1.jar:6.2.1]
	at org.springframework.beans.factory.support.AbstractAutowireCapableBeanFactory.createBeanInstance(AbstractAutowireCapableBeanFactory.java:1214) ~[spring-beans-6.2.1.jar:6.2.1]
	at org.springframework.beans.factory.support.AbstractAutowireCapableBeanFactory.doCreateBean(AbstractAutowireCapableBeanFactory.java:563) ~[spring-beans-6.2.1.jar:6.2.1]
	at org.springframework.beans.factory.support.AbstractAutowireCapableBeanFactory.createBean(AbstractAutowireCapableBeanFactory.java:523) ~[spring-beans-6.2.1.jar:6.2.1]
	at org.springframework.beans.factory.support.AbstractBeanFactory.lambda$doGetBean$0(AbstractBeanFactory.java:336) ~[spring-beans-6.2.1.jar:6.2.1]
	at org.springframework.beans.factory.support.DefaultSingletonBeanRegistry.getSingleton(DefaultSingletonBeanRegistry.java:289) ~[spring-beans-6.2.1.jar:6.2.1]
	at org.springframework.beans.factory.support.AbstractBeanFactory.doGetBean(AbstractBeanFactory.java:334) ~[spring-beans-6.2.1.jar:6.2.1]
	at org.springframework.beans.factory.support.AbstractBeanFactory.getBean(AbstractBeanFactory.java:224) ~[spring-beans-6.2.1.jar:6.2.1]
	at org.springframework.beans.factory.support.DefaultListableBeanFactory.resolveNamedBean(DefaultListableBeanFactory.java:1489) ~[spring-beans-6.2.1.jar:6.2.1]
	at org.springframework.beans.factory.support.DefaultListableBeanFactory.resolveNamedBean(DefaultListableBeanFactory.java:1450) ~[spring-beans-6.2.1.jar:6.2.1]
	at org.springframework.beans.factory.support.DefaultListableBeanFactory.resolveBean(DefaultListableBeanFactory.java:516) ~[spring-beans-6.2.1.jar:6.2.1]
	at org.springframework.beans.factory.support.DefaultListableBeanFactory$1.getIfUnique(DefaultListableBeanFactory.java:468) ~[spring-beans-6.2.1.jar:6.2.1]
	at org.springframework.security.config.annotation.web.builders.WebSecurity.setApplicationContext(WebSecurity.java:428) ~[spring-security-config-6.4.2.jar:6.4.2]
	at org.springframework.context.support.ApplicationContextAwareProcessor.invokeAwareInterfaces(ApplicationContextAwareProcessor.java:110) ~[spring-context-6.2.1.jar:6.2.1]
	at org.springframework.context.support.ApplicationContextAwareProcessor.postProcessBeforeInitialization(ApplicationContextAwareProcessor.java:85) ~[spring-context-6.2.1.jar:6.2.1]
	at org.springframework.beans.factory.support.AbstractAutowireCapableBeanFactory.applyBeanPostProcessorsBeforeInitialization(AbstractAutowireCapableBeanFactory.java:423) ~[spring-beans-6.2.1.jar:6.2.1]
	at org.springframework.beans.factory.support.AbstractAutowireCapableBeanFactory.initializeBean(AbstractAutowireCapableBeanFactory.java:1800) ~[spring-beans-6.2.1.jar:6.2.1]
	at org.springframework.beans.factory.support.AbstractAutowireCapableBeanFactory.initializeBean(AbstractAutowireCapableBeanFactory.java:413) ~[spring-beans-6.2.1.jar:6.2.1]
	at org.springframework.security.config.annotation.configuration.AutowireBeanFactoryObjectPostProcessor.initializeBeanIfNeeded(AutowireBeanFactoryObjectPostProcessor.java:98) ~[spring-security-config-6.4.2.jar:6.4.2]
	at org.springframework.security.config.annotation.configuration.AutowireBeanFactoryObjectPostProcessor.postProcess(AutowireBeanFactoryObjectPostProcessor.java:67) ~[spring-security-config-6.4.2.jar:6.4.2]
	at org.springframework.security.config.annotation.web.configuration.WebSecurityConfiguration.setFilterChainProxySecurityConfigurer(WebSecurityConfiguration.java:145) ~[spring-security-config-6.4.2.jar:6.4.2]
	at java.base/jdk.internal.reflect.DirectMethodHandleAccessor.invoke(DirectMethodHandleAccessor.java:103) ~[?:?]
	at java.base/java.lang.reflect.Method.invoke(Method.java:580) ~[?:?]
	at org.springframework.beans.factory.annotation.AutowiredAnnotationBeanPostProcessor$AutowiredMethodElement.inject(AutowiredAnnotationBeanPostProcessor.java:854) ~[spring-beans-6.2.1.jar:6.2.1]
	at org.springframework.beans.factory.annotation.InjectionMetadata.inject(InjectionMetadata.java:146) ~[spring-beans-6.2.1.jar:6.2.1]
	at org.springframework.beans.factory.annotation.AutowiredAnnotationBeanPostProcessor.postProcessProperties(AutowiredAnnotationBeanPostProcessor.java:509) ~[spring-beans-6.2.1.jar:6.2.1]
	... 19 more
Caused by: org.springframework.beans.factory.BeanCreationException: Error creating bean with name 'mvcHandlerMappingIntrospector' defined in class path resource [org/springframework/boot/autoconfigure/web/servlet/WebMvcAutoConfiguration$EnableWebMvcConfiguration.class]: Error creating bean with name 'requestMappingHandlerMapping' defined in class path resource [org/springframework/boot/autoconfigure/web/servlet/WebMvcAutoConfiguration$EnableWebMvcConfiguration.class]: Ambiguous mapping. Cannot map 'productController' method 
com.ibrahim.bakkalApp.controller.ProductController#productManagement(Model)
to {GET [/admin/products]}: There is already 'adminController' bean method
com.ibrahim.bakkalApp.controller.AdminController#productsRedirect() mapped.
	at org.springframework.beans.factory.support.AbstractAutowireCapableBeanFactory.initializeBean(AbstractAutowireCapableBeanFactory.java:1808) ~[spring-beans-6.2.1.jar:6.2.1]
	at org.springframework.beans.factory.support.AbstractAutowireCapableBeanFactory.doCreateBean(AbstractAutowireCapableBeanFactory.java:601) ~[spring-beans-6.2.1.jar:6.2.1]
	at org.springframework.beans.factory.support.AbstractAutowireCapableBeanFactory.createBean(AbstractAutowireCapableBeanFactory.java:523) ~[spring-beans-6.2.1.jar:6.2.1]
	at org.springframework.beans.factory.support.AbstractBeanFactory.lambda$doGetBean$0(AbstractBeanFactory.java:336) ~[spring-beans-6.2.1.jar:6.2.1]
	at org.springframework.beans.factory.support.DefaultSingletonBeanRegistry.getSingleton(DefaultSingletonBeanRegistry.java:289) ~[spring-beans-6.2.1.jar:6.2.1]
	at org.springframework.beans.factory.support.AbstractBeanFactory.doGetBean(AbstractBeanFactory.java:334) ~[spring-beans-6.2.1.jar:6.2.1]
	at org.springframework.beans.factory.support.AbstractBeanFactory.getBean(AbstractBeanFactory.java:199) ~[spring-beans-6.2.1.jar:6.2.1]
	at org.springframework.beans.factory.support.BeanDefinitionValueResolver.resolveReference(BeanDefinitionValueResolver.java:365) ~[spring-beans-6.2.1.jar:6.2.1]
	at org.springframework.beans.factory.support.BeanDefinitionValueResolver.resolveValueIfNecessary(BeanDefinitionValueResolver.java:135) ~[spring-beans-6.2.1.jar:6.2.1]
	at org.springframework.beans.factory.support.ConstructorResolver.resolveConstructorArguments(ConstructorResolver.java:691) ~[spring-beans-6.2.1.jar:6.2.1]
	at org.springframework.beans.factory.support.ConstructorResolver.autowireConstructor(ConstructorResolver.java:206) ~[spring-beans-6.2.1.jar:6.2.1]
	at org.springframework.beans.factory.support.AbstractAutowireCapableBeanFactory.autowireConstructor(AbstractAutowireCapableBeanFactory.java:1377) ~[spring-beans-6.2.1.jar:6.2.1]
	at org.springframework.beans.factory.support.AbstractAutowireCapableBeanFactory.createBeanInstance(AbstractAutowireCapableBeanFactory.java:1214) ~[spring-beans-6.2.1.jar:6.2.1]
	at org.springframework.beans.factory.support.AbstractAutowireCapableBeanFactory.doCreateBean(AbstractAutowireCapableBeanFactory.java:563) ~[spring-beans-6.2.1.jar:6.2.1]
	at org.springframework.beans.factory.support.AbstractAutowireCapableBeanFactory.createBean(AbstractAutowireCapableBeanFactory.java:523) ~[spring-beans-6.2.1.jar:6.2.1]
	at org.springframework.beans.factory.support.AbstractBeanFactory.lambda$doGetBean$0(AbstractBeanFactory.java:336) ~[spring-beans-6.2.1.jar:6.2.1]
	at org.springframework.beans.factory.support.DefaultSingletonBeanRegistry.getSingleton(DefaultSingletonBeanRegistry.java:289) ~[spring-beans-6.2.1.jar:6.2.1]
	at org.springframework.beans.factory.support.AbstractBeanFactory.doGetBean(AbstractBeanFactory.java:334) ~[spring-beans-6.2.1.jar:6.2.1]
	at org.springframework.beans.factory.support.AbstractBeanFactory.getBean(AbstractBeanFactory.java:224) ~[spring-beans-6.2.1.jar:6.2.1]
	at org.springframework.beans.factory.support.DefaultListableBeanFactory.resolveNamedBean(DefaultListableBeanFactory.java:1489) ~[spring-beans-6.2.1.jar:6.2.1]
	at org.springframework.beans.factory.support.DefaultListableBeanFactory.resolveNamedBean(DefaultListableBeanFactory.java:1450) ~[spring-beans-6.2.1.jar:6.2.1]
	at org.springframework.beans.factory.support.DefaultListableBeanFactory.resolveBean(DefaultListableBeanFactory.java:516) ~[spring-beans-6.2.1.jar:6.2.1]
	at org.springframework.beans.factory.support.DefaultListableBeanFactory$1.getIfUnique(DefaultListableBeanFactory.java:468) ~[spring-beans-6.2.1.jar:6.2.1]
	at org.springframework.security.config.annotation.web.builders.WebSecurity.setApplicationContext(WebSecurity.java:428) ~[spring-security-config-6.4.2.jar:6.4.2]
	at org.springframework.context.support.ApplicationContextAwareProcessor.invokeAwareInterfaces(ApplicationContextAwareProcessor.java:110) ~[spring-context-6.2.1.jar:6.2.1]
	at org.springframework.context.support.ApplicationContextAwareProcessor.postProcessBeforeInitialization(ApplicationContextAwareProcessor.java:85) ~[spring-context-6.2.1.jar:6.2.1]
	at org.springframework.beans.factory.support.AbstractAutowireCapableBeanFactory.applyBeanPostProcessorsBeforeInitialization(AbstractAutowireCapableBeanFactory.java:423) ~[spring-beans-6.2.1.jar:6.2.1]
	at org.springframework.beans.factory.support.AbstractAutowireCapableBeanFactory.initializeBean(AbstractAutowireCapableBeanFactory.java:1800) ~[spring-beans-6.2.1.jar:6.2.1]
	at org.springframework.beans.factory.support.AbstractAutowireCapableBeanFactory.initializeBean(AbstractAutowireCapableBeanFactory.java:413) ~[spring-beans-6.2.1.jar:6.2.1]
	at org.springframework.security.config.annotation.configuration.AutowireBeanFactoryObjectPostProcessor.initializeBeanIfNeeded(AutowireBeanFactoryObjectPostProcessor.java:98) ~[spring-security-config-6.4.2.jar:6.4.2]
	at org.springframework.security.config.annotation.configuration.AutowireBeanFactoryObjectPostProcessor.postProcess(AutowireBeanFactoryObjectPostProcessor.java:67) ~[spring-security-config-6.4.2.jar:6.4.2]
	at org.springframework.security.config.annotation.web.configuration.WebSecurityConfiguration.setFilterChainProxySecurityConfigurer(WebSecurityConfiguration.java:145) ~[spring-security-config-6.4.2.jar:6.4.2]
	at java.base/jdk.internal.reflect.DirectMethodHandleAccessor.invoke(DirectMethodHandleAccessor.java:103) ~[?:?]
	at java.base/java.lang.reflect.Method.invoke(Method.java:580) ~[?:?]
	at org.springframework.beans.factory.annotation.AutowiredAnnotationBeanPostProcessor$AutowiredMethodElement.inject(AutowiredAnnotationBeanPostProcessor.java:854) ~[spring-beans-6.2.1.jar:6.2.1]
	at org.springframework.beans.factory.annotation.InjectionMetadata.inject(InjectionMetadata.java:146) ~[spring-beans-6.2.1.jar:6.2.1]
	at org.springframework.beans.factory.annotation.AutowiredAnnotationBeanPostProcessor.postProcessProperties(AutowiredAnnotationBeanPostProcessor.java:509) ~[spring-beans-6.2.1.jar:6.2.1]
	... 19 more
Caused by: org.springframework.beans.factory.BeanCreationException: Error creating bean with name 'requestMappingHandlerMapping' defined in class path resource [org/springframework/boot/autoconfigure/web/servlet/WebMvcAutoConfiguration$EnableWebMvcConfiguration.class]: Ambiguous mapping. Cannot map 'productController' method 
com.ibrahim.bakkalApp.controller.ProductController#productManagement(Model)
to {GET [/admin/products]}: There is already 'adminController' bean method
com.ibrahim.bakkalApp.controller.AdminController#productsRedirect() mapped.
	at org.springframework.beans.factory.support.AbstractAutowireCapableBeanFactory.initializeBean(AbstractAutowireCapableBeanFactory.java:1808) ~[spring-beans-6.2.1.jar:6.2.1]
	at org.springframework.beans.factory.support.AbstractAutowireCapableBeanFactory.doCreateBean(AbstractAutowireCapableBeanFactory.java:601) ~[spring-beans-6.2.1.jar:6.2.1]
	at org.springframework.beans.factory.support.AbstractAutowireCapableBeanFactory.createBean(AbstractAutowireCapableBeanFactory.java:523) ~[spring-beans-6.2.1.jar:6.2.1]
	at org.springframework.beans.factory.support.AbstractBeanFactory.lambda$doGetBean$0(AbstractBeanFactory.java:336) ~[spring-beans-6.2.1.jar:6.2.1]
	at org.springframework.beans.factory.support.DefaultSingletonBeanRegistry.getSingleton(DefaultSingletonBeanRegistry.java:289) ~[spring-beans-6.2.1.jar:6.2.1]
	at org.springframework.beans.factory.support.AbstractBeanFactory.doGetBean(AbstractBeanFactory.java:334) ~[spring-beans-6.2.1.jar:6.2.1]
	at org.springframework.beans.factory.support.AbstractBeanFactory.getBean(AbstractBeanFactory.java:199) ~[spring-beans-6.2.1.jar:6.2.1]
	at org.springframework.beans.factory.support.DefaultListableBeanFactory.getBeansOfType(DefaultListableBeanFactory.java:695) ~[spring-beans-6.2.1.jar:6.2.1]
	at org.springframework.context.support.AbstractApplicationContext.getBeansOfType(AbstractApplicationContext.java:1426) ~[spring-context-6.2.1.jar:6.2.1]
	at org.springframework.beans.factory.BeanFactoryUtils.beansOfTypeIncludingAncestors(BeanFactoryUtils.java:368) ~[spring-beans-6.2.1.jar:6.2.1]
	at org.springframework.web.servlet.handler.HandlerMappingIntrospector.initHandlerMappings(HandlerMappingIntrospector.java:135) ~[spring-webmvc-6.2.1.jar:6.2.1]
	at org.springframework.web.servlet.handler.HandlerMappingIntrospector.afterPropertiesSet(HandlerMappingIntrospector.java:123) ~[spring-webmvc-6.2.1.jar:6.2.1]
	at org.springframework.beans.factory.support.AbstractAutowireCapableBeanFactory.invokeInitMethods(AbstractAutowireCapableBeanFactory.java:1855) ~[spring-beans-6.2.1.jar:6.2.1]
	at org.springframework.beans.factory.support.AbstractAutowireCapableBeanFactory.initializeBean(AbstractAutowireCapableBeanFactory.java:1804) ~[spring-beans-6.2.1.jar:6.2.1]
	at org.springframework.beans.factory.support.AbstractAutowireCapableBeanFactory.doCreateBean(AbstractAutowireCapableBeanFactory.java:601) ~[spring-beans-6.2.1.jar:6.2.1]
	at org.springframework.beans.factory.support.AbstractAutowireCapableBeanFactory.createBean(AbstractAutowireCapableBeanFactory.java:523) ~[spring-beans-6.2.1.jar:6.2.1]
	at org.springframework.beans.factory.support.AbstractBeanFactory.lambda$doGetBean$0(AbstractBeanFactory.java:336) ~[spring-beans-6.2.1.jar:6.2.1]
	at org.springframework.beans.factory.support.DefaultSingletonBeanRegistry.getSingleton(DefaultSingletonBeanRegistry.java:289) ~[spring-beans-6.2.1.jar:6.2.1]
	at org.springframework.beans.factory.support.AbstractBeanFactory.doGetBean(AbstractBeanFactory.java:334) ~[spring-beans-6.2.1.jar:6.2.1]
	at org.springframework.beans.factory.support.AbstractBeanFactory.getBean(AbstractBeanFactory.java:199) ~[spring-beans-6.2.1.jar:6.2.1]
	at org.springframework.beans.factory.support.BeanDefinitionValueResolver.resolveReference(BeanDefinitionValueResolver.java:365) ~[spring-beans-6.2.1.jar:6.2.1]
	at org.springframework.beans.factory.support.BeanDefinitionValueResolver.resolveValueIfNecessary(BeanDefinitionValueResolver.java:135) ~[spring-beans-6.2.1.jar:6.2.1]
	at org.springframework.beans.factory.support.ConstructorResolver.resolveConstructorArguments(ConstructorResolver.java:691) ~[spring-beans-6.2.1.jar:6.2.1]
	at org.springframework.beans.factory.support.ConstructorResolver.autowireConstructor(ConstructorResolver.java:206) ~[spring-beans-6.2.1.jar:6.2.1]
	at org.springframework.beans.factory.support.AbstractAutowireCapableBeanFactory.autowireConstructor(AbstractAutowireCapableBeanFactory.java:1377) ~[spring-beans-6.2.1.jar:6.2.1]
	at org.springframework.beans.factory.support.AbstractAutowireCapableBeanFactory.createBeanInstance(AbstractAutowireCapableBeanFactory.java:1214) ~[spring-beans-6.2.1.jar:6.2.1]
	at org.springframework.beans.factory.support.AbstractAutowireCapableBeanFactory.doCreateBean(AbstractAutowireCapableBeanFactory.java:563) ~[spring-beans-6.2.1.jar:6.2.1]
	at org.springframework.beans.factory.support.AbstractAutowireCapableBeanFactory.createBean(AbstractAutowireCapableBeanFactory.java:523) ~[spring-beans-6.2.1.jar:6.2.1]
	at org.springframework.beans.factory.support.AbstractBeanFactory.lambda$doGetBean$0(AbstractBeanFactory.java:336) ~[spring-beans-6.2.1.jar:6.2.1]
	at org.springframework.beans.factory.support.DefaultSingletonBeanRegistry.getSingleton(DefaultSingletonBeanRegistry.java:289) ~[spring-beans-6.2.1.jar:6.2.1]
	at org.springframework.beans.factory.support.AbstractBeanFactory.doGetBean(AbstractBeanFactory.java:334) ~[spring-beans-6.2.1.jar:6.2.1]
	at org.springframework.beans.factory.support.AbstractBeanFactory.getBean(AbstractBeanFactory.java:224) ~[spring-beans-6.2.1.jar:6.2.1]
	at org.springframework.beans.factory.support.DefaultListableBeanFactory.resolveNamedBean(DefaultListableBeanFactory.java:1489) ~[spring-beans-6.2.1.jar:6.2.1]
	at org.springframework.beans.factory.support.DefaultListableBeanFactory.resolveNamedBean(DefaultListableBeanFactory.java:1450) ~[spring-beans-6.2.1.jar:6.2.1]
	at org.springframework.beans.factory.support.DefaultListableBeanFactory.resolveBean(DefaultListableBeanFactory.java:516) ~[spring-beans-6.2.1.jar:6.2.1]
	at org.springframework.beans.factory.support.DefaultListableBeanFactory$1.getIfUnique(DefaultListableBeanFactory.java:468) ~[spring-beans-6.2.1.jar:6.2.1]
	at org.springframework.security.config.annotation.web.builders.WebSecurity.setApplicationContext(WebSecurity.java:428) ~[spring-security-config-6.4.2.jar:6.4.2]
	at org.springframework.context.support.ApplicationContextAwareProcessor.invokeAwareInterfaces(ApplicationContextAwareProcessor.java:110) ~[spring-context-6.2.1.jar:6.2.1]
	at org.springframework.context.support.ApplicationContextAwareProcessor.postProcessBeforeInitialization(ApplicationContextAwareProcessor.java:85) ~[spring-context-6.2.1.jar:6.2.1]
	at org.springframework.beans.factory.support.AbstractAutowireCapableBeanFactory.applyBeanPostProcessorsBeforeInitialization(AbstractAutowireCapableBeanFactory.java:423) ~[spring-beans-6.2.1.jar:6.2.1]
	at org.springframework.beans.factory.support.AbstractAutowireCapableBeanFactory.initializeBean(AbstractAutowireCapableBeanFactory.java:1800) ~[spring-beans-6.2.1.jar:6.2.1]
	at org.springframework.beans.factory.support.AbstractAutowireCapableBeanFactory.initializeBean(AbstractAutowireCapableBeanFactory.java:413) ~[spring-beans-6.2.1.jar:6.2.1]
	at org.springframework.security.config.annotation.configuration.AutowireBeanFactoryObjectPostProcessor.initializeBeanIfNeeded(AutowireBeanFactoryObjectPostProcessor.java:98) ~[spring-security-config-6.4.2.jar:6.4.2]
	at org.springframework.security.config.annotation.configuration.AutowireBeanFactoryObjectPostProcessor.postProcess(AutowireBeanFactoryObjectPostProcessor.java:67) ~[spring-security-config-6.4.2.jar:6.4.2]
	at org.springframework.security.config.annotation.web.configuration.WebSecurityConfiguration.setFilterChainProxySecurityConfigurer(WebSecurityConfiguration.java:145) ~[spring-security-config-6.4.2.jar:6.4.2]
	at java.base/jdk.internal.reflect.DirectMethodHandleAccessor.invoke(DirectMethodHandleAccessor.java:103) ~[?:?]
	at java.base/java.lang.reflect.Method.invoke(Method.java:580) ~[?:?]
	at org.springframework.beans.factory.annotation.AutowiredAnnotationBeanPostProcessor$AutowiredMethodElement.inject(AutowiredAnnotationBeanPostProcessor.java:854) ~[spring-beans-6.2.1.jar:6.2.1]
	at org.springframework.beans.factory.annotation.InjectionMetadata.inject(InjectionMetadata.java:146) ~[spring-beans-6.2.1.jar:6.2.1]
	at org.springframework.beans.factory.annotation.AutowiredAnnotationBeanPostProcessor.postProcessProperties(AutowiredAnnotationBeanPostProcessor.java:509) ~[spring-beans-6.2.1.jar:6.2.1]
	... 19 more
Caused by: java.lang.IllegalStateException: Ambiguous mapping. Cannot map 'productController' method 
com.ibrahim.bakkalApp.controller.ProductController#productManagement(Model)
to {GET [/admin/products]}: There is already 'adminController' bean method
com.ibrahim.bakkalApp.controller.AdminController#productsRedirect() mapped.
	at org.springframework.web.servlet.handler.AbstractHandlerMethodMapping$MappingRegistry.validateMethodMapping(AbstractHandlerMethodMapping.java:675) ~[spring-webmvc-6.2.1.jar:6.2.1]
	at org.springframework.web.servlet.handler.AbstractHandlerMethodMapping$MappingRegistry.register(AbstractHandlerMethodMapping.java:637) ~[spring-webmvc-6.2.1.jar:6.2.1]
	at org.springframework.web.servlet.handler.AbstractHandlerMethodMapping.registerHandlerMethod(AbstractHandlerMethodMapping.java:331) ~[spring-webmvc-6.2.1.jar:6.2.1]
	at org.springframework.web.servlet.mvc.method.annotation.RequestMappingHandlerMapping.registerHandlerMethod(RequestMappingHandlerMapping.java:509) ~[spring-webmvc-6.2.1.jar:6.2.1]
	at org.springframework.web.servlet.mvc.method.annotation.RequestMappingHandlerMapping.registerHandlerMethod(RequestMappingHandlerMapping.java:84) ~[spring-webmvc-6.2.1.jar:6.2.1]
	at org.springframework.web.servlet.handler.AbstractHandlerMethodMapping.lambda$detectHandlerMethods$2(AbstractHandlerMethodMapping.java:298) ~[spring-webmvc-6.2.1.jar:6.2.1]
	at java.base/java.util.LinkedHashMap.forEach(LinkedHashMap.java:987) ~[?:?]
	at org.springframework.web.servlet.handler.AbstractHandlerMethodMapping.detectHandlerMethods(AbstractHandlerMethodMapping.java:296) ~[spring-webmvc-6.2.1.jar:6.2.1]
	at org.springframework.web.servlet.handler.AbstractHandlerMethodMapping.processCandidateBean(AbstractHandlerMethodMapping.java:265) ~[spring-webmvc-6.2.1.jar:6.2.1]
	at org.springframework.web.servlet.handler.AbstractHandlerMethodMapping.initHandlerMethods(AbstractHandlerMethodMapping.java:224) ~[spring-webmvc-6.2.1.jar:6.2.1]
	at org.springframework.web.servlet.handler.AbstractHandlerMethodMapping.afterPropertiesSet(AbstractHandlerMethodMapping.java:212) ~[spring-webmvc-6.2.1.jar:6.2.1]
	at org.springframework.web.servlet.mvc.method.annotation.RequestMappingHandlerMapping.afterPropertiesSet(RequestMappingHandlerMapping.java:239) ~[spring-webmvc-6.2.1.jar:6.2.1]
	at org.springframework.beans.factory.support.AbstractAutowireCapableBeanFactory.invokeInitMethods(AbstractAutowireCapableBeanFactory.java:1855) ~[spring-beans-6.2.1.jar:6.2.1]
	at org.springframework.beans.factory.support.AbstractAutowireCapableBeanFactory.initializeBean(AbstractAutowireCapableBeanFactory.java:1804) ~[spring-beans-6.2.1.jar:6.2.1]
	at org.springframework.beans.factory.support.AbstractAutowireCapableBeanFactory.doCreateBean(AbstractAutowireCapableBeanFactory.java:601) ~[spring-beans-6.2.1.jar:6.2.1]
	at org.springframework.beans.factory.support.AbstractAutowireCapableBeanFactory.createBean(AbstractAutowireCapableBeanFactory.java:523) ~[spring-beans-6.2.1.jar:6.2.1]
	at org.springframework.beans.factory.support.AbstractBeanFactory.lambda$doGetBean$0(AbstractBeanFactory.java:336) ~[spring-beans-6.2.1.jar:6.2.1]
	at org.springframework.beans.factory.support.DefaultSingletonBeanRegistry.getSingleton(DefaultSingletonBeanRegistry.java:289) ~[spring-beans-6.2.1.jar:6.2.1]
	at org.springframework.beans.factory.support.AbstractBeanFactory.doGetBean(AbstractBeanFactory.java:334) ~[spring-beans-6.2.1.jar:6.2.1]
	at org.springframework.beans.factory.support.AbstractBeanFactory.getBean(AbstractBeanFactory.java:199) ~[spring-beans-6.2.1.jar:6.2.1]
	at org.springframework.beans.factory.support.DefaultListableBeanFactory.getBeansOfType(DefaultListableBeanFactory.java:695) ~[spring-beans-6.2.1.jar:6.2.1]
	at org.springframework.context.support.AbstractApplicationContext.getBeansOfType(AbstractApplicationContext.java:1426) ~[spring-context-6.2.1.jar:6.2.1]
	at org.springframework.beans.factory.BeanFactoryUtils.beansOfTypeIncludingAncestors(BeanFactoryUtils.java:368) ~[spring-beans-6.2.1.jar:6.2.1]
	at org.springframework.web.servlet.handler.HandlerMappingIntrospector.initHandlerMappings(HandlerMappingIntrospector.java:135) ~[spring-webmvc-6.2.1.jar:6.2.1]
	at org.springframework.web.servlet.handler.HandlerMappingIntrospector.afterPropertiesSet(HandlerMappingIntrospector.java:123) ~[spring-webmvc-6.2.1.jar:6.2.1]
	at org.springframework.beans.factory.support.AbstractAutowireCapableBeanFactory.invokeInitMethods(AbstractAutowireCapableBeanFactory.java:1855) ~[spring-beans-6.2.1.jar:6.2.1]
	at org.springframework.beans.factory.support.AbstractAutowireCapableBeanFactory.initializeBean(AbstractAutowireCapableBeanFactory.java:1804) ~[spring-beans-6.2.1.jar:6.2.1]
	at org.springframework.beans.factory.support.AbstractAutowireCapableBeanFactory.doCreateBean(AbstractAutowireCapableBeanFactory.java:601) ~[spring-beans-6.2.1.jar:6.2.1]
	at org.springframework.beans.factory.support.AbstractAutowireCapableBeanFactory.createBean(AbstractAutowireCapableBeanFactory.java:523) ~[spring-beans-6.2.1.jar:6.2.1]
	at org.springframework.beans.factory.support.AbstractBeanFactory.lambda$doGetBean$0(AbstractBeanFactory.java:336) ~[spring-beans-6.2.1.jar:6.2.1]
	at org.springframework.beans.factory.support.DefaultSingletonBeanRegistry.getSingleton(DefaultSingletonBeanRegistry.java:289) ~[spring-beans-6.2.1.jar:6.2.1]
	at org.springframework.beans.factory.support.AbstractBeanFactory.doGetBean(AbstractBeanFactory.java:334) ~[spring-beans-6.2.1.jar:6.2.1]
	at org.springframework.beans.factory.support.AbstractBeanFactory.getBean(AbstractBeanFactory.java:199) ~[spring-beans-6.2.1.jar:6.2.1]
	at org.springframework.beans.factory.support.BeanDefinitionValueResolver.resolveReference(BeanDefinitionValueResolver.java:365) ~[spring-beans-6.2.1.jar:6.2.1]
	at org.springframework.beans.factory.support.BeanDefinitionValueResolver.resolveValueIfNecessary(BeanDefinitionValueResolver.java:135) ~[spring-beans-6.2.1.jar:6.2.1]
	at org.springframework.beans.factory.support.ConstructorResolver.resolveConstructorArguments(ConstructorResolver.java:691) ~[spring-beans-6.2.1.jar:6.2.1]
	at org.springframework.beans.factory.support.ConstructorResolver.autowireConstructor(ConstructorResolver.java:206) ~[spring-beans-6.2.1.jar:6.2.1]
	at org.springframework.beans.factory.support.AbstractAutowireCapableBeanFactory.autowireConstructor(AbstractAutowireCapableBeanFactory.java:1377) ~[spring-beans-6.2.1.jar:6.2.1]
	at org.springframework.beans.factory.support.AbstractAutowireCapableBeanFactory.createBeanInstance(AbstractAutowireCapableBeanFactory.java:1214) ~[spring-beans-6.2.1.jar:6.2.1]
	at org.springframework.beans.factory.support.AbstractAutowireCapableBeanFactory.doCreateBean(AbstractAutowireCapableBeanFactory.java:563) ~[spring-beans-6.2.1.jar:6.2.1]
	at org.springframework.beans.factory.support.AbstractAutowireCapableBeanFactory.createBean(AbstractAutowireCapableBeanFactory.java:523) ~[spring-beans-6.2.1.jar:6.2.1]
	at org.springframework.beans.factory.support.AbstractBeanFactory.lambda$doGetBean$0(AbstractBeanFactory.java:336) ~[spring-beans-6.2.1.jar:6.2.1]
	at org.springframework.beans.factory.support.DefaultSingletonBeanRegistry.getSingleton(DefaultSingletonBeanRegistry.java:289) ~[spring-beans-6.2.1.jar:6.2.1]
	at org.springframework.beans.factory.support.AbstractBeanFactory.doGetBean(AbstractBeanFactory.java:334) ~[spring-beans-6.2.1.jar:6.2.1]
	at org.springframework.beans.factory.support.AbstractBeanFactory.getBean(AbstractBeanFactory.java:224) ~[spring-beans-6.2.1.jar:6.2.1]
	at org.springframework.beans.factory.support.DefaultListableBeanFactory.resolveNamedBean(DefaultListableBeanFactory.java:1489) ~[spring-beans-6.2.1.jar:6.2.1]
	at org.springframework.beans.factory.support.DefaultListableBeanFactory.resolveNamedBean(DefaultListableBeanFactory.java:1450) ~[spring-beans-6.2.1.jar:6.2.1]
	at org.springframework.beans.factory.support.DefaultListableBeanFactory.resolveBean(DefaultListableBeanFactory.java:516) ~[spring-beans-6.2.1.jar:6.2.1]
	at org.springframework.beans.factory.support.DefaultListableBeanFactory$1.getIfUnique(DefaultListableBeanFactory.java:468) ~[spring-beans-6.2.1.jar:6.2.1]
	at org.springframework.security.config.annotation.web.builders.WebSecurity.setApplicationContext(WebSecurity.java:428) ~[spring-security-config-6.4.2.jar:6.4.2]
	at org.springframework.context.support.ApplicationContextAwareProcessor.invokeAwareInterfaces(ApplicationContextAwareProcessor.java:110) ~[spring-context-6.2.1.jar:6.2.1]
	at org.springframework.context.support.ApplicationContextAwareProcessor.postProcessBeforeInitialization(ApplicationContextAwareProcessor.java:85) ~[spring-context-6.2.1.jar:6.2.1]
	at org.springframework.beans.factory.support.AbstractAutowireCapableBeanFactory.applyBeanPostProcessorsBeforeInitialization(AbstractAutowireCapableBeanFactory.java:423) ~[spring-beans-6.2.1.jar:6.2.1]
	at org.springframework.beans.factory.support.AbstractAutowireCapableBeanFactory.initializeBean(AbstractAutowireCapableBeanFactory.java:1800) ~[spring-beans-6.2.1.jar:6.2.1]
	at org.springframework.beans.factory.support.AbstractAutowireCapableBeanFactory.initializeBean(AbstractAutowireCapableBeanFactory.java:413) ~[spring-beans-6.2.1.jar:6.2.1]
	at org.springframework.security.config.annotation.configuration.AutowireBeanFactoryObjectPostProcessor.initializeBeanIfNeeded(AutowireBeanFactoryObjectPostProcessor.java:98) ~[spring-security-config-6.4.2.jar:6.4.2]
	at org.springframework.security.config.annotation.configuration.AutowireBeanFactoryObjectPostProcessor.postProcess(AutowireBeanFactoryObjectPostProcessor.java:67) ~[spring-security-config-6.4.2.jar:6.4.2]
	at org.springframework.security.config.annotation.web.configuration.WebSecurityConfiguration.setFilterChainProxySecurityConfigurer(WebSecurityConfiguration.java:145) ~[spring-security-config-6.4.2.jar:6.4.2]
	at java.base/jdk.internal.reflect.DirectMethodHandleAccessor.invoke(DirectMethodHandleAccessor.java:103) ~[?:?]
	at java.base/java.lang.reflect.Method.invoke(Method.java:580) ~[?:?]
	at org.springframework.beans.factory.annotation.AutowiredAnnotationBeanPostProcessor$AutowiredMethodElement.inject(AutowiredAnnotationBeanPostProcessor.java:854) ~[spring-beans-6.2.1.jar:6.2.1]
	at org.springframework.beans.factory.annotation.InjectionMetadata.inject(InjectionMetadata.java:146) ~[spring-beans-6.2.1.jar:6.2.1]
	at org.springframework.beans.factory.annotation.AutowiredAnnotationBeanPostProcessor.postProcessProperties(AutowiredAnnotationBeanPostProcessor.java:509) ~[spring-beans-6.2.1.jar:6.2.1]
	... 19 more
2026-02-20 11:43:49.168 [main] INFO  com.ibrahim.bakkalApp.BakkalAppApplication - Starting BakkalAppApplication using Java 23.0.1 with PID 31048 (C:\Users\8063\IdeaProjects\bakkalApp\bakkalApp\target\classes started by 8063 in C:\Users\8063\IdeaProjects\bakkalApp\bakkalApp)
2026-02-20 11:43:49.181 [main] INFO  com.ibrahim.bakkalApp.BakkalAppApplication - No active profile set, falling back to 1 default profile: "default"
2026-02-20 11:43:50.283 [main] INFO  org.springframework.data.repository.config.RepositoryConfigurationDelegate - Bootstrapping Spring Data JPA repositories in DEFAULT mode.
2026-02-20 11:43:50.381 [main] INFO  org.springframework.data.repository.config.RepositoryConfigurationDelegate - Finished Spring Data repository scanning in 72 ms. Found 5 JPA repository interfaces.
2026-02-20 11:43:51.197 [main] INFO  org.springframework.boot.web.embedded.tomcat.TomcatWebServer - Tomcat initialized with port 8085 (http)
2026-02-20 11:43:51.225 [main] INFO  org.apache.coyote.http11.Http11NioProtocol - Initializing ProtocolHandler ["http-nio-8085"]
2026-02-20 11:43:51.227 [main] INFO  org.apache.catalina.core.StandardService - Starting service [Tomcat]
2026-02-20 11:43:51.227 [main] INFO  org.apache.catalina.core.StandardEngine - Starting Servlet engine: [Apache Tomcat/10.1.34]
2026-02-20 11:43:51.341 [main] INFO  org.apache.catalina.core.ContainerBase.[Tomcat].[localhost].[/] - Initializing Spring embedded WebApplicationContext
2026-02-20 11:43:51.343 [main] INFO  org.springframework.boot.web.servlet.context.ServletWebServerApplicationContext - Root WebApplicationContext: initialization completed in 2105 ms
2026-02-20 11:43:52.251 [main] INFO  org.springframework.orm.jpa.persistenceunit.SpringPersistenceUnitInfo - No LoadTimeWeaver setup: ignoring JPA class transformer
2026-02-20 11:43:52.279 [main] INFO  com.zaxxer.hikari.HikariDataSource - HikariPool-1 - Starting...
2026-02-20 11:43:52.510 [main] INFO  com.zaxxer.hikari.pool.HikariPool - HikariPool-1 - Added connection conn0: url=jdbc:h2:file:./data/testdb user=SA
2026-02-20 11:43:52.511 [main] INFO  com.zaxxer.hikari.HikariDataSource - HikariPool-1 - Start completed.
2026-02-20 11:43:52.533 [main] WARN  org.hibernate.orm.deprecation - HHH90000025: H2Dialect does not need to be specified explicitly using 'hibernate.dialect' (remove the property setting and it will be selected by default)
2026-02-20 11:43:53.588 [main] INFO  org.springframework.orm.jpa.LocalContainerEntityManagerFactoryBean - Initialized JPA EntityManagerFactory for persistence unit 'default'
2026-02-20 11:43:54.135 [main] INFO  org.springframework.security.config.annotation.authentication.configuration.InitializeUserDetailsBeanManagerConfigurer$InitializeUserDetailsManagerConfigurer - Global AuthenticationManager configured with UserDetailsService bean with name customUserDetailsService
2026-02-20 11:43:54.283 [main] WARN  org.springframework.boot.web.servlet.context.AnnotationConfigServletWebServerApplicationContext - Exception encountered during context initialization - cancelling refresh attempt: org.springframework.beans.factory.BeanCreationException: Error creating bean with name 'org.springframework.security.config.annotation.web.configuration.WebSecurityConfiguration': Injection of autowired dependencies failed
2026-02-20 11:43:54.284 [main] INFO  org.springframework.orm.jpa.LocalContainerEntityManagerFactoryBean - Closing JPA EntityManagerFactory for persistence unit 'default'
2026-02-20 11:43:54.286 [main] INFO  com.zaxxer.hikari.HikariDataSource - HikariPool-1 - Shutdown initiated...
2026-02-20 11:43:54.292 [main] INFO  com.zaxxer.hikari.HikariDataSource - HikariPool-1 - Shutdown completed.
2026-02-20 11:43:54.294 [main] INFO  org.apache.catalina.core.StandardService - Stopping service [Tomcat]
2026-02-20 11:43:54.308 [main] INFO  org.springframework.boot.autoconfigure.logging.ConditionEvaluationReportLogger - 

Error starting ApplicationContext. To display the condition evaluation report re-run your application with 'debug' enabled.
2026-02-20 11:43:54.325 [main] ERROR org.springframework.boot.SpringApplication - Application run failed
org.springframework.beans.factory.BeanCreationException: Error creating bean with name 'org.springframework.security.config.annotation.web.configuration.WebSecurityConfiguration': Injection of autowired dependencies failed
	at org.springframework.beans.factory.annotation.AutowiredAnnotationBeanPostProcessor.postProcessProperties(AutowiredAnnotationBeanPostProcessor.java:515) ~[spring-beans-6.2.1.jar:6.2.1]
	at org.springframework.beans.factory.support.AbstractAutowireCapableBeanFactory.populateBean(AbstractAutowireCapableBeanFactory.java:1441) ~[spring-beans-6.2.1.jar:6.2.1]
	at org.springframework.beans.factory.support.AbstractAutowireCapableBeanFactory.doCreateBean(AbstractAutowireCapableBeanFactory.java:600) ~[spring-beans-6.2.1.jar:6.2.1]
	at org.springframework.beans.factory.support.AbstractAutowireCapableBeanFactory.createBean(AbstractAutowireCapableBeanFactory.java:523) ~[spring-beans-6.2.1.jar:6.2.1]
	at org.springframework.beans.factory.support.AbstractBeanFactory.lambda$doGetBean$0(AbstractBeanFactory.java:336) ~[spring-beans-6.2.1.jar:6.2.1]
	at org.springframework.beans.factory.support.DefaultSingletonBeanRegistry.getSingleton(DefaultSingletonBeanRegistry.java:289) ~[spring-beans-6.2.1.jar:6.2.1]
	at org.springframework.beans.factory.support.AbstractBeanFactory.doGetBean(AbstractBeanFactory.java:334) ~[spring-beans-6.2.1.jar:6.2.1]
	at org.springframework.beans.factory.support.AbstractBeanFactory.getBean(AbstractBeanFactory.java:199) ~[spring-beans-6.2.1.jar:6.2.1]
	at org.springframework.beans.factory.support.DefaultListableBeanFactory.instantiateSingleton(DefaultListableBeanFactory.java:1122) ~[spring-beans-6.2.1.jar:6.2.1]
	at org.springframework.beans.factory.support.DefaultListableBeanFactory.preInstantiateSingleton(DefaultListableBeanFactory.java:1093) ~[spring-beans-6.2.1.jar:6.2.1]
	at org.springframework.beans.factory.support.DefaultListableBeanFactory.preInstantiateSingletons(DefaultListableBeanFactory.java:1030) ~[spring-beans-6.2.1.jar:6.2.1]
	at org.springframework.context.support.AbstractApplicationContext.finishBeanFactoryInitialization(AbstractApplicationContext.java:987) ~[spring-context-6.2.1.jar:6.2.1]
	at org.springframework.context.support.AbstractApplicationContext.refresh(AbstractApplicationContext.java:627) ~[spring-context-6.2.1.jar:6.2.1]
	at org.springframework.boot.web.servlet.context.ServletWebServerApplicationContext.refresh(ServletWebServerApplicationContext.java:146) ~[spring-boot-3.4.1.jar:3.4.1]
	at org.springframework.boot.SpringApplication.refresh(SpringApplication.java:752) [spring-boot-3.4.1.jar:3.4.1]
	at org.springframework.boot.SpringApplication.refreshContext(SpringApplication.java:439) [spring-boot-3.4.1.jar:3.4.1]
	at org.springframework.boot.SpringApplication.run(SpringApplication.java:318) [spring-boot-3.4.1.jar:3.4.1]
	at org.springframework.boot.SpringApplication.run(SpringApplication.java:1361) [spring-boot-3.4.1.jar:3.4.1]
	at org.springframework.boot.SpringApplication.run(SpringApplication.java:1350) [spring-boot-3.4.1.jar:3.4.1]
	at com.ibrahim.bakkalApp.BakkalAppApplication.main(BakkalAppApplication.java:10) [classes/:?]
Caused by: java.lang.RuntimeException: Could not postProcess org.springframework.security.config.annotation.web.builders.WebSecurity@7e3c5ef1 of type class org.springframework.security.config.annotation.web.builders.WebSecurity
	at org.springframework.security.config.annotation.configuration.AutowireBeanFactoryObjectPostProcessor.postProcess(AutowireBeanFactoryObjectPostProcessor.java:71) ~[spring-security-config-6.4.2.jar:6.4.2]
	at org.springframework.security.config.annotation.web.configuration.WebSecurityConfiguration.setFilterChainProxySecurityConfigurer(WebSecurityConfiguration.java:145) ~[spring-security-config-6.4.2.jar:6.4.2]
	at java.base/jdk.internal.reflect.DirectMethodHandleAccessor.invoke(DirectMethodHandleAccessor.java:103) ~[?:?]
	at java.base/java.lang.reflect.Method.invoke(Method.java:580) ~[?:?]
	at org.springframework.beans.factory.annotation.AutowiredAnnotationBeanPostProcessor$AutowiredMethodElement.inject(AutowiredAnnotationBeanPostProcessor.java:854) ~[spring-beans-6.2.1.jar:6.2.1]
	at org.springframework.beans.factory.annotation.InjectionMetadata.inject(InjectionMetadata.java:146) ~[spring-beans-6.2.1.jar:6.2.1]
	at org.springframework.beans.factory.annotation.AutowiredAnnotationBeanPostProcessor.postProcessProperties(AutowiredAnnotationBeanPostProcessor.java:509) ~[spring-beans-6.2.1.jar:6.2.1]
	... 19 more
Caused by: org.springframework.beans.factory.BeanCreationException: Error creating bean with name 'mvcHandlerMappingIntrospectorRequestTransformer': Cannot resolve reference to bean 'mvcHandlerMappingIntrospector' while setting constructor argument
	at org.springframework.beans.factory.support.BeanDefinitionValueResolver.resolveReference(BeanDefinitionValueResolver.java:377) ~[spring-beans-6.2.1.jar:6.2.1]
	at org.springframework.beans.factory.support.BeanDefinitionValueResolver.resolveValueIfNecessary(BeanDefinitionValueResolver.java:135) ~[spring-beans-6.2.1.jar:6.2.1]
	at org.springframework.beans.factory.support.ConstructorResolver.resolveConstructorArguments(ConstructorResolver.java:691) ~[spring-beans-6.2.1.jar:6.2.1]
	at org.springframework.beans.factory.support.ConstructorResolver.autowireConstructor(ConstructorResolver.java:206) ~[spring-beans-6.2.1.jar:6.2.1]
	at org.springframework.beans.factory.support.AbstractAutowireCapableBeanFactory.autowireConstructor(AbstractAutowireCapableBeanFactory.java:1377) ~[spring-beans-6.2.1.jar:6.2.1]
	at org.springframework.beans.factory.support.AbstractAutowireCapableBeanFactory.createBeanInstance(AbstractAutowireCapableBeanFactory.java:1214) ~[spring-beans-6.2.1.jar:6.2.1]
	at org.springframework.beans.factory.support.AbstractAutowireCapableBeanFactory.doCreateBean(AbstractAutowireCapableBeanFactory.java:563) ~[spring-beans-6.2.1.jar:6.2.1]
	at org.springframework.beans.factory.support.AbstractAutowireCapableBeanFactory.createBean(AbstractAutowireCapableBeanFactory.java:523) ~[spring-beans-6.2.1.jar:6.2.1]
	at org.springframework.beans.factory.support.AbstractBeanFactory.lambda$doGetBean$0(AbstractBeanFactory.java:336) ~[spring-beans-6.2.1.jar:6.2.1]
	at org.springframework.beans.factory.support.DefaultSingletonBeanRegistry.getSingleton(DefaultSingletonBeanRegistry.java:289) ~[spring-beans-6.2.1.jar:6.2.1]
	at org.springframework.beans.factory.support.AbstractBeanFactory.doGetBean(AbstractBeanFactory.java:334) ~[spring-beans-6.2.1.jar:6.2.1]
	at org.springframework.beans.factory.support.AbstractBeanFactory.getBean(AbstractBeanFactory.java:224) ~[spring-beans-6.2.1.jar:6.2.1]
	at org.springframework.beans.factory.support.DefaultListableBeanFactory.resolveNamedBean(DefaultListableBeanFactory.java:1489) ~[spring-beans-6.2.1.jar:6.2.1]
	at org.springframework.beans.factory.support.DefaultListableBeanFactory.resolveNamedBean(DefaultListableBeanFactory.java:1450) ~[spring-beans-6.2.1.jar:6.2.1]
	at org.springframework.beans.factory.support.DefaultListableBeanFactory.resolveBean(DefaultListableBeanFactory.java:516) ~[spring-beans-6.2.1.jar:6.2.1]
	at org.springframework.beans.factory.support.DefaultListableBeanFactory$1.getIfUnique(DefaultListableBeanFactory.java:468) ~[spring-beans-6.2.1.jar:6.2.1]
	at org.springframework.security.config.annotation.web.builders.WebSecurity.setApplicationContext(WebSecurity.java:428) ~[spring-security-config-6.4.2.jar:6.4.2]
	at org.springframework.context.support.ApplicationContextAwareProcessor.invokeAwareInterfaces(ApplicationContextAwareProcessor.java:110) ~[spring-context-6.2.1.jar:6.2.1]
	at org.springframework.context.support.ApplicationContextAwareProcessor.postProcessBeforeInitialization(ApplicationContextAwareProcessor.java:85) ~[spring-context-6.2.1.jar:6.2.1]
	at org.springframework.beans.factory.support.AbstractAutowireCapableBeanFactory.applyBeanPostProcessorsBeforeInitialization(AbstractAutowireCapableBeanFactory.java:423) ~[spring-beans-6.2.1.jar:6.2.1]
	at org.springframework.beans.factory.support.AbstractAutowireCapableBeanFactory.initializeBean(AbstractAutowireCapableBeanFactory.java:1800) ~[spring-beans-6.2.1.jar:6.2.1]
	at org.springframework.beans.factory.support.AbstractAutowireCapableBeanFactory.initializeBean(AbstractAutowireCapableBeanFactory.java:413) ~[spring-beans-6.2.1.jar:6.2.1]
	at org.springframework.security.config.annotation.configuration.AutowireBeanFactoryObjectPostProcessor.initializeBeanIfNeeded(AutowireBeanFactoryObjectPostProcessor.java:98) ~[spring-security-config-6.4.2.jar:6.4.2]
	at org.springframework.security.config.annotation.configuration.AutowireBeanFactoryObjectPostProcessor.postProcess(AutowireBeanFactoryObjectPostProcessor.java:67) ~[spring-security-config-6.4.2.jar:6.4.2]
	at org.springframework.security.config.annotation.web.configuration.WebSecurityConfiguration.setFilterChainProxySecurityConfigurer(WebSecurityConfiguration.java:145) ~[spring-security-config-6.4.2.jar:6.4.2]
	at java.base/jdk.internal.reflect.DirectMethodHandleAccessor.invoke(DirectMethodHandleAccessor.java:103) ~[?:?]
	at java.base/java.lang.reflect.Method.invoke(Method.java:580) ~[?:?]
	at org.springframework.beans.factory.annotation.AutowiredAnnotationBeanPostProcessor$AutowiredMethodElement.inject(AutowiredAnnotationBeanPostProcessor.java:854) ~[spring-beans-6.2.1.jar:6.2.1]
	at org.springframework.beans.factory.annotation.InjectionMetadata.inject(InjectionMetadata.java:146) ~[spring-beans-6.2.1.jar:6.2.1]
	at org.springframework.beans.factory.annotation.AutowiredAnnotationBeanPostProcessor.postProcessProperties(AutowiredAnnotationBeanPostProcessor.java:509) ~[spring-beans-6.2.1.jar:6.2.1]
	... 19 more
Caused by: org.springframework.beans.factory.BeanCreationException: Error creating bean with name 'mvcHandlerMappingIntrospector' defined in class path resource [org/springframework/boot/autoconfigure/web/servlet/WebMvcAutoConfiguration$EnableWebMvcConfiguration.class]: Error creating bean with name 'requestMappingHandlerMapping' defined in class path resource [org/springframework/boot/autoconfigure/web/servlet/WebMvcAutoConfiguration$EnableWebMvcConfiguration.class]: Ambiguous mapping. Cannot map 'productController' method 
com.ibrahim.bakkalApp.controller.ProductController#productManagement(Model)
to {GET [/admin/products]}: There is already 'adminController' bean method
com.ibrahim.bakkalApp.controller.AdminController#productsRedirect() mapped.
	at org.springframework.beans.factory.support.AbstractAutowireCapableBeanFactory.initializeBean(AbstractAutowireCapableBeanFactory.java:1808) ~[spring-beans-6.2.1.jar:6.2.1]
	at org.springframework.beans.factory.support.AbstractAutowireCapableBeanFactory.doCreateBean(AbstractAutowireCapableBeanFactory.java:601) ~[spring-beans-6.2.1.jar:6.2.1]
	at org.springframework.beans.factory.support.AbstractAutowireCapableBeanFactory.createBean(AbstractAutowireCapableBeanFactory.java:523) ~[spring-beans-6.2.1.jar:6.2.1]
	at org.springframework.beans.factory.support.AbstractBeanFactory.lambda$doGetBean$0(AbstractBeanFactory.java:336) ~[spring-beans-6.2.1.jar:6.2.1]
	at org.springframework.beans.factory.support.DefaultSingletonBeanRegistry.getSingleton(DefaultSingletonBeanRegistry.java:289) ~[spring-beans-6.2.1.jar:6.2.1]
	at org.springframework.beans.factory.support.AbstractBeanFactory.doGetBean(AbstractBeanFactory.java:334) ~[spring-beans-6.2.1.jar:6.2.1]
	at org.springframework.beans.factory.support.AbstractBeanFactory.getBean(AbstractBeanFactory.java:199) ~[spring-beans-6.2.1.jar:6.2.1]
	at org.springframework.beans.factory.support.BeanDefinitionValueResolver.resolveReference(BeanDefinitionValueResolver.java:365) ~[spring-beans-6.2.1.jar:6.2.1]
	at org.springframework.beans.factory.support.BeanDefinitionValueResolver.resolveValueIfNecessary(BeanDefinitionValueResolver.java:135) ~[spring-beans-6.2.1.jar:6.2.1]
	at org.springframework.beans.factory.support.ConstructorResolver.resolveConstructorArguments(ConstructorResolver.java:691) ~[spring-beans-6.2.1.jar:6.2.1]
	at org.springframework.beans.factory.support.ConstructorResolver.autowireConstructor(ConstructorResolver.java:206) ~[spring-beans-6.2.1.jar:6.2.1]
	at org.springframework.beans.factory.support.AbstractAutowireCapableBeanFactory.autowireConstructor(AbstractAutowireCapableBeanFactory.java:1377) ~[spring-beans-6.2.1.jar:6.2.1]
	at org.springframework.beans.factory.support.AbstractAutowireCapableBeanFactory.createBeanInstance(AbstractAutowireCapableBeanFactory.java:1214) ~[spring-beans-6.2.1.jar:6.2.1]
	at org.springframework.beans.factory.support.AbstractAutowireCapableBeanFactory.doCreateBean(AbstractAutowireCapableBeanFactory.java:563) ~[spring-beans-6.2.1.jar:6.2.1]
	at org.springframework.beans.factory.support.AbstractAutowireCapableBeanFactory.createBean(AbstractAutowireCapableBeanFactory.java:523) ~[spring-beans-6.2.1.jar:6.2.1]
	at org.springframework.beans.factory.support.AbstractBeanFactory.lambda$doGetBean$0(AbstractBeanFactory.java:336) ~[spring-beans-6.2.1.jar:6.2.1]
	at org.springframework.beans.factory.support.DefaultSingletonBeanRegistry.getSingleton(DefaultSingletonBeanRegistry.java:289) ~[spring-beans-6.2.1.jar:6.2.1]
	at org.springframework.beans.factory.support.AbstractBeanFactory.doGetBean(AbstractBeanFactory.java:334) ~[spring-beans-6.2.1.jar:6.2.1]
	at org.springframework.beans.factory.support.AbstractBeanFactory.getBean(AbstractBeanFactory.java:224) ~[spring-beans-6.2.1.jar:6.2.1]
	at org.springframework.beans.factory.support.DefaultListableBeanFactory.resolveNamedBean(DefaultListableBeanFactory.java:1489) ~[spring-beans-6.2.1.jar:6.2.1]
	at org.springframework.beans.factory.support.DefaultListableBeanFactory.resolveNamedBean(DefaultListableBeanFactory.java:1450) ~[spring-beans-6.2.1.jar:6.2.1]
	at org.springframework.beans.factory.support.DefaultListableBeanFactory.resolveBean(DefaultListableBeanFactory.java:516) ~[spring-beans-6.2.1.jar:6.2.1]
	at org.springframework.beans.factory.support.DefaultListableBeanFactory$1.getIfUnique(DefaultListableBeanFactory.java:468) ~[spring-beans-6.2.1.jar:6.2.1]
	at org.springframework.security.config.annotation.web.builders.WebSecurity.setApplicationContext(WebSecurity.java:428) ~[spring-security-config-6.4.2.jar:6.4.2]
	at org.springframework.context.support.ApplicationContextAwareProcessor.invokeAwareInterfaces(ApplicationContextAwareProcessor.java:110) ~[spring-context-6.2.1.jar:6.2.1]
	at org.springframework.context.support.ApplicationContextAwareProcessor.postProcessBeforeInitialization(ApplicationContextAwareProcessor.java:85) ~[spring-context-6.2.1.jar:6.2.1]
	at org.springframework.beans.factory.support.AbstractAutowireCapableBeanFactory.applyBeanPostProcessorsBeforeInitialization(AbstractAutowireCapableBeanFactory.java:423) ~[spring-beans-6.2.1.jar:6.2.1]
	at org.springframework.beans.factory.support.AbstractAutowireCapableBeanFactory.initializeBean(AbstractAutowireCapableBeanFactory.java:1800) ~[spring-beans-6.2.1.jar:6.2.1]
	at org.springframework.beans.factory.support.AbstractAutowireCapableBeanFactory.initializeBean(AbstractAutowireCapableBeanFactory.java:413) ~[spring-beans-6.2.1.jar:6.2.1]
	at org.springframework.security.config.annotation.configuration.AutowireBeanFactoryObjectPostProcessor.initializeBeanIfNeeded(AutowireBeanFactoryObjectPostProcessor.java:98) ~[spring-security-config-6.4.2.jar:6.4.2]
	at org.springframework.security.config.annotation.configuration.AutowireBeanFactoryObjectPostProcessor.postProcess(AutowireBeanFactoryObjectPostProcessor.java:67) ~[spring-security-config-6.4.2.jar:6.4.2]
	at org.springframework.security.config.annotation.web.configuration.WebSecurityConfiguration.setFilterChainProxySecurityConfigurer(WebSecurityConfiguration.java:145) ~[spring-security-config-6.4.2.jar:6.4.2]
	at java.base/jdk.internal.reflect.DirectMethodHandleAccessor.invoke(DirectMethodHandleAccessor.java:103) ~[?:?]
	at java.base/java.lang.reflect.Method.invoke(Method.java:580) ~[?:?]
	at org.springframework.beans.factory.annotation.AutowiredAnnotationBeanPostProcessor$AutowiredMethodElement.inject(AutowiredAnnotationBeanPostProcessor.java:854) ~[spring-beans-6.2.1.jar:6.2.1]
	at org.springframework.beans.factory.annotation.InjectionMetadata.inject(InjectionMetadata.java:146) ~[spring-beans-6.2.1.jar:6.2.1]
	at org.springframework.beans.factory.annotation.AutowiredAnnotationBeanPostProcessor.postProcessProperties(AutowiredAnnotationBeanPostProcessor.java:509) ~[spring-beans-6.2.1.jar:6.2.1]
	... 19 more
Caused by: org.springframework.beans.factory.BeanCreationException: Error creating bean with name 'requestMappingHandlerMapping' defined in class path resource [org/springframework/boot/autoconfigure/web/servlet/WebMvcAutoConfiguration$EnableWebMvcConfiguration.class]: Ambiguous mapping. Cannot map 'productController' method 
com.ibrahim.bakkalApp.controller.ProductController#productManagement(Model)
to {GET [/admin/products]}: There is already 'adminController' bean method
com.ibrahim.bakkalApp.controller.AdminController#productsRedirect() mapped.
	at org.springframework.beans.factory.support.AbstractAutowireCapableBeanFactory.initializeBean(AbstractAutowireCapableBeanFactory.java:1808) ~[spring-beans-6.2.1.jar:6.2.1]
	at org.springframework.beans.factory.support.AbstractAutowireCapableBeanFactory.doCreateBean(AbstractAutowireCapableBeanFactory.java:601) ~[spring-beans-6.2.1.jar:6.2.1]
	at org.springframework.beans.factory.support.AbstractAutowireCapableBeanFactory.createBean(AbstractAutowireCapableBeanFactory.java:523) ~[spring-beans-6.2.1.jar:6.2.1]
	at org.springframework.beans.factory.support.AbstractBeanFactory.lambda$doGetBean$0(AbstractBeanFactory.java:336) ~[spring-beans-6.2.1.jar:6.2.1]
	at org.springframework.beans.factory.support.DefaultSingletonBeanRegistry.getSingleton(DefaultSingletonBeanRegistry.java:289) ~[spring-beans-6.2.1.jar:6.2.1]
	at org.springframework.beans.factory.support.AbstractBeanFactory.doGetBean(AbstractBeanFactory.java:334) ~[spring-beans-6.2.1.jar:6.2.1]
	at org.springframework.beans.factory.support.AbstractBeanFactory.getBean(AbstractBeanFactory.java:199) ~[spring-beans-6.2.1.jar:6.2.1]
	at org.springframework.beans.factory.support.DefaultListableBeanFactory.getBeansOfType(DefaultListableBeanFactory.java:695) ~[spring-beans-6.2.1.jar:6.2.1]
	at org.springframework.context.support.AbstractApplicationContext.getBeansOfType(AbstractApplicationContext.java:1426) ~[spring-context-6.2.1.jar:6.2.1]
	at org.springframework.beans.factory.BeanFactoryUtils.beansOfTypeIncludingAncestors(BeanFactoryUtils.java:368) ~[spring-beans-6.2.1.jar:6.2.1]
	at org.springframework.web.servlet.handler.HandlerMappingIntrospector.initHandlerMappings(HandlerMappingIntrospector.java:135) ~[spring-webmvc-6.2.1.jar:6.2.1]
	at org.springframework.web.servlet.handler.HandlerMappingIntrospector.afterPropertiesSet(HandlerMappingIntrospector.java:123) ~[spring-webmvc-6.2.1.jar:6.2.1]
	at org.springframework.beans.factory.support.AbstractAutowireCapableBeanFactory.invokeInitMethods(AbstractAutowireCapableBeanFactory.java:1855) ~[spring-beans-6.2.1.jar:6.2.1]
	at org.springframework.beans.factory.support.AbstractAutowireCapableBeanFactory.initializeBean(AbstractAutowireCapableBeanFactory.java:1804) ~[spring-beans-6.2.1.jar:6.2.1]
	at org.springframework.beans.factory.support.AbstractAutowireCapableBeanFactory.doCreateBean(AbstractAutowireCapableBeanFactory.java:601) ~[spring-beans-6.2.1.jar:6.2.1]
	at org.springframework.beans.factory.support.AbstractAutowireCapableBeanFactory.createBean(AbstractAutowireCapableBeanFactory.java:523) ~[spring-beans-6.2.1.jar:6.2.1]
	at org.springframework.beans.factory.support.AbstractBeanFactory.lambda$doGetBean$0(AbstractBeanFactory.java:336) ~[spring-beans-6.2.1.jar:6.2.1]
	at org.springframework.beans.factory.support.DefaultSingletonBeanRegistry.getSingleton(DefaultSingletonBeanRegistry.java:289) ~[spring-beans-6.2.1.jar:6.2.1]
	at org.springframework.beans.factory.support.AbstractBeanFactory.doGetBean(AbstractBeanFactory.java:334) ~[spring-beans-6.2.1.jar:6.2.1]
	at org.springframework.beans.factory.support.AbstractBeanFactory.getBean(AbstractBeanFactory.java:199) ~[spring-beans-6.2.1.jar:6.2.1]
	at org.springframework.beans.factory.support.BeanDefinitionValueResolver.resolveReference(BeanDefinitionValueResolver.java:365) ~[spring-beans-6.2.1.jar:6.2.1]
	at org.springframework.beans.factory.support.BeanDefinitionValueResolver.resolveValueIfNecessary(BeanDefinitionValueResolver.java:135) ~[spring-beans-6.2.1.jar:6.2.1]
	at org.springframework.beans.factory.support.ConstructorResolver.resolveConstructorArguments(ConstructorResolver.java:691) ~[spring-beans-6.2.1.jar:6.2.1]
	at org.springframework.beans.factory.support.ConstructorResolver.autowireConstructor(ConstructorResolver.java:206) ~[spring-beans-6.2.1.jar:6.2.1]
	at org.springframework.beans.factory.support.AbstractAutowireCapableBeanFactory.autowireConstructor(AbstractAutowireCapableBeanFactory.java:1377) ~[spring-beans-6.2.1.jar:6.2.1]
	at org.springframework.beans.factory.support.AbstractAutowireCapableBeanFactory.createBeanInstance(AbstractAutowireCapableBeanFactory.java:1214) ~[spring-beans-6.2.1.jar:6.2.1]
	at org.springframework.beans.factory.support.AbstractAutowireCapableBeanFactory.doCreateBean(AbstractAutowireCapableBeanFactory.java:563) ~[spring-beans-6.2.1.jar:6.2.1]
	at org.springframework.beans.factory.support.AbstractAutowireCapableBeanFactory.createBean(AbstractAutowireCapableBeanFactory.java:523) ~[spring-beans-6.2.1.jar:6.2.1]
	at org.springframework.beans.factory.support.AbstractBeanFactory.lambda$doGetBean$0(AbstractBeanFactory.java:336) ~[spring-beans-6.2.1.jar:6.2.1]
	at org.springframework.beans.factory.support.DefaultSingletonBeanRegistry.getSingleton(DefaultSingletonBeanRegistry.java:289) ~[spring-beans-6.2.1.jar:6.2.1]
	at org.springframework.beans.factory.support.AbstractBeanFactory.doGetBean(AbstractBeanFactory.java:334) ~[spring-beans-6.2.1.jar:6.2.1]
	at org.springframework.beans.factory.support.AbstractBeanFactory.getBean(AbstractBeanFactory.java:224) ~[spring-beans-6.2.1.jar:6.2.1]
	at org.springframework.beans.factory.support.DefaultListableBeanFactory.resolveNamedBean(DefaultListableBeanFactory.java:1489) ~[spring-beans-6.2.1.jar:6.2.1]
	at org.springframework.beans.factory.support.DefaultListableBeanFactory.resolveNamedBean(DefaultListableBeanFactory.java:1450) ~[spring-beans-6.2.1.jar:6.2.1]
	at org.springframework.beans.factory.support.DefaultListableBeanFactory.resolveBean(DefaultListableBeanFactory.java:516) ~[spring-beans-6.2.1.jar:6.2.1]
	at org.springframework.beans.factory.support.DefaultListableBeanFactory$1.getIfUnique(DefaultListableBeanFactory.java:468) ~[spring-beans-6.2.1.jar:6.2.1]
	at org.springframework.security.config.annotation.web.builders.WebSecurity.setApplicationContext(WebSecurity.java:428) ~[spring-security-config-6.4.2.jar:6.4.2]
	at org.springframework.context.support.ApplicationContextAwareProcessor.invokeAwareInterfaces(ApplicationContextAwareProcessor.java:110) ~[spring-context-6.2.1.jar:6.2.1]
	at org.springframework.context.support.ApplicationContextAwareProcessor.postProcessBeforeInitialization(ApplicationContextAwareProcessor.java:85) ~[spring-context-6.2.1.jar:6.2.1]
	at org.springframework.beans.factory.support.AbstractAutowireCapableBeanFactory.applyBeanPostProcessorsBeforeInitialization(AbstractAutowireCapableBeanFactory.java:423) ~[spring-beans-6.2.1.jar:6.2.1]
	at org.springframework.beans.factory.support.AbstractAutowireCapableBeanFactory.initializeBean(AbstractAutowireCapableBeanFactory.java:1800) ~[spring-beans-6.2.1.jar:6.2.1]
	at org.springframework.beans.factory.support.AbstractAutowireCapableBeanFactory.initializeBean(AbstractAutowireCapableBeanFactory.java:413) ~[spring-beans-6.2.1.jar:6.2.1]
	at org.springframework.security.config.annotation.configuration.AutowireBeanFactoryObjectPostProcessor.initializeBeanIfNeeded(AutowireBeanFactoryObjectPostProcessor.java:98) ~[spring-security-config-6.4.2.jar:6.4.2]
	at org.springframework.security.config.annotation.configuration.AutowireBeanFactoryObjectPostProcessor.postProcess(AutowireBeanFactoryObjectPostProcessor.java:67) ~[spring-security-config-6.4.2.jar:6.4.2]
	at org.springframework.security.config.annotation.web.configuration.WebSecurityConfiguration.setFilterChainProxySecurityConfigurer(WebSecurityConfiguration.java:145) ~[spring-security-config-6.4.2.jar:6.4.2]
	at java.base/jdk.internal.reflect.DirectMethodHandleAccessor.invoke(DirectMethodHandleAccessor.java:103) ~[?:?]
	at java.base/java.lang.reflect.Method.invoke(Method.java:580) ~[?:?]
	at org.springframework.beans.factory.annotation.AutowiredAnnotationBeanPostProcessor$AutowiredMethodElement.inject(AutowiredAnnotationBeanPostProcessor.java:854) ~[spring-beans-6.2.1.jar:6.2.1]
	at org.springframework.beans.factory.annotation.InjectionMetadata.inject(InjectionMetadata.java:146) ~[spring-beans-6.2.1.jar:6.2.1]
	at org.springframework.beans.factory.annotation.AutowiredAnnotationBeanPostProcessor.postProcessProperties(AutowiredAnnotationBeanPostProcessor.java:509) ~[spring-beans-6.2.1.jar:6.2.1]
	... 19 more
Caused by: java.lang.IllegalStateException: Ambiguous mapping. Cannot map 'productController' method 
com.ibrahim.bakkalApp.controller.ProductController#productManagement(Model)
to {GET [/admin/products]}: There is already 'adminController' bean method
com.ibrahim.bakkalApp.controller.AdminController#productsRedirect() mapped.
	at org.springframework.web.servlet.handler.AbstractHandlerMethodMapping$MappingRegistry.validateMethodMapping(AbstractHandlerMethodMapping.java:675) ~[spring-webmvc-6.2.1.jar:6.2.1]
	at org.springframework.web.servlet.handler.AbstractHandlerMethodMapping$MappingRegistry.register(AbstractHandlerMethodMapping.java:637) ~[spring-webmvc-6.2.1.jar:6.2.1]
	at org.springframework.web.servlet.handler.AbstractHandlerMethodMapping.registerHandlerMethod(AbstractHandlerMethodMapping.java:331) ~[spring-webmvc-6.2.1.jar:6.2.1]
	at org.springframework.web.servlet.mvc.method.annotation.RequestMappingHandlerMapping.registerHandlerMethod(RequestMappingHandlerMapping.java:509) ~[spring-webmvc-6.2.1.jar:6.2.1]
	at org.springframework.web.servlet.mvc.method.annotation.RequestMappingHandlerMapping.registerHandlerMethod(RequestMappingHandlerMapping.java:84) ~[spring-webmvc-6.2.1.jar:6.2.1]
	at org.springframework.web.servlet.handler.AbstractHandlerMethodMapping.lambda$detectHandlerMethods$2(AbstractHandlerMethodMapping.java:298) ~[spring-webmvc-6.2.1.jar:6.2.1]
	at java.base/java.util.LinkedHashMap.forEach(LinkedHashMap.java:987) ~[?:?]
	at org.springframework.web.servlet.handler.AbstractHandlerMethodMapping.detectHandlerMethods(AbstractHandlerMethodMapping.java:296) ~[spring-webmvc-6.2.1.jar:6.2.1]
	at org.springframework.web.servlet.handler.AbstractHandlerMethodMapping.processCandidateBean(AbstractHandlerMethodMapping.java:265) ~[spring-webmvc-6.2.1.jar:6.2.1]
	at org.springframework.web.servlet.handler.AbstractHandlerMethodMapping.initHandlerMethods(AbstractHandlerMethodMapping.java:224) ~[spring-webmvc-6.2.1.jar:6.2.1]
	at org.springframework.web.servlet.handler.AbstractHandlerMethodMapping.afterPropertiesSet(AbstractHandlerMethodMapping.java:212) ~[spring-webmvc-6.2.1.jar:6.2.1]
	at org.springframework.web.servlet.mvc.method.annotation.RequestMappingHandlerMapping.afterPropertiesSet(RequestMappingHandlerMapping.java:239) ~[spring-webmvc-6.2.1.jar:6.2.1]
	at org.springframework.beans.factory.support.AbstractAutowireCapableBeanFactory.invokeInitMethods(AbstractAutowireCapableBeanFactory.java:1855) ~[spring-beans-6.2.1.jar:6.2.1]
	at org.springframework.beans.factory.support.AbstractAutowireCapableBeanFactory.initializeBean(AbstractAutowireCapableBeanFactory.java:1804) ~[spring-beans-6.2.1.jar:6.2.1]
	at org.springframework.beans.factory.support.AbstractAutowireCapableBeanFactory.doCreateBean(AbstractAutowireCapableBeanFactory.java:601) ~[spring-beans-6.2.1.jar:6.2.1]
	at org.springframework.beans.factory.support.AbstractAutowireCapableBeanFactory.createBean(AbstractAutowireCapableBeanFactory.java:523) ~[spring-beans-6.2.1.jar:6.2.1]
	at org.springframework.beans.factory.support.AbstractBeanFactory.lambda$doGetBean$0(AbstractBeanFactory.java:336) ~[spring-beans-6.2.1.jar:6.2.1]
	at org.springframework.beans.factory.support.DefaultSingletonBeanRegistry.getSingleton(DefaultSingletonBeanRegistry.java:289) ~[spring-beans-6.2.1.jar:6.2.1]
	at org.springframework.beans.factory.support.AbstractBeanFactory.doGetBean(AbstractBeanFactory.java:334) ~[spring-beans-6.2.1.jar:6.2.1]
	at org.springframework.beans.factory.support.AbstractBeanFactory.getBean(AbstractBeanFactory.java:199) ~[spring-beans-6.2.1.jar:6.2.1]
	at org.springframework.beans.factory.support.DefaultListableBeanFactory.getBeansOfType(DefaultListableBeanFactory.java:695) ~[spring-beans-6.2.1.jar:6.2.1]
	at org.springframework.context.support.AbstractApplicationContext.getBeansOfType(AbstractApplicationContext.java:1426) ~[spring-context-6.2.1.jar:6.2.1]
	at org.springframework.beans.factory.BeanFactoryUtils.beansOfTypeIncludingAncestors(BeanFactoryUtils.java:368) ~[spring-beans-6.2.1.jar:6.2.1]
	at org.springframework.web.servlet.handler.HandlerMappingIntrospector.initHandlerMappings(HandlerMappingIntrospector.java:135) ~[spring-webmvc-6.2.1.jar:6.2.1]
	at org.springframework.web.servlet.handler.HandlerMappingIntrospector.afterPropertiesSet(HandlerMappingIntrospector.java:123) ~[spring-webmvc-6.2.1.jar:6.2.1]
	at org.springframework.beans.factory.support.AbstractAutowireCapableBeanFactory.invokeInitMethods(AbstractAutowireCapableBeanFactory.java:1855) ~[spring-beans-6.2.1.jar:6.2.1]
	at org.springframework.beans.factory.support.AbstractAutowireCapableBeanFactory.initializeBean(AbstractAutowireCapableBeanFactory.java:1804) ~[spring-beans-6.2.1.jar:6.2.1]
	at org.springframework.beans.factory.support.AbstractAutowireCapableBeanFactory.doCreateBean(AbstractAutowireCapableBeanFactory.java:601) ~[spring-beans-6.2.1.jar:6.2.1]
	at org.springframework.beans.factory.support.AbstractAutowireCapableBeanFactory.createBean(AbstractAutowireCapableBeanFactory.java:523) ~[spring-beans-6.2.1.jar:6.2.1]
	at org.springframework.beans.factory.support.AbstractBeanFactory.lambda$doGetBean$0(AbstractBeanFactory.java:336) ~[spring-beans-6.2.1.jar:6.2.1]
	at org.springframework.beans.factory.support.DefaultSingletonBeanRegistry.getSingleton(DefaultSingletonBeanRegistry.java:289) ~[spring-beans-6.2.1.jar:6.2.1]
	at org.springframework.beans.factory.support.AbstractBeanFactory.doGetBean(AbstractBeanFactory.java:334) ~[spring-beans-6.2.1.jar:6.2.1]
	at org.springframework.beans.factory.support.AbstractBeanFactory.getBean(AbstractBeanFactory.java:199) ~[spring-beans-6.2.1.jar:6.2.1]
	at org.springframework.beans.factory.support.BeanDefinitionValueResolver.resolveReference(BeanDefinitionValueResolver.java:365) ~[spring-beans-6.2.1.jar:6.2.1]
	at org.springframework.beans.factory.support.BeanDefinitionValueResolver.resolveValueIfNecessary(BeanDefinitionValueResolver.java:135) ~[spring-beans-6.2.1.jar:6.2.1]
	at org.springframework.beans.factory.support.ConstructorResolver.resolveConstructorArguments(ConstructorResolver.java:691) ~[spring-beans-6.2.1.jar:6.2.1]
	at org.springframework.beans.factory.support.ConstructorResolver.autowireConstructor(ConstructorResolver.java:206) ~[spring-beans-6.2.1.jar:6.2.1]
	at org.springframework.beans.factory.support.AbstractAutowireCapableBeanFactory.autowireConstructor(AbstractAutowireCapableBeanFactory.java:1377) ~[spring-beans-6.2.1.jar:6.2.1]
	at org.springframework.beans.factory.support.AbstractAutowireCapableBeanFactory.createBeanInstance(AbstractAutowireCapableBeanFactory.java:1214) ~[spring-beans-6.2.1.jar:6.2.1]
	at org.springframework.beans.factory.support.AbstractAutowireCapableBeanFactory.doCreateBean(AbstractAutowireCapableBeanFactory.java:563) ~[spring-beans-6.2.1.jar:6.2.1]
	at org.springframework.beans.factory.support.AbstractAutowireCapableBeanFactory.createBean(AbstractAutowireCapableBeanFactory.java:523) ~[spring-beans-6.2.1.jar:6.2.1]
	at org.springframework.beans.factory.support.AbstractBeanFactory.lambda$doGetBean$0(AbstractBeanFactory.java:336) ~[spring-beans-6.2.1.jar:6.2.1]
	at org.springframework.beans.factory.support.DefaultSingletonBeanRegistry.getSingleton(DefaultSingletonBeanRegistry.java:289) ~[spring-beans-6.2.1.jar:6.2.1]
	at org.springframework.beans.factory.support.AbstractBeanFactory.doGetBean(AbstractBeanFactory.java:334) ~[spring-beans-6.2.1.jar:6.2.1]
	at org.springframework.beans.factory.support.AbstractBeanFactory.getBean(AbstractBeanFactory.java:224) ~[spring-beans-6.2.1.jar:6.2.1]
	at org.springframework.beans.factory.support.DefaultListableBeanFactory.resolveNamedBean(DefaultListableBeanFactory.java:1489) ~[spring-beans-6.2.1.jar:6.2.1]
	at org.springframework.beans.factory.support.DefaultListableBeanFactory.resolveNamedBean(DefaultListableBeanFactory.java:1450) ~[spring-beans-6.2.1.jar:6.2.1]
	at org.springframework.beans.factory.support.DefaultListableBeanFactory.resolveBean(DefaultListableBeanFactory.java:516) ~[spring-beans-6.2.1.jar:6.2.1]
	at org.springframework.beans.factory.support.DefaultListableBeanFactory$1.getIfUnique(DefaultListableBeanFactory.java:468) ~[spring-beans-6.2.1.jar:6.2.1]
	at org.springframework.security.config.annotation.web.builders.WebSecurity.setApplicationContext(WebSecurity.java:428) ~[spring-security-config-6.4.2.jar:6.4.2]
	at org.springframework.context.support.ApplicationContextAwareProcessor.invokeAwareInterfaces(ApplicationContextAwareProcessor.java:110) ~[spring-context-6.2.1.jar:6.2.1]
	at org.springframework.context.support.ApplicationContextAwareProcessor.postProcessBeforeInitialization(ApplicationContextAwareProcessor.java:85) ~[spring-context-6.2.1.jar:6.2.1]
	at org.springframework.beans.factory.support.AbstractAutowireCapableBeanFactory.applyBeanPostProcessorsBeforeInitialization(AbstractAutowireCapableBeanFactory.java:423) ~[spring-beans-6.2.1.jar:6.2.1]
	at org.springframework.beans.factory.support.AbstractAutowireCapableBeanFactory.initializeBean(AbstractAutowireCapableBeanFactory.java:1800) ~[spring-beans-6.2.1.jar:6.2.1]
	at org.springframework.beans.factory.support.AbstractAutowireCapableBeanFactory.initializeBean(AbstractAutowireCapableBeanFactory.java:413) ~[spring-beans-6.2.1.jar:6.2.1]
	at org.springframework.security.config.annotation.configuration.AutowireBeanFactoryObjectPostProcessor.initializeBeanIfNeeded(AutowireBeanFactoryObjectPostProcessor.java:98) ~[spring-security-config-6.4.2.jar:6.4.2]
	at org.springframework.security.config.annotation.configuration.AutowireBeanFactoryObjectPostProcessor.postProcess(AutowireBeanFactoryObjectPostProcessor.java:67) ~[spring-security-config-6.4.2.jar:6.4.2]
	at org.springframework.security.config.annotation.web.configuration.WebSecurityConfiguration.setFilterChainProxySecurityConfigurer(WebSecurityConfiguration.java:145) ~[spring-security-config-6.4.2.jar:6.4.2]
	at java.base/jdk.internal.reflect.DirectMethodHandleAccessor.invoke(DirectMethodHandleAccessor.java:103) ~[?:?]
	at java.base/java.lang.reflect.Method.invoke(Method.java:580) ~[?:?]
	at org.springframework.beans.factory.annotation.AutowiredAnnotationBeanPostProcessor$AutowiredMethodElement.inject(AutowiredAnnotationBeanPostProcessor.java:854) ~[spring-beans-6.2.1.jar:6.2.1]
	at org.springframework.beans.factory.annotation.InjectionMetadata.inject(InjectionMetadata.java:146) ~[spring-beans-6.2.1.jar:6.2.1]
	at org.springframework.beans.factory.annotation.AutowiredAnnotationBeanPostProcessor.postProcessProperties(AutowiredAnnotationBeanPostProcessor.java:509) ~[spring-beans-6.2.1.jar:6.2.1]
	... 19 more
2026-02-20 11:44:25.007 [main] INFO  com.ibrahim.bakkalApp.BakkalAppApplication - Starting BakkalAppApplication using Java 23.0.1 with PID 11296 (C:\Users\8063\IdeaProjects\bakkalApp\bakkalApp\target\classes started by 8063 in C:\Users\8063\IdeaProjects\bakkalApp\bakkalApp)
2026-02-20 11:44:25.013 [main] INFO  com.ibrahim.bakkalApp.BakkalAppApplication - No active profile set, falling back to 1 default profile: "default"
2026-02-20 11:44:26.432 [main] INFO  org.springframework.data.repository.config.RepositoryConfigurationDelegate - Bootstrapping Spring Data JPA repositories in DEFAULT mode.
2026-02-20 11:44:26.542 [main] INFO  org.springframework.data.repository.config.RepositoryConfigurationDelegate - Finished Spring Data repository scanning in 92 ms. Found 5 JPA repository interfaces.
2026-02-20 11:44:27.681 [main] INFO  org.springframework.boot.web.embedded.tomcat.TomcatWebServer - Tomcat initialized with port 8085 (http)
2026-02-20 11:44:27.720 [main] INFO  org.apache.coyote.http11.Http11NioProtocol - Initializing ProtocolHandler ["http-nio-8085"]
2026-02-20 11:44:27.724 [main] INFO  org.apache.catalina.core.StandardService - Starting service [Tomcat]
2026-02-20 11:44:27.724 [main] INFO  org.apache.catalina.core.StandardEngine - Starting Servlet engine: [Apache Tomcat/10.1.34]
2026-02-20 11:44:27.816 [main] INFO  org.apache.catalina.core.ContainerBase.[Tomcat].[localhost].[/] - Initializing Spring embedded WebApplicationContext
2026-02-20 11:44:27.819 [main] INFO  org.springframework.boot.web.servlet.context.ServletWebServerApplicationContext - Root WebApplicationContext: initialization completed in 2740 ms
2026-02-20 11:44:28.939 [main] INFO  org.springframework.orm.jpa.persistenceunit.SpringPersistenceUnitInfo - No LoadTimeWeaver setup: ignoring JPA class transformer
2026-02-20 11:44:29.008 [main] INFO  com.zaxxer.hikari.HikariDataSource - HikariPool-1 - Starting...
2026-02-20 11:44:29.483 [main] INFO  com.zaxxer.hikari.pool.HikariPool - HikariPool-1 - Added connection conn0: url=jdbc:h2:file:./data/testdb user=SA
2026-02-20 11:44:29.486 [main] INFO  com.zaxxer.hikari.HikariDataSource - HikariPool-1 - Start completed.
2026-02-20 11:44:29.518 [main] WARN  org.hibernate.orm.deprecation - HHH90000025: H2Dialect does not need to be specified explicitly using 'hibernate.dialect' (remove the property setting and it will be selected by default)
2026-02-20 11:44:30.951 [main] INFO  org.springframework.orm.jpa.LocalContainerEntityManagerFactoryBean - Initialized JPA EntityManagerFactory for persistence unit 'default'
2026-02-20 11:44:31.814 [main] INFO  org.springframework.security.config.annotation.authentication.configuration.InitializeUserDetailsBeanManagerConfigurer$InitializeUserDetailsManagerConfigurer - Global AuthenticationManager configured with UserDetailsService bean with name customUserDetailsService
2026-02-20 11:44:32.343 [main] INFO  org.springframework.boot.actuate.endpoint.web.EndpointLinksResolver - Exposing 1 endpoint beneath base path '/actuator'
2026-02-20 11:44:33.099 [main] INFO  org.springframework.boot.autoconfigure.h2.H2ConsoleAutoConfiguration - H2 console available at '/h2-console'. Database available at 'jdbc:h2:file:./data/testdb'
2026-02-20 11:44:33.550 [main] INFO  org.apache.coyote.http11.Http11NioProtocol - Starting ProtocolHandler ["http-nio-8085"]
2026-02-20 11:44:33.611 [main] INFO  org.springframework.boot.web.embedded.tomcat.TomcatWebServer - Tomcat started on port 8085 (http) with context path '/'
2026-02-20 11:44:33.646 [main] INFO  com.ibrahim.bakkalApp.BakkalAppApplication - Started BakkalAppApplication in 9.216 seconds (process running for 10.342)
2026-02-20 11:44:43.566 [http-nio-8085-exec-1] INFO  org.apache.catalina.core.ContainerBase.[Tomcat].[localhost].[/] - Initializing Spring DispatcherServlet 'dispatcherServlet'
2026-02-20 11:44:43.567 [http-nio-8085-exec-1] INFO  org.springframework.web.servlet.DispatcherServlet - Initializing Servlet 'dispatcherServlet'
2026-02-20 11:44:43.570 [http-nio-8085-exec-1] INFO  org.springframework.web.servlet.DispatcherServlet - Completed initialization in 2 ms
